2026-05-20 21:14:05.624 +0700 [debug] (configs.js) loaded default configs as "{"updates":{"manifest_url":"https://cdn.freshdev.io/assets/fdk/updates.json","changelog_url":"https://cdn.freshdev.io/assets/fdk/change-log.json","period":24},"log":{"level":"info"},"javascript":{"ecma_version":2020},"request":{"timeout":15000,"maxFilesPerRequest":5},"global_apps":{"enabled":true},"easel":{"enabled":false},"job":{"timeout":120000}}"
2026-05-20 21:14:05.627 +0700 [debug] (configs.js) loaded global configs as "{"global_apps":{"enabled":"true"},"request":{"timeout":15000},"job":{"timeout":120000}}"
2026-05-20 21:14:05.627 +0700 [debug] (file.js) Error while requiring /Users/kevin/freshdesk-app/.fdk/configs.json: Cannot find module '/Users/kevin/freshdesk-app/.fdk/configs.json'
Require stack:
- /Users/kevin/.nvm/versions/node/v24.11.1/lib/node_modules/@freshworks/fdk/lib/utils/file.js
- /Users/kevin/.nvm/versions/node/v24.11.1/lib/node_modules/@freshworks/fdk/lib/configs.js
- /Users/kevin/.nvm/versions/node/v24.11.1/lib/node_modules/@freshworks/fdk/lib/logger.js
- /Users/kevin/.nvm/versions/node/v24.11.1/lib/node_modules/@freshworks/fdk/index.js
2026-05-20 21:14:05.627 +0700 [debug] (file.js) Error while requiring /Users/kevin/freshdesk-app/.fdk/configs.json: Cannot find module '/Users/kevin/freshdesk-app/.fdk/configs.json'
Require stack:
- /Users/kevin/.nvm/versions/node/v24.11.1/lib/node_modules/@freshworks/fdk/lib/utils/file.js
- /Users/kevin/.nvm/versions/node/v24.11.1/lib/node_modules/@freshworks/fdk/lib/configs.js
- /Users/kevin/.nvm/versions/node/v24.11.1/lib/node_modules/@freshworks/fdk/lib/logger.js
- /Users/kevin/.nvm/versions/node/v24.11.1/lib/node_modules/@freshworks/fdk/index.js
2026-05-20 21:14:05.628 +0700 [debug] (configs.js) loaded local configs as "{}"
2026-05-20 21:14:05.628 +0700 [debug] (configs.js) loaded env configs as "{"updates":{},"log":{},"javascript":{},"request":{"timeout":15000,"maxFilesPerRequest":5},"job":{"timeout":120000}}"
2026-05-20 21:14:05.628 +0700 [debug] (configs.js) loaded resolved configs as "{"updates":{"manifest_url":"https://cdn.freshdev.io/assets/fdk/updates.json","changelog_url":"https://cdn.freshdev.io/assets/fdk/change-log.json","period":24},"log":{"level":"info"},"javascript":{"ecma_version":2020},"request":{"timeout":15000,"maxFilesPerRequest":5},"global_apps":{"enabled":"true"},"easel":{"enabled":false},"job":{"timeout":120000}}"
2026-05-20 21:14:05.628 +0700 [debug] (logger.js) Starting FDK in node v24.11.1 on darwin
2026-05-20 21:14:05.628 +0700 [debug] (sequelize.js) setting up sqilite at "/Users/kevin/freshdesk-app/.fdk/store.sqlite"
2026-05-20 21:14:05.628 +0700 [debug] (data.js) Read {"version_details":{"cli":{"deprecated":{"version":"<9","message":"This FDK version has been deprecated. There will be no further feature updates to this version. For a seamless app-building experience, ensure to move to the latest FDK version. For more information, see https://developers.freshworks.com/docs/app-sdk/v2.3/freshdesk/migration-guide/#migrate-to-the-latest-platform-version."},"forced":{"version":"7.0.0","command":"npm install https://dl.freshdev.io/cli/fdk-7.0.0.tgz -g","message":"Your FDK version has been forced updated to v7.0.0, please visit https://community.developers.freshworks.com/t/fdk-v7-0-announcing-node-js-v12-and-es6-support/3606 to know more"},"latest":{"version":"10.1.2","command":"npm install https://cdn.freshdev.io/fdk/latest-v24.tgz -g","message":"You are on the latest FDK version. For information on the features available as part of this FDK version, see https://developers.freshworks.com/docs/?tab=modules."}},"addon":{"version":"2.2.7","url":"https://cdn.freshdev.io/assets/fdk/addons/addon.zip"}},"last_updated":{"time_stamp":1779285176837}}
2026-05-20 21:14:05.628 +0700 [debug] (updater.js) last check less than 24 hours ago, not looking for updates
2026-05-20 21:14:05.629 +0700 [debug] (index.js) running with opts {}
2026-05-20 21:14:05.630 +0700 [debug] (data.js) Read {"version_details":{"cli":{"deprecated":{"version":"<9","message":"This FDK version has been deprecated. There will be no further feature updates to this version. For a seamless app-building experience, ensure to move to the latest FDK version. For more information, see https://developers.freshworks.com/docs/app-sdk/v2.3/freshdesk/migration-guide/#migrate-to-the-latest-platform-version."},"forced":{"version":"7.0.0","command":"npm install https://dl.freshdev.io/cli/fdk-7.0.0.tgz -g","message":"Your FDK version has been forced updated to v7.0.0, please visit https://community.developers.freshworks.com/t/fdk-v7-0-announcing-node-js-v12-and-es6-support/3606 to know more"},"latest":{"version":"10.1.2","command":"npm install https://cdn.freshdev.io/fdk/latest-v24.tgz -g","message":"You are on the latest FDK version. For information on the features available as part of this FDK version, see https://developers.freshworks.com/docs/?tab=modules."}},"addon":{"version":"2.2.7","url":"https://cdn.freshdev.io/assets/fdk/addons/addon.zip"}},"last_updated":{"time_stamp":1779285176837}}
2026-05-20 21:14:05.636 +0700 [debug] (create.js) 'init' called with /Users/kevin/freshdesk-app, undefined, undefined
2026-05-20 21:15:01.939 +0700 [debug] (create.js) Initializing template "common-starter-template" for "modules".
2026-05-20 21:15:01.959 +0700 [info] A new Global app was successfully created from template "common-starter-template" with the following files.

2026-05-20 21:15:01.964 +0700 [debug] (create.js) Could not display directory tree - tree command may not be installed: spawnSync tree ENOENT
2026-05-20 21:15:49.367 +0700 [debug] (configs.js) loaded default configs as "{"updates":{"manifest_url":"https://cdn.freshdev.io/assets/fdk/updates.json","changelog_url":"https://cdn.freshdev.io/assets/fdk/change-log.json","period":24},"log":{"level":"info"},"javascript":{"ecma_version":2020},"request":{"timeout":15000,"maxFilesPerRequest":5},"global_apps":{"enabled":true},"easel":{"enabled":false},"job":{"timeout":120000}}"
2026-05-20 21:15:49.370 +0700 [debug] (configs.js) loaded global configs as "{"global_apps":{"enabled":"true"},"request":{"timeout":15000},"job":{"timeout":120000}}"
2026-05-20 21:15:49.370 +0700 [debug] (configs.js) loaded local configs as "{"request":{"timeout":15000},"job":{"timeout":120000},"global_apps":{"enabled":"true"}}"
2026-05-20 21:15:49.370 +0700 [debug] (configs.js) loaded env configs as "{"updates":{},"log":{},"javascript":{},"request":{"timeout":15000,"maxFilesPerRequest":5},"job":{"timeout":120000}}"
2026-05-20 21:15:49.370 +0700 [debug] (configs.js) loaded resolved configs as "{"updates":{"manifest_url":"https://cdn.freshdev.io/assets/fdk/updates.json","changelog_url":"https://cdn.freshdev.io/assets/fdk/change-log.json","period":24},"log":{"level":"info"},"javascript":{"ecma_version":2020},"request":{"timeout":15000,"maxFilesPerRequest":5},"global_apps":{"enabled":"true"},"easel":{"enabled":false},"job":{"timeout":120000}}"
2026-05-20 21:15:49.371 +0700 [debug] (logger.js) Starting FDK in node v24.11.1 on darwin
2026-05-20 21:15:49.371 +0700 [debug] (sequelize.js) setting up sqilite at "/Users/kevin/freshdesk-app/.fdk/store.sqlite"
2026-05-20 21:15:49.371 +0700 [debug] (data.js) Read {"version_details":{"cli":{"deprecated":{"version":"<9","message":"This FDK version has been deprecated. There will be no further feature updates to this version. For a seamless app-building experience, ensure to move to the latest FDK version. For more information, see https://developers.freshworks.com/docs/app-sdk/v2.3/freshdesk/migration-guide/#migrate-to-the-latest-platform-version."},"forced":{"version":"7.0.0","command":"npm install https://dl.freshdev.io/cli/fdk-7.0.0.tgz -g","message":"Your FDK version has been forced updated to v7.0.0, please visit https://community.developers.freshworks.com/t/fdk-v7-0-announcing-node-js-v12-and-es6-support/3606 to know more"},"latest":{"version":"10.1.2","command":"npm install https://cdn.freshdev.io/fdk/latest-v24.tgz -g","message":"You are on the latest FDK version. For information on the features available as part of this FDK version, see https://developers.freshworks.com/docs/?tab=modules."}},"addon":{"version":"2.2.7","url":"https://cdn.freshdev.io/assets/fdk/addons/addon.zip"}},"last_updated":{"time_stamp":1779285176837}}
2026-05-20 21:15:49.371 +0700 [debug] (updater.js) last check less than 24 hours ago, not looking for updates
2026-05-20 21:15:49.372 +0700 [debug] (index.js) running with opts {}
2026-05-20 21:15:49.435 +0700 [debug] (data.js) Read {"version_details":{"cli":{"deprecated":{"version":"<9","message":"This FDK version has been deprecated. There will be no further feature updates to this version. For a seamless app-building experience, ensure to move to the latest FDK version. For more information, see https://developers.freshworks.com/docs/app-sdk/v2.3/freshdesk/migration-guide/#migrate-to-the-latest-platform-version."},"forced":{"version":"7.0.0","command":"npm install https://dl.freshdev.io/cli/fdk-7.0.0.tgz -g","message":"Your FDK version has been forced updated to v7.0.0, please visit https://community.developers.freshworks.com/t/fdk-v7-0-announcing-node-js-v12-and-es6-support/3606 to know more"},"latest":{"version":"10.1.2","command":"npm install https://cdn.freshdev.io/fdk/latest-v24.tgz -g","message":"You are on the latest FDK version. For information on the features available as part of this FDK version, see https://developers.freshworks.com/docs/?tab=modules."}},"addon":{"version":"2.2.7","url":"https://cdn.freshdev.io/assets/fdk/addons/addon.zip"}},"last_updated":{"time_stamp":1779285176837}}
2026-05-20 21:15:49.437 +0700 [debug] (manifest.js) Reloading manifest with {"platform-version":"3.0","modules":{"common":{"location":{"full_page_app":{"url":"index.html","icon":"styles/images/icon.svg"}},"requests":{}},"support_ticket":{}},"scripts":{"fdk-unit-test":"vitest run --coverage"},"engines":{"node":"24.11.1","fdk":"10.1.2"}}.
2026-05-20 21:15:49.437 +0700 [debug] (manifest.js) Inferred db as features.
2026-05-20 21:15:49.459 +0700 [debug] (data.js) Read {"version_details":{"cli":{"deprecated":{"version":"<9","message":"This FDK version has been deprecated. There will be no further feature updates to this version. For a seamless app-building experience, ensure to move to the latest FDK version. For more information, see https://developers.freshworks.com/docs/app-sdk/v2.3/freshdesk/migration-guide/#migrate-to-the-latest-platform-version."},"forced":{"version":"7.0.0","command":"npm install https://dl.freshdev.io/cli/fdk-7.0.0.tgz -g","message":"Your FDK version has been forced updated to v7.0.0, please visit https://community.developers.freshworks.com/t/fdk-v7-0-announcing-node-js-v12-and-es6-support/3606 to know more"},"latest":{"version":"10.1.2","command":"npm install https://cdn.freshdev.io/fdk/latest-v24.tgz -g","message":"You are on the latest FDK version. For information on the features available as part of this FDK version, see https://developers.freshworks.com/docs/?tab=modules."}},"addon":{"version":"2.2.7","url":"https://cdn.freshdev.io/assets/fdk/addons/addon.zip"}},"last_updated":{"time_stamp":1779285176837}}
2026-05-20 21:15:49.610 +0700 [debug] (file.js) Error while requiring /Users/kevin/freshdesk-app/.report.json: Cannot find module '/Users/kevin/freshdesk-app/.report.json'
Require stack:
- /Users/kevin/.nvm/versions/node/v24.11.1/lib/node_modules/@freshworks/fdk/lib/utils/file.js
- /Users/kevin/.nvm/versions/node/v24.11.1/lib/node_modules/@freshworks/fdk/lib/configs.js
- /Users/kevin/.nvm/versions/node/v24.11.1/lib/node_modules/@freshworks/fdk/lib/logger.js
- /Users/kevin/.nvm/versions/node/v24.11.1/lib/node_modules/@freshworks/fdk/index.js
2026-05-20 21:15:49.616 +0700 [debug] (coverage.js) INIT: About to merge initial coverage data with 0 files
2026-05-20 21:15:49.616 +0700 [debug] (coverage.js) INIT: After merge - Files in map: 0
2026-05-20 21:15:49.658 +0700 [debug] (index.js) Initializing AJV schemas from individual files
2026-05-20 21:15:49.658 +0700 [debug] (index.js) Compiling schemas...
2026-05-20 21:15:49.666 +0700 [debug] (index.js) All schemas compiled successfully
2026-05-20 21:15:49.695 +0700 [debug] (index.js) loading model at "/Users/kevin/.nvm/versions/node/v24.11.1/lib/node_modules/@freshworks/fdk/lib/models/bigint-pivot.js"
2026-05-20 21:15:49.696 +0700 [debug] (index.js) loading model at "/Users/kevin/.nvm/versions/node/v24.11.1/lib/node_modules/@freshworks/fdk/lib/models/entity-field-choice.js"
2026-05-20 21:15:49.696 +0700 [debug] (index.js) loading model at "/Users/kevin/.nvm/versions/node/v24.11.1/lib/node_modules/@freshworks/fdk/lib/models/entity-field.js"
2026-05-20 21:15:49.697 +0700 [debug] (index.js) loading model at "/Users/kevin/.nvm/versions/node/v24.11.1/lib/node_modules/@freshworks/fdk/lib/models/entity.js"
2026-05-20 21:15:49.697 +0700 [debug] (index.js) loading model at "/Users/kevin/.nvm/versions/node/v24.11.1/lib/node_modules/@freshworks/fdk/lib/models/files.js"
2026-05-20 21:15:49.697 +0700 [debug] (index.js) loading model at "/Users/kevin/.nvm/versions/node/v24.11.1/lib/node_modules/@freshworks/fdk/lib/models/oauth-details.js"
2026-05-20 21:15:49.698 +0700 [debug] (index.js) loading model at "/Users/kevin/.nvm/versions/node/v24.11.1/lib/node_modules/@freshworks/fdk/lib/models/record.js"
2026-05-20 21:15:49.699 +0700 [debug] (index.js) loading model at "/Users/kevin/.nvm/versions/node/v24.11.1/lib/node_modules/@freshworks/fdk/lib/models/string-pivot.js"
2026-05-20 21:15:49.747 +0700 [debug] (index.js) 'schema: ' [object Object]
2026-05-20 21:15:49.754 +0700 [debug] (index.js) 'schema: ' [object Object]
2026-05-20 21:15:49.754 +0700 [debug] (index.js) 'schema: ' [object Object]
2026-05-20 21:15:49.754 +0700 [debug] (index.js) 'schema: ' [object Object]
2026-05-20 21:15:49.756 +0700 [debug] (index.js) 'schema: ' [object Object]
2026-05-20 21:15:49.757 +0700 [debug] (index.js) 'schema: ' [object Object]
2026-05-20 21:15:49.757 +0700 [debug] (index.js) 'schema: ' [object Object]
2026-05-20 21:15:49.760 +0700 [debug] (index.js) 'schema: ' [object Object]
2026-05-20 21:15:49.760 +0700 [debug] (index.js) 'schema: ' [object Object]
2026-05-20 21:15:49.760 +0700 [debug] (index.js) 'schema: ' [object Object]
2026-05-20 21:15:49.763 +0700 [debug] (index.js) 'schema: ' [object Object]
2026-05-20 21:15:49.764 +0700 [debug] (index.js) 'schema: ' [object Object]
2026-05-20 21:15:49.765 +0700 [debug] (index.js) 'schema: ' [object Object]
2026-05-20 21:15:49.766 +0700 [debug] (index.js) 'schema: ' [object Object]
2026-05-20 21:15:49.766 +0700 [debug] (index.js) 'schema: ' [object Object]
2026-05-20 21:15:49.767 +0700 [debug] (index.js) 'schema: ' [object Object]
2026-05-20 21:15:49.768 +0700 [debug] (index.js) 'schema: ' [object Object]
2026-05-20 21:15:49.774 +0700 [debug] (index.js) 'schema: ' [object Object]
2026-05-20 21:15:49.913 +0700 [debug] (data.js) Read {"version_details":{"cli":{"deprecated":{"version":"<9","message":"This FDK version has been deprecated. There will be no further feature updates to this version. For a seamless app-building experience, ensure to move to the latest FDK version. For more information, see https://developers.freshworks.com/docs/app-sdk/v2.3/freshdesk/migration-guide/#migrate-to-the-latest-platform-version."},"forced":{"version":"7.0.0","command":"npm install https://dl.freshdev.io/cli/fdk-7.0.0.tgz -g","message":"Your FDK version has been forced updated to v7.0.0, please visit https://community.developers.freshworks.com/t/fdk-v7-0-announcing-node-js-v12-and-es6-support/3606 to know more"},"latest":{"version":"10.1.2","command":"npm install https://cdn.freshdev.io/fdk/latest-v24.tgz -g","message":"You are on the latest FDK version. For information on the features available as part of this FDK version, see https://developers.freshworks.com/docs/?tab=modules."}},"addon":{"version":"2.2.7","url":"https://cdn.freshdev.io/assets/fdk/addons/addon.zip"}},"last_updated":{"time_stamp":1779285176837}}
2026-05-20 21:15:50.497 +0700 [debug] (validate.js) asked to skip the following validations, 
2026-05-20 21:15:50.497 +0700 [debug] (validate.js) running validator actions
2026-05-20 21:15:50.497 +0700 [debug] (validate.js) running validator requests
2026-05-20 21:15:50.497 +0700 [debug] (validate.js) running validator app-dir
2026-05-20 21:15:50.497 +0700 [debug] (validate.js) running validator config-dir
2026-05-20 21:15:50.497 +0700 [debug] (config-dir.js) Checking to see if /Users/kevin/freshdesk-app/config/ exists.
2026-05-20 21:15:50.497 +0700 [debug] (config-dir.js) Fetched the following config files iparams.json
2026-05-20 21:15:50.497 +0700 [debug] (validate.js) running validator custom-objects
2026-05-20 21:15:50.497 +0700 [debug] (validate.js) running validator event
2026-05-20 21:15:50.497 +0700 [debug] (validate.js) running validator iparam
2026-05-20 21:15:50.498 +0700 [debug] (validate.js) running validator lint
2026-05-20 21:15:50.498 +0700 [debug] (lint.js) passed fix flag: undefined
2026-05-20 21:15:50.499 +0700 [debug] (lint.js) Running the following lints on the file app/scripts/app.js : no-eval,no-alert,no-debugger,no-unreachable,no-duplicate-imports,constructor-super,for-direction,no-class-assign,no-new-native-nonconstructor,valid-typeof,no-eq-null,no-var,require-await,no-unreachable-loop,no-redeclare,no-self-assign,no-setter-return,no-shadow-restricted-names,no-this-before-super,no-unsafe-finally,no-unsafe-optional-chaining,no-unused-vars,no-useless-catch,eqeqeq,prefer-const,require-yield,no-global-assign,no-caller,no-process-env,complexity,max-nested-callbacks,handle-callback-err,getter-return,no-async-promise-executor,no-case-declarations,no-compare-neg-zero,no-cond-assign,no-const-assign,no-constant-condition,no-control-regex,no-delete-var,no-dupe-args,no-dupe-class-members,no-dupe-else-if,no-dupe-keys,no-duplicate-case,no-empty,no-empty-character-class,no-empty-pattern,no-ex-assign,no-extra-boolean-cast,no-extra-semi,no-fallthrough,no-func-assign,no-import-assign,no-inner-declarations,no-invalid-regexp,no-irregular-whitespace,no-loss-of-precision,no-misleading-character-class,no-mixed-spaces-and-tabs,no-nonoctal-decimal-escape,no-obj-calls,no-octal,no-prototype-builtins,no-regex-spaces,no-sparse-arrays,no-unexpected-multiline,no-unsafe-negation,no-unused-labels,no-useless-backreference,no-useless-escape,no-with,use-isnan,no-unpkg-cdn,no-proxy-requests,no-unhandled-promise,no-logging-rejections,no-non-client-request-model,no-deprecated-apis,no-cross-scope-assign,no-empty-function
2026-05-20 21:15:50.609 +0700 [debug] (validate.js) running validator manifest
2026-05-20 21:15:50.610 +0700 [debug] (validate.js) skipping validator manifest-dependency
2026-05-20 21:15:50.610 +0700 [debug] (validate.js) running validator manifest-scripts
2026-05-20 21:15:50.610 +0700 [debug] (validate.js) running validator oauth
2026-05-20 21:15:50.610 +0700 [debug] (validate.js) skipping validator pkgsize
2026-05-20 21:15:50.610 +0700 [debug] (validate.js) running validator schema
2026-05-20 21:15:50.610 +0700 [debug] (validate.js) running validator version-check
2026-05-20 21:15:50.610 +0700 [debug] (validate.js) running validator app-settings
2026-05-20 21:15:50.613 +0700 [debug] (watcher.js) Preparing to watch the following files ./app,./config,./manifest.json
2026-05-20 21:15:50.661 +0700 [debug] (data.js) Read {}
2026-05-20 21:15:50.661 +0700 [debug] (custom-objects.js) to force or not? undefined
2026-05-20 21:15:50.661 +0700 [debug] (custom-objects.js) beginning to re-sync db
2026-05-20 21:15:50.728 +0700 [debug] (data.js) Read {}
2026-05-20 21:15:50.729 +0700 [debug] (custom-objects.js) updated local store with latest entity hash
2026-05-20 21:15:50.729 +0700 [debug] (run.js) migrate stored oauth configs from localstore to sqlite
2026-05-20 21:15:50.729 +0700 [debug] (data.js) Read {}
2026-05-20 21:15:50.729 +0700 [debug] (data.js) Read {}
2026-05-20 21:15:50.729 +0700 [debug] (oauth.js) app without oauth configs, skipping oauth configs migration
2026-05-20 21:15:50.730 +0700 [debug] (data.js) Read {}
2026-05-20 21:15:50.730 +0700 [debug] (oauth.js) empty json, setting oauth migration flag to true
2026-05-20 21:15:50.730 +0700 [debug] (data.js) Read {"freshd_101_101_migrate_oauth_status":true}
2026-05-20 21:15:50.730 +0700 [info] Starting local testing server at http://*:10001/    
Append 'dev=true' to your current host URL to start testing    
     
e.g:     
2026-05-20 21:15:50.730 +0700 [info]   https://domain.freshdesk.com/a/tickets/1?dev=true
2026-05-20 21:15:50.730 +0700 [info] 
Quit the server with Control-C.
2026-05-20 21:16:15.004 +0700 [debug] (oauth.js) Fetching oauth configs of product : modules
2026-05-20 21:16:15.005 +0700 [debug] (iframe.js) Checking is authorized for all oauths 
2026-05-20 21:16:15.006 +0700 [debug] (data.js) Read {"freshd_101_101_migrate_oauth_status":true}
2026-05-20 21:16:15.008 +0700 [debug] (data.js) Read {"freshd_101_101_migrate_oauth_status":true}
2026-05-20 21:16:15.008 +0700 [debug] (iframe.js) Responding to product with {"configs":{},"displayName":"freshdesk-app","product":{"freshdesk":{"location":{"full_page_app":{"url":"agent/index.html","icon":"agent/styles/images/icon.svg"}},"requests":{}}},"modules":{"common":{"location":{"full_page_app":{"url":"index.html","icon":"styles/images/icon.svg"}},"requests":{}},"support_ticket":{}},"features":["db"],"actions":false,"omni":false,"products":["freshdesk"],"platform":"3.0","isInstall":false,"oauth_configs_list":[],"subscribed_modules":null,"endpoint_urls":null,"product_types":{},"currentHost":{"subscribed_modules":null,"endpoint_urls":null,"org_domain":null,"product_types":{}},"isAuthorized":true,"v2":[]}
2026-05-20 21:16:15.287 +0700 [debug] (oauth.js) Fetching oauth configs of product : modules
2026-05-20 21:16:15.288 +0700 [debug] (iframe.js) Checking is authorized for all oauths 
2026-05-20 21:16:15.289 +0700 [debug] (data.js) Read {"freshd_101_101_migrate_oauth_status":true}
2026-05-20 21:16:15.289 +0700 [debug] (data.js) Read {"freshd_101_101_migrate_oauth_status":true}
2026-05-20 21:16:15.289 +0700 [debug] (iframe.js) Responding to product with {"configs":{},"displayName":"freshdesk-app","product":{"freshdesk":{"location":{"full_page_app":{"url":"agent/index.html","icon":"agent/styles/images/icon.svg"}},"requests":{}}},"modules":{"common":{"location":{"full_page_app":{"url":"index.html","icon":"styles/images/icon.svg"}},"requests":{}},"support_ticket":{}},"features":["db"],"actions":false,"omni":false,"products":["freshdesk"],"platform":"3.0","isInstall":false,"oauth_configs_list":[],"subscribed_modules":null,"endpoint_urls":null,"product_types":{},"currentHost":{"subscribed_modules":null,"endpoint_urls":null,"org_domain":null,"product_types":{}},"isAuthorized":true,"v2":[]}
2026-05-20 21:16:15.596 +0700 [debug] (oauth.js) Fetching oauth configs of product : modules
2026-05-20 21:16:15.597 +0700 [debug] (iframe.js) Checking is authorized for all oauths 
2026-05-20 21:16:15.597 +0700 [debug] (data.js) Read {"freshd_101_101_migrate_oauth_status":true}
2026-05-20 21:16:15.598 +0700 [debug] (data.js) Read {"freshd_101_101_migrate_oauth_status":true}
2026-05-20 21:16:15.598 +0700 [debug] (iframe.js) Responding to product with {"configs":{},"displayName":"freshdesk-app","product":{"freshdesk":{"location":{"full_page_app":{"url":"agent/index.html","icon":"agent/styles/images/icon.svg"}},"requests":{}}},"modules":{"common":{"location":{"full_page_app":{"url":"index.html","icon":"styles/images/icon.svg"}},"requests":{}},"support_ticket":{}},"features":["db"],"actions":false,"omni":false,"products":["freshdesk"],"platform":"3.0","isInstall":false,"oauth_configs_list":[],"subscribed_modules":null,"endpoint_urls":null,"product_types":{},"currentHost":{"subscribed_modules":null,"endpoint_urls":null,"org_domain":null,"product_types":{}},"isAuthorized":true,"v2":[]}
2026-05-20 21:16:15.605 +0700 [debug] (http.js) Failed to parse URL: , error: Invalid URL
2026-05-20 21:16:27.225 +0700 [debug] (oauth.js) Fetching oauth configs of product : modules
2026-05-20 21:16:27.225 +0700 [debug] (iframe.js) Checking is authorized for all oauths 
2026-05-20 21:16:27.226 +0700 [debug] (data.js) Read {"freshd_101_101_migrate_oauth_status":true}
2026-05-20 21:16:27.227 +0700 [debug] (data.js) Read {"freshd_101_101_migrate_oauth_status":true}
2026-05-20 21:16:27.227 +0700 [debug] (iframe.js) Responding to product with {"configs":{},"displayName":"freshdesk-app","product":{"freshdesk":{"location":{"full_page_app":{"url":"agent/index.html","icon":"agent/styles/images/icon.svg"}},"requests":{}}},"modules":{"common":{"location":{"full_page_app":{"url":"index.html","icon":"styles/images/icon.svg"}},"requests":{}},"support_ticket":{}},"features":["db"],"actions":false,"omni":false,"products":["freshdesk"],"platform":"3.0","isInstall":false,"oauth_configs_list":[],"subscribed_modules":null,"endpoint_urls":null,"product_types":{},"currentHost":{"subscribed_modules":null,"endpoint_urls":null,"org_domain":null,"product_types":{}},"isAuthorized":true,"v2":[]}
2026-05-20 21:16:27.501 +0700 [debug] (oauth.js) Fetching oauth configs of product : modules
2026-05-20 21:16:27.502 +0700 [debug] (iframe.js) Checking is authorized for all oauths 
2026-05-20 21:16:27.502 +0700 [debug] (data.js) Read {"freshd_101_101_migrate_oauth_status":true}
2026-05-20 21:16:27.503 +0700 [debug] (data.js) Read {"freshd_101_101_migrate_oauth_status":true}
2026-05-20 21:16:27.503 +0700 [debug] (iframe.js) Responding to product with {"configs":{},"displayName":"freshdesk-app","product":{"freshdesk":{"location":{"full_page_app":{"url":"agent/index.html","icon":"agent/styles/images/icon.svg"}},"requests":{}}},"modules":{"common":{"location":{"full_page_app":{"url":"index.html","icon":"styles/images/icon.svg"}},"requests":{}},"support_ticket":{}},"features":["db"],"actions":false,"omni":false,"products":["freshdesk"],"platform":"3.0","isInstall":false,"oauth_configs_list":[],"subscribed_modules":null,"endpoint_urls":null,"product_types":{},"currentHost":{"subscribed_modules":null,"endpoint_urls":null,"org_domain":null,"product_types":{}},"isAuthorized":true,"v2":[]}
2026-05-20 21:16:27.823 +0700 [debug] (oauth.js) Fetching oauth configs of product : modules
2026-05-20 21:16:27.823 +0700 [debug] (iframe.js) Checking is authorized for all oauths 
2026-05-20 21:16:27.824 +0700 [debug] (data.js) Read {"freshd_101_101_migrate_oauth_status":true}
2026-05-20 21:16:27.825 +0700 [debug] (data.js) Read {"freshd_101_101_migrate_oauth_status":true}
2026-05-20 21:16:27.825 +0700 [debug] (iframe.js) Responding to product with {"configs":{},"displayName":"freshdesk-app","product":{"freshdesk":{"location":{"full_page_app":{"url":"agent/index.html","icon":"agent/styles/images/icon.svg"}},"requests":{}}},"modules":{"common":{"location":{"full_page_app":{"url":"index.html","icon":"styles/images/icon.svg"}},"requests":{}},"support_ticket":{}},"features":["db"],"actions":false,"omni":false,"products":["freshdesk"],"platform":"3.0","isInstall":false,"oauth_configs_list":[],"subscribed_modules":null,"endpoint_urls":null,"product_types":{},"currentHost":{"subscribed_modules":null,"endpoint_urls":null,"org_domain":null,"product_types":{}},"isAuthorized":true,"v2":[]}
2026-05-20 21:16:28.096 +0700 [debug] (oauth.js) Fetching oauth configs of product : modules
2026-05-20 21:16:28.096 +0700 [debug] (iframe.js) Checking is authorized for all oauths 
2026-05-20 21:16:28.097 +0700 [debug] (data.js) Read {"freshd_101_101_migrate_oauth_status":true}
2026-05-20 21:16:28.098 +0700 [debug] (data.js) Read {"freshd_101_101_migrate_oauth_status":true}
2026-05-20 21:16:28.098 +0700 [debug] (iframe.js) Responding to product with {"configs":{},"displayName":"freshdesk-app","product":{"freshdesk":{"location":{"full_page_app":{"url":"agent/index.html","icon":"agent/styles/images/icon.svg"}},"requests":{}}},"modules":{"common":{"location":{"full_page_app":{"url":"index.html","icon":"styles/images/icon.svg"}},"requests":{}},"support_ticket":{}},"features":["db"],"actions":false,"omni":false,"products":["freshdesk"],"platform":"3.0","isInstall":false,"oauth_configs_list":[],"subscribed_modules":null,"endpoint_urls":null,"product_types":{},"currentHost":{"subscribed_modules":null,"endpoint_urls":null,"org_domain":null,"product_types":{}},"isAuthorized":true,"v2":[]}
2026-05-20 21:16:28.364 +0700 [debug] (oauth.js) Fetching oauth configs of product : modules
2026-05-20 21:16:28.364 +0700 [debug] (iframe.js) Checking is authorized for all oauths 
2026-05-20 21:16:28.365 +0700 [debug] (data.js) Read {"freshd_101_101_migrate_oauth_status":true}
2026-05-20 21:16:28.365 +0700 [debug] (data.js) Read {"freshd_101_101_migrate_oauth_status":true}
2026-05-20 21:16:28.366 +0700 [debug] (iframe.js) Responding to product with {"configs":{},"displayName":"freshdesk-app","product":{"freshdesk":{"location":{"full_page_app":{"url":"agent/index.html","icon":"agent/styles/images/icon.svg"}},"requests":{}}},"modules":{"common":{"location":{"full_page_app":{"url":"index.html","icon":"styles/images/icon.svg"}},"requests":{}},"support_ticket":{}},"features":["db"],"actions":false,"omni":false,"products":["freshdesk"],"platform":"3.0","isInstall":false,"oauth_configs_list":[],"subscribed_modules":null,"endpoint_urls":null,"product_types":{},"currentHost":{"subscribed_modules":null,"endpoint_urls":null,"org_domain":null,"product_types":{}},"isAuthorized":true,"v2":[]}
2026-05-20 21:16:28.386 +0700 [debug] (http.js) Failed to parse URL: , error: Invalid URL
2026-05-20 21:16:28.387 +0700 [debug] (iframe.js) Responding with contents of /index.html
2026-05-20 21:16:28.405 +0700 [debug] (iframe.js) Responding with contents of /scripts/app.js
2026-05-20 21:16:28.406 +0700 [debug] (coverage.js) Instrumenting /Users/kevin/freshdesk-app/app/scripts/app.js
2026-05-20 21:16:28.663 +0700 [debug] (oauth.js) Fetching oauth configs of product : modules
2026-05-20 21:16:28.664 +0700 [debug] (iframe.js) Checking is authorized for all oauths 
2026-05-20 21:16:28.666 +0700 [debug] (data.js) Read {"freshd_101_101_migrate_oauth_status":true}
2026-05-20 21:16:28.666 +0700 [debug] (data.js) Read {"freshd_101_101_migrate_oauth_status":true}
2026-05-20 21:16:28.666 +0700 [debug] (iframe.js) Responding to product with {"configs":{},"displayName":"freshdesk-app","product":{"freshdesk":{"location":{"full_page_app":{"url":"agent/index.html","icon":"agent/styles/images/icon.svg"}},"requests":{}}},"modules":{"common":{"location":{"full_page_app":{"url":"index.html","icon":"styles/images/icon.svg"}},"requests":{}},"support_ticket":{}},"features":["db"],"actions":false,"omni":false,"products":["freshdesk"],"platform":"3.0","isInstall":false,"oauth_configs_list":[],"subscribed_modules":null,"endpoint_urls":null,"product_types":{},"currentHost":{"subscribed_modules":null,"endpoint_urls":null,"org_domain":null,"product_types":{}},"isAuthorized":true,"v2":[]}
2026-05-20 21:16:28.958 +0700 [debug] (oauth.js) Fetching oauth configs of product : modules
2026-05-20 21:16:28.958 +0700 [debug] (iframe.js) Checking is authorized for all oauths 
2026-05-20 21:16:28.959 +0700 [debug] (data.js) Read {"freshd_101_101_migrate_oauth_status":true}
2026-05-20 21:16:28.959 +0700 [debug] (data.js) Read {"freshd_101_101_migrate_oauth_status":true}
2026-05-20 21:16:28.960 +0700 [debug] (iframe.js) Responding to product with {"configs":{},"displayName":"freshdesk-app","product":{"freshdesk":{"location":{"full_page_app":{"url":"agent/index.html","icon":"agent/styles/images/icon.svg"}},"requests":{}}},"modules":{"common":{"location":{"full_page_app":{"url":"index.html","icon":"styles/images/icon.svg"}},"requests":{}},"support_ticket":{}},"features":["db"],"actions":false,"omni":false,"products":["freshdesk"],"platform":"3.0","isInstall":false,"oauth_configs_list":[],"subscribed_modules":null,"endpoint_urls":null,"product_types":{},"currentHost":{"subscribed_modules":null,"endpoint_urls":null,"org_domain":null,"product_types":{}},"isAuthorized":true,"v2":[]}
2026-05-20 21:16:29.263 +0700 [debug] (oauth.js) Fetching oauth configs of product : modules
2026-05-20 21:16:29.264 +0700 [debug] (iframe.js) Checking is authorized for all oauths 
2026-05-20 21:16:29.264 +0700 [debug] (data.js) Read {"freshd_101_101_migrate_oauth_status":true}
2026-05-20 21:16:29.265 +0700 [debug] (data.js) Read {"freshd_101_101_migrate_oauth_status":true}
2026-05-20 21:16:29.265 +0700 [debug] (iframe.js) Responding to product with {"configs":{},"displayName":"freshdesk-app","product":{"freshdesk":{"location":{"full_page_app":{"url":"agent/index.html","icon":"agent/styles/images/icon.svg"}},"requests":{}}},"modules":{"common":{"location":{"full_page_app":{"url":"index.html","icon":"styles/images/icon.svg"}},"requests":{}},"support_ticket":{}},"features":["db"],"actions":false,"omni":false,"products":["freshdesk"],"platform":"3.0","isInstall":false,"oauth_configs_list":[],"subscribed_modules":null,"endpoint_urls":null,"product_types":{},"currentHost":{"subscribed_modules":null,"endpoint_urls":null,"org_domain":null,"product_types":{}},"isAuthorized":true,"v2":[]}
2026-05-20 21:16:29.531 +0700 [debug] (oauth.js) Fetching oauth configs of product : modules
2026-05-20 21:16:29.532 +0700 [debug] (iframe.js) Checking is authorized for all oauths 
2026-05-20 21:16:29.533 +0700 [debug] (data.js) Read {"freshd_101_101_migrate_oauth_status":true}
2026-05-20 21:16:29.533 +0700 [debug] (data.js) Read {"freshd_101_101_migrate_oauth_status":true}
2026-05-20 21:16:29.533 +0700 [debug] (iframe.js) Responding to product with {"configs":{},"displayName":"freshdesk-app","product":{"freshdesk":{"location":{"full_page_app":{"url":"agent/index.html","icon":"agent/styles/images/icon.svg"}},"requests":{}}},"modules":{"common":{"location":{"full_page_app":{"url":"index.html","icon":"styles/images/icon.svg"}},"requests":{}},"support_ticket":{}},"features":["db"],"actions":false,"omni":false,"products":["freshdesk"],"platform":"3.0","isInstall":false,"oauth_configs_list":[],"subscribed_modules":null,"endpoint_urls":null,"product_types":{},"currentHost":{"subscribed_modules":null,"endpoint_urls":null,"org_domain":null,"product_types":{}},"isAuthorized":true,"v2":[]}
2026-05-20 21:16:29.551 +0700 [debug] (http.js) Failed to parse URL: , error: Invalid URL
2026-05-20 21:16:29.551 +0700 [debug] (iframe.js) Responding with contents of /index.html
2026-05-20 21:16:29.564 +0700 [debug] (iframe.js) Responding with contents of /scripts/app.js
2026-05-20 21:16:29.564 +0700 [debug] (coverage.js) Instrumenting /Users/kevin/freshdesk-app/app/scripts/app.js
2026-05-20 21:16:30.745 +0700 [debug] (coverage.js) Writing coverage.
2026-05-20 21:16:31.623 +0700 [debug] (coverage.js) Writing coverage.
2026-05-20 21:16:33.622 +0700 [debug] (coverage.js) Writing coverage.
2026-05-20 21:24:25.908 +0700 [debug] (watcher.js) Broadcasted "{"file":"app/scripts/app.js"}" to all listeners.
2026-05-20 21:24:25.918 +0700 [debug] (iframe.js) Responding with contents of /index.html
2026-05-20 21:24:25.920 +0700 [debug] (iframe.js) Responding with contents of /index.html
2026-05-20 21:24:25.935 +0700 [debug] (iframe.js) Responding with contents of /scripts/app.js
2026-05-20 21:24:25.935 +0700 [debug] (coverage.js) Instrumenting /Users/kevin/freshdesk-app/app/scripts/app.js
2026-05-20 21:24:25.980 +0700 [debug] (iframe.js) Responding with contents of /scripts/app.js
2026-05-20 21:24:25.980 +0700 [debug] (coverage.js) Instrumenting /Users/kevin/freshdesk-app/app/scripts/app.js
2026-05-20 21:24:28.856 +0700 [debug] (coverage.js) Writing coverage.
2026-05-20 21:24:28.871 +0700 [debug] (coverage.js) Writing coverage.
2026-05-20 21:24:42.296 +0700 [debug] (watcher.js) Broadcasted "{"file":"app/index.html"}" to all listeners.
2026-05-20 21:24:42.310 +0700 [debug] (iframe.js) Responding with contents of /index.html
2026-05-20 21:24:42.313 +0700 [debug] (iframe.js) Responding with contents of /index.html
2026-05-20 21:24:42.326 +0700 [debug] (iframe.js) Responding with contents of /scripts/app.js
2026-05-20 21:24:42.327 +0700 [debug] (coverage.js) Instrumenting /Users/kevin/freshdesk-app/app/scripts/app.js
2026-05-20 21:24:42.355 +0700 [debug] (iframe.js) Responding with contents of /scripts/app.js
2026-05-20 21:24:42.355 +0700 [debug] (coverage.js) Instrumenting /Users/kevin/freshdesk-app/app/scripts/app.js
2026-05-20 21:24:44.878 +0700 [debug] (coverage.js) Writing coverage.
2026-05-20 21:24:44.888 +0700 [debug] (coverage.js) Writing coverage.
2026-05-20 21:24:46.854 +0700 [debug] (coverage.js) Writing coverage.
2026-05-20 21:24:48.854 +0700 [debug] (coverage.js) Writing coverage.
2026-05-20 21:25:28.352 +0700 [debug] (manifest.js) Reloading manifest with {"platform-version":"3.0","modules":{"common":{"location":{"full_page_app":{"url":"index.html","icon":"styles/images/icon.svg"}}}},"engines":{"node":"24.11.1","fdk":"10.1.2"}}.
2026-05-20 21:25:28.354 +0700 [debug] (manifest.js) Inferred db as features.
2026-05-20 21:25:28.355 +0700 [debug] (watcher.js) Broadcasted "{"file":"manifest.json"}" to all listeners.
2026-05-20 21:25:28.380 +0700 [debug] (iframe.js) Responding with contents of /index.html
2026-05-20 21:25:28.382 +0700 [debug] (iframe.js) Responding with contents of /index.html
2026-05-20 21:25:28.395 +0700 [debug] (iframe.js) Responding with contents of /scripts/app.js
2026-05-20 21:25:28.396 +0700 [debug] (coverage.js) Instrumenting /Users/kevin/freshdesk-app/app/scripts/app.js
2026-05-20 21:25:28.424 +0700 [debug] (iframe.js) Responding with contents of /scripts/app.js
2026-05-20 21:25:28.425 +0700 [debug] (coverage.js) Instrumenting /Users/kevin/freshdesk-app/app/scripts/app.js
2026-05-20 21:25:30.871 +0700 [debug] (coverage.js) Writing coverage.
2026-05-20 21:25:30.900 +0700 [debug] (coverage.js) Writing coverage.
2026-05-20 21:25:32.857 +0700 [debug] (coverage.js) Writing coverage.
2026-05-20 21:25:33.123 +0700 [info] 
NOTE: We recommend a coverage of 80% for apps that are to be published in the public marketplace.
2026-05-20 21:25:37.389 +0700 [debug] (configs.js) loaded default configs as "{"updates":{"manifest_url":"https://cdn.freshdev.io/assets/fdk/updates.json","changelog_url":"https://cdn.freshdev.io/assets/fdk/change-log.json","period":24},"log":{"level":"info"},"javascript":{"ecma_version":2020},"request":{"timeout":15000,"maxFilesPerRequest":5},"global_apps":{"enabled":true},"easel":{"enabled":false},"job":{"timeout":120000}}"
2026-05-20 21:25:37.390 +0700 [debug] (configs.js) loaded global configs as "{"global_apps":{"enabled":"true"},"request":{"timeout":15000},"job":{"timeout":120000}}"
2026-05-20 21:25:37.390 +0700 [debug] (configs.js) loaded local configs as "{"request":{"timeout":15000},"job":{"timeout":120000},"global_apps":{"enabled":"true"}}"
2026-05-20 21:25:37.390 +0700 [debug] (configs.js) loaded env configs as "{"updates":{},"log":{},"javascript":{},"request":{"timeout":15000,"maxFilesPerRequest":5},"job":{"timeout":120000}}"
2026-05-20 21:25:37.390 +0700 [debug] (configs.js) loaded resolved configs as "{"updates":{"manifest_url":"https://cdn.freshdev.io/assets/fdk/updates.json","changelog_url":"https://cdn.freshdev.io/assets/fdk/change-log.json","period":24},"log":{"level":"info"},"javascript":{"ecma_version":2020},"request":{"timeout":15000,"maxFilesPerRequest":5},"global_apps":{"enabled":"true"},"easel":{"enabled":false},"job":{"timeout":120000}}"
2026-05-20 21:25:37.390 +0700 [debug] (logger.js) Starting FDK in node v24.11.1 on darwin
2026-05-20 21:25:37.390 +0700 [debug] (sequelize.js) setting up sqilite at "/Users/kevin/freshdesk-app/.fdk/store.sqlite"
2026-05-20 21:25:37.390 +0700 [debug] (data.js) Read {"version_details":{"cli":{"deprecated":{"version":"<9","message":"This FDK version has been deprecated. There will be no further feature updates to this version. For a seamless app-building experience, ensure to move to the latest FDK version. For more information, see https://developers.freshworks.com/docs/app-sdk/v2.3/freshdesk/migration-guide/#migrate-to-the-latest-platform-version."},"forced":{"version":"7.0.0","command":"npm install https://dl.freshdev.io/cli/fdk-7.0.0.tgz -g","message":"Your FDK version has been forced updated to v7.0.0, please visit https://community.developers.freshworks.com/t/fdk-v7-0-announcing-node-js-v12-and-es6-support/3606 to know more"},"latest":{"version":"10.1.2","command":"npm install https://cdn.freshdev.io/fdk/latest-v24.tgz -g","message":"You are on the latest FDK version. For information on the features available as part of this FDK version, see https://developers.freshworks.com/docs/?tab=modules."}},"addon":{"version":"2.2.7","url":"https://cdn.freshdev.io/assets/fdk/addons/addon.zip"}},"last_updated":{"time_stamp":1779285176837}}
2026-05-20 21:25:37.390 +0700 [debug] (updater.js) last check less than 24 hours ago, not looking for updates
2026-05-20 21:25:37.392 +0700 [debug] (index.js) running with opts {}
2026-05-20 21:25:37.446 +0700 [debug] (data.js) Read {"version_details":{"cli":{"deprecated":{"version":"<9","message":"This FDK version has been deprecated. There will be no further feature updates to this version. For a seamless app-building experience, ensure to move to the latest FDK version. For more information, see https://developers.freshworks.com/docs/app-sdk/v2.3/freshdesk/migration-guide/#migrate-to-the-latest-platform-version."},"forced":{"version":"7.0.0","command":"npm install https://dl.freshdev.io/cli/fdk-7.0.0.tgz -g","message":"Your FDK version has been forced updated to v7.0.0, please visit https://community.developers.freshworks.com/t/fdk-v7-0-announcing-node-js-v12-and-es6-support/3606 to know more"},"latest":{"version":"10.1.2","command":"npm install https://cdn.freshdev.io/fdk/latest-v24.tgz -g","message":"You are on the latest FDK version. For information on the features available as part of this FDK version, see https://developers.freshworks.com/docs/?tab=modules."}},"addon":{"version":"2.2.7","url":"https://cdn.freshdev.io/assets/fdk/addons/addon.zip"}},"last_updated":{"time_stamp":1779285176837}}
2026-05-20 21:25:37.448 +0700 [debug] (manifest.js) Reloading manifest with {"platform-version":"3.0","modules":{"common":{"location":{"full_page_app":{"url":"index.html","icon":"styles/images/icon.svg"}}}},"engines":{"node":"24.11.1","fdk":"10.1.2"}}.
2026-05-20 21:25:37.448 +0700 [debug] (manifest.js) Inferred db as features.
2026-05-20 21:25:37.473 +0700 [debug] (data.js) Read {"version_details":{"cli":{"deprecated":{"version":"<9","message":"This FDK version has been deprecated. There will be no further feature updates to this version. For a seamless app-building experience, ensure to move to the latest FDK version. For more information, see https://developers.freshworks.com/docs/app-sdk/v2.3/freshdesk/migration-guide/#migrate-to-the-latest-platform-version."},"forced":{"version":"7.0.0","command":"npm install https://dl.freshdev.io/cli/fdk-7.0.0.tgz -g","message":"Your FDK version has been forced updated to v7.0.0, please visit https://community.developers.freshworks.com/t/fdk-v7-0-announcing-node-js-v12-and-es6-support/3606 to know more"},"latest":{"version":"10.1.2","command":"npm install https://cdn.freshdev.io/fdk/latest-v24.tgz -g","message":"You are on the latest FDK version. For information on the features available as part of this FDK version, see https://developers.freshworks.com/docs/?tab=modules."}},"addon":{"version":"2.2.7","url":"https://cdn.freshdev.io/assets/fdk/addons/addon.zip"}},"last_updated":{"time_stamp":1779285176837}}
2026-05-20 21:25:37.612 +0700 [debug] (coverage.js) INIT: About to merge initial coverage data with 1 files
2026-05-20 21:25:37.612 +0700 [debug] (coverage.js) INIT: After merge - Files in map: 1
2026-05-20 21:25:37.651 +0700 [debug] (index.js) Initializing AJV schemas from individual files
2026-05-20 21:25:37.651 +0700 [debug] (index.js) Compiling schemas...
2026-05-20 21:25:37.658 +0700 [debug] (index.js) All schemas compiled successfully
2026-05-20 21:25:37.687 +0700 [debug] (index.js) loading model at "/Users/kevin/.nvm/versions/node/v24.11.1/lib/node_modules/@freshworks/fdk/lib/models/bigint-pivot.js"
2026-05-20 21:25:37.688 +0700 [debug] (index.js) loading model at "/Users/kevin/.nvm/versions/node/v24.11.1/lib/node_modules/@freshworks/fdk/lib/models/entity-field-choice.js"
2026-05-20 21:25:37.688 +0700 [debug] (index.js) loading model at "/Users/kevin/.nvm/versions/node/v24.11.1/lib/node_modules/@freshworks/fdk/lib/models/entity-field.js"
2026-05-20 21:25:37.689 +0700 [debug] (index.js) loading model at "/Users/kevin/.nvm/versions/node/v24.11.1/lib/node_modules/@freshworks/fdk/lib/models/entity.js"
2026-05-20 21:25:37.689 +0700 [debug] (index.js) loading model at "/Users/kevin/.nvm/versions/node/v24.11.1/lib/node_modules/@freshworks/fdk/lib/models/files.js"
2026-05-20 21:25:37.689 +0700 [debug] (index.js) loading model at "/Users/kevin/.nvm/versions/node/v24.11.1/lib/node_modules/@freshworks/fdk/lib/models/oauth-details.js"
2026-05-20 21:25:37.690 +0700 [debug] (index.js) loading model at "/Users/kevin/.nvm/versions/node/v24.11.1/lib/node_modules/@freshworks/fdk/lib/models/record.js"
2026-05-20 21:25:37.691 +0700 [debug] (index.js) loading model at "/Users/kevin/.nvm/versions/node/v24.11.1/lib/node_modules/@freshworks/fdk/lib/models/string-pivot.js"
2026-05-20 21:25:37.737 +0700 [debug] (index.js) 'schema: ' [object Object]
2026-05-20 21:25:37.743 +0700 [debug] (index.js) 'schema: ' [object Object]
2026-05-20 21:25:37.744 +0700 [debug] (index.js) 'schema: ' [object Object]
2026-05-20 21:25:37.744 +0700 [debug] (index.js) 'schema: ' [object Object]
2026-05-20 21:25:37.745 +0700 [debug] (index.js) 'schema: ' [object Object]
2026-05-20 21:25:37.746 +0700 [debug] (index.js) 'schema: ' [object Object]
2026-05-20 21:25:37.746 +0700 [debug] (index.js) 'schema: ' [object Object]
2026-05-20 21:25:37.749 +0700 [debug] (index.js) 'schema: ' [object Object]
2026-05-20 21:25:37.749 +0700 [debug] (index.js) 'schema: ' [object Object]
2026-05-20 21:25:37.750 +0700 [debug] (index.js) 'schema: ' [object Object]
2026-05-20 21:25:37.752 +0700 [debug] (index.js) 'schema: ' [object Object]
2026-05-20 21:25:37.753 +0700 [debug] (index.js) 'schema: ' [object Object]
2026-05-20 21:25:37.755 +0700 [debug] (index.js) 'schema: ' [object Object]
2026-05-20 21:25:37.755 +0700 [debug] (index.js) 'schema: ' [object Object]
2026-05-20 21:25:37.755 +0700 [debug] (index.js) 'schema: ' [object Object]
2026-05-20 21:25:37.756 +0700 [debug] (index.js) 'schema: ' [object Object]
2026-05-20 21:25:37.757 +0700 [debug] (index.js) 'schema: ' [object Object]
2026-05-20 21:25:37.763 +0700 [debug] (index.js) 'schema: ' [object Object]
2026-05-20 21:25:37.902 +0700 [debug] (data.js) Read {"version_details":{"cli":{"deprecated":{"version":"<9","message":"This FDK version has been deprecated. There will be no further feature updates to this version. For a seamless app-building experience, ensure to move to the latest FDK version. For more information, see https://developers.freshworks.com/docs/app-sdk/v2.3/freshdesk/migration-guide/#migrate-to-the-latest-platform-version."},"forced":{"version":"7.0.0","command":"npm install https://dl.freshdev.io/cli/fdk-7.0.0.tgz -g","message":"Your FDK version has been forced updated to v7.0.0, please visit https://community.developers.freshworks.com/t/fdk-v7-0-announcing-node-js-v12-and-es6-support/3606 to know more"},"latest":{"version":"10.1.2","command":"npm install https://cdn.freshdev.io/fdk/latest-v24.tgz -g","message":"You are on the latest FDK version. For information on the features available as part of this FDK version, see https://developers.freshworks.com/docs/?tab=modules."}},"addon":{"version":"2.2.7","url":"https://cdn.freshdev.io/assets/fdk/addons/addon.zip"}},"last_updated":{"time_stamp":1779285176837}}
2026-05-20 21:25:38.451 +0700 [debug] (validate.js) asked to skip the following validations, 
2026-05-20 21:25:38.451 +0700 [debug] (validate.js) running validator actions
2026-05-20 21:25:38.451 +0700 [debug] (validate.js) running validator requests
2026-05-20 21:25:38.452 +0700 [debug] (validate.js) running validator app-dir
2026-05-20 21:25:38.452 +0700 [debug] (validate.js) running validator config-dir
2026-05-20 21:25:38.452 +0700 [debug] (config-dir.js) Checking to see if /Users/kevin/freshdesk-app/config/ exists.
2026-05-20 21:25:38.452 +0700 [debug] (config-dir.js) Fetched the following config files iparams.json
2026-05-20 21:25:38.452 +0700 [debug] (validate.js) running validator custom-objects
2026-05-20 21:25:38.452 +0700 [debug] (validate.js) running validator event
2026-05-20 21:25:38.452 +0700 [debug] (validate.js) running validator iparam
2026-05-20 21:25:38.453 +0700 [debug] (validate.js) running validator lint
2026-05-20 21:25:38.453 +0700 [debug] (lint.js) passed fix flag: undefined
2026-05-20 21:25:38.454 +0700 [debug] (lint.js) Running the following lints on the file app/scripts/app.js : no-eval,no-alert,no-debugger,no-unreachable,no-duplicate-imports,constructor-super,for-direction,no-class-assign,no-new-native-nonconstructor,valid-typeof,no-eq-null,no-var,require-await,no-unreachable-loop,no-redeclare,no-self-assign,no-setter-return,no-shadow-restricted-names,no-this-before-super,no-unsafe-finally,no-unsafe-optional-chaining,no-unused-vars,no-useless-catch,eqeqeq,prefer-const,require-yield,no-global-assign,no-caller,no-process-env,complexity,max-nested-callbacks,handle-callback-err,getter-return,no-async-promise-executor,no-case-declarations,no-compare-neg-zero,no-cond-assign,no-const-assign,no-constant-condition,no-control-regex,no-delete-var,no-dupe-args,no-dupe-class-members,no-dupe-else-if,no-dupe-keys,no-duplicate-case,no-empty,no-empty-character-class,no-empty-pattern,no-ex-assign,no-extra-boolean-cast,no-extra-semi,no-fallthrough,no-func-assign,no-import-assign,no-inner-declarations,no-invalid-regexp,no-irregular-whitespace,no-loss-of-precision,no-misleading-character-class,no-mixed-spaces-and-tabs,no-nonoctal-decimal-escape,no-obj-calls,no-octal,no-prototype-builtins,no-regex-spaces,no-sparse-arrays,no-unexpected-multiline,no-unsafe-negation,no-unused-labels,no-useless-backreference,no-useless-escape,no-with,use-isnan,no-unpkg-cdn,no-proxy-requests,no-unhandled-promise,no-logging-rejections,no-non-client-request-model,no-deprecated-apis,no-cross-scope-assign,no-empty-function
2026-05-20 21:25:38.532 +0700 [debug] (validate.js) running validator manifest
2026-05-20 21:25:38.532 +0700 [debug] (validate.js) skipping validator manifest-dependency
2026-05-20 21:25:38.532 +0700 [debug] (validate.js) running validator manifest-scripts
2026-05-20 21:25:38.532 +0700 [debug] (validate.js) running validator oauth
2026-05-20 21:25:38.532 +0700 [debug] (validate.js) skipping validator pkgsize
2026-05-20 21:25:38.532 +0700 [debug] (validate.js) running validator schema
2026-05-20 21:25:38.533 +0700 [debug] (validate.js) running validator version-check
2026-05-20 21:25:38.533 +0700 [debug] (validate.js) running validator app-settings
2026-05-20 21:25:38.534 +0700 [debug] (index.js) error where executing ajv validations Error: validation failed
    at validate33 (eval at compileSchema (/Users/kevin/.nvm/versions/node/v24.11.1/lib/node_modules/@freshworks/fdk/node_modules/ajv/dist/compile/index.js:89:30), <anonymous>:3:50100)
    at validate (/Users/kevin/.nvm/versions/node/v24.11.1/lib/node_modules/@freshworks/fdk/lib/utils/validator/index.js:57:11)
    at validateManifestContents (/Users/kevin/.nvm/versions/node/v24.11.1/lib/node_modules/@freshworks/fdk/lib/validations/manifest.js:366:11)
    at validateManifest (/Users/kevin/.nvm/versions/node/v24.11.1/lib/node_modules/@freshworks/fdk/lib/validations/manifest.js:734:11)
    at process.processTicksAndRejections (node:internal/process/task_queues:103:5)
    at async Promise.all (index 8)
    at async Object.run (/Users/kevin/.nvm/versions/node/v24.11.1/lib/node_modules/@freshworks/fdk/lib/cli/validate.js:36:25)
    at async Object.run (/Users/kevin/.nvm/versions/node/v24.11.1/lib/node_modules/@freshworks/fdk/lib/cli/run.js:227:32)
    at async Command.parseAsync (/Users/kevin/.nvm/versions/node/v24.11.1/lib/node_modules/@freshworks/fdk/node_modules/commander/lib/command.js:1092:5)
2026-05-20 21:25:38.536 +0700 [error] The local server could not be started due to the following issue(s):
2026-05-20 21:25:38.536 +0700 [error] Platform errors:
2026-05-20 21:25:38.536 +0700 [error] [31m✖[39m /modules should specify at least one module other than common in manifest.json
2026-05-20 21:25:38.536 +0700 [error] [31m✖[39m Atleast one module apart from common module must be mentioned in manifest.json
2026-05-20 21:25:38.536 +0700 [error] 
2026-05-20 21:25:38.536 +0700 [error] Lint errors:
2026-05-20 21:25:38.536 +0700 [error] [31m✖[39m app/scripts/app.js::9: 'sessionId' is assigned a value but never used.
2026-05-20 21:25:38.536 +0700 [error] 
2026-05-20 21:25:38.536 +0700 [warn] Please ensure that the following are addressed for quick review process:
2026-05-20 21:25:38.536 +0700 [warn] [33m⚠[39m app/scripts/app.js::20: 'sessionId' declared and assigned in different scopes. Possible asynchronous race condition.
2026-05-20 21:25:38.536 +0700 [warn] [33m⚠[39m app/scripts/app.js::26: 'client' declared and assigned in different scopes. Possible asynchronous race condition.
2026-05-20 21:25:38.536 +0700 [warn] [33m⚠[39m app/scripts/app.js::40: 'agentEmail' declared and assigned in different scopes. Possible asynchronous race condition.
2026-05-20 21:25:38.536 +0700 [warn] [33m⚠[39m app/scripts/app.js::57: 'ws' declared and assigned in different scopes. Possible asynchronous race condition.
2026-05-20 21:25:38.536 +0700 [warn] 
2026-05-20 21:25:38.546 +0700 [debug] (report.js) Generating hash for report.json file
2026-05-20 21:28:06.985 +0700 [debug] (configs.js) loaded default configs as "{"updates":{"manifest_url":"https://cdn.freshdev.io/assets/fdk/updates.json","changelog_url":"https://cdn.freshdev.io/assets/fdk/change-log.json","period":24},"log":{"level":"info"},"javascript":{"ecma_version":2020},"request":{"timeout":15000,"maxFilesPerRequest":5},"global_apps":{"enabled":true},"easel":{"enabled":false},"job":{"timeout":120000}}"
2026-05-20 21:28:06.989 +0700 [debug] (configs.js) loaded global configs as "{"global_apps":{"enabled":"true"},"request":{"timeout":15000},"job":{"timeout":120000}}"
2026-05-20 21:28:06.989 +0700 [debug] (configs.js) loaded local configs as "{"request":{"timeout":15000},"job":{"timeout":120000},"global_apps":{"enabled":"true"}}"
2026-05-20 21:28:06.989 +0700 [debug] (configs.js) loaded env configs as "{"updates":{},"log":{},"javascript":{},"request":{"timeout":15000,"maxFilesPerRequest":5},"job":{"timeout":120000}}"
2026-05-20 21:28:06.989 +0700 [debug] (configs.js) loaded resolved configs as "{"updates":{"manifest_url":"https://cdn.freshdev.io/assets/fdk/updates.json","changelog_url":"https://cdn.freshdev.io/assets/fdk/change-log.json","period":24},"log":{"level":"info"},"javascript":{"ecma_version":2020},"request":{"timeout":15000,"maxFilesPerRequest":5},"global_apps":{"enabled":"true"},"easel":{"enabled":false},"job":{"timeout":120000}}"
2026-05-20 21:28:06.989 +0700 [debug] (logger.js) Starting FDK in node v24.11.1 on darwin
2026-05-20 21:28:06.989 +0700 [debug] (sequelize.js) setting up sqilite at "/Users/kevin/freshdesk-app/.fdk/store.sqlite"
2026-05-20 21:28:06.989 +0700 [debug] (data.js) Read {"version_details":{"cli":{"deprecated":{"version":"<9","message":"This FDK version has been deprecated. There will be no further feature updates to this version. For a seamless app-building experience, ensure to move to the latest FDK version. For more information, see https://developers.freshworks.com/docs/app-sdk/v2.3/freshdesk/migration-guide/#migrate-to-the-latest-platform-version."},"forced":{"version":"7.0.0","command":"npm install https://dl.freshdev.io/cli/fdk-7.0.0.tgz -g","message":"Your FDK version has been forced updated to v7.0.0, please visit https://community.developers.freshworks.com/t/fdk-v7-0-announcing-node-js-v12-and-es6-support/3606 to know more"},"latest":{"version":"10.1.2","command":"npm install https://cdn.freshdev.io/fdk/latest-v24.tgz -g","message":"You are on the latest FDK version. For information on the features available as part of this FDK version, see https://developers.freshworks.com/docs/?tab=modules."}},"addon":{"version":"2.2.7","url":"https://cdn.freshdev.io/assets/fdk/addons/addon.zip"}},"last_updated":{"time_stamp":1779285176837}}
2026-05-20 21:28:06.989 +0700 [debug] (updater.js) last check less than 24 hours ago, not looking for updates
2026-05-20 21:28:06.990 +0700 [debug] (index.js) running with opts {}
2026-05-20 21:28:07.055 +0700 [debug] (data.js) Read {"version_details":{"cli":{"deprecated":{"version":"<9","message":"This FDK version has been deprecated. There will be no further feature updates to this version. For a seamless app-building experience, ensure to move to the latest FDK version. For more information, see https://developers.freshworks.com/docs/app-sdk/v2.3/freshdesk/migration-guide/#migrate-to-the-latest-platform-version."},"forced":{"version":"7.0.0","command":"npm install https://dl.freshdev.io/cli/fdk-7.0.0.tgz -g","message":"Your FDK version has been forced updated to v7.0.0, please visit https://community.developers.freshworks.com/t/fdk-v7-0-announcing-node-js-v12-and-es6-support/3606 to know more"},"latest":{"version":"10.1.2","command":"npm install https://cdn.freshdev.io/fdk/latest-v24.tgz -g","message":"You are on the latest FDK version. For information on the features available as part of this FDK version, see https://developers.freshworks.com/docs/?tab=modules."}},"addon":{"version":"2.2.7","url":"https://cdn.freshdev.io/assets/fdk/addons/addon.zip"}},"last_updated":{"time_stamp":1779285176837}}
2026-05-20 21:28:07.056 +0700 [debug] (manifest.js) Reloading manifest with {"platform-version":"3.0","modules":{"common":{"location":{"full_page_app":{"url":"index.html","icon":"styles/images/icon.svg"}}},"support_ticket":{}},"engines":{"node":"24.11.1","fdk":"10.1.2"}}.
2026-05-20 21:28:07.056 +0700 [debug] (manifest.js) Inferred db as features.
2026-05-20 21:28:07.079 +0700 [debug] (data.js) Read {"version_details":{"cli":{"deprecated":{"version":"<9","message":"This FDK version has been deprecated. There will be no further feature updates to this version. For a seamless app-building experience, ensure to move to the latest FDK version. For more information, see https://developers.freshworks.com/docs/app-sdk/v2.3/freshdesk/migration-guide/#migrate-to-the-latest-platform-version."},"forced":{"version":"7.0.0","command":"npm install https://dl.freshdev.io/cli/fdk-7.0.0.tgz -g","message":"Your FDK version has been forced updated to v7.0.0, please visit https://community.developers.freshworks.com/t/fdk-v7-0-announcing-node-js-v12-and-es6-support/3606 to know more"},"latest":{"version":"10.1.2","command":"npm install https://cdn.freshdev.io/fdk/latest-v24.tgz -g","message":"You are on the latest FDK version. For information on the features available as part of this FDK version, see https://developers.freshworks.com/docs/?tab=modules."}},"addon":{"version":"2.2.7","url":"https://cdn.freshdev.io/assets/fdk/addons/addon.zip"}},"last_updated":{"time_stamp":1779285176837}}
2026-05-20 21:28:07.222 +0700 [debug] (coverage.js) INIT: About to merge initial coverage data with 1 files
2026-05-20 21:28:07.222 +0700 [debug] (coverage.js) INIT: After merge - Files in map: 1
2026-05-20 21:28:07.260 +0700 [debug] (index.js) Initializing AJV schemas from individual files
2026-05-20 21:28:07.260 +0700 [debug] (index.js) Compiling schemas...
2026-05-20 21:28:07.267 +0700 [debug] (index.js) All schemas compiled successfully
2026-05-20 21:28:07.297 +0700 [debug] (index.js) loading model at "/Users/kevin/.nvm/versions/node/v24.11.1/lib/node_modules/@freshworks/fdk/lib/models/bigint-pivot.js"
2026-05-20 21:28:07.298 +0700 [debug] (index.js) loading model at "/Users/kevin/.nvm/versions/node/v24.11.1/lib/node_modules/@freshworks/fdk/lib/models/entity-field-choice.js"
2026-05-20 21:28:07.298 +0700 [debug] (index.js) loading model at "/Users/kevin/.nvm/versions/node/v24.11.1/lib/node_modules/@freshworks/fdk/lib/models/entity-field.js"
2026-05-20 21:28:07.299 +0700 [debug] (index.js) loading model at "/Users/kevin/.nvm/versions/node/v24.11.1/lib/node_modules/@freshworks/fdk/lib/models/entity.js"
2026-05-20 21:28:07.299 +0700 [debug] (index.js) loading model at "/Users/kevin/.nvm/versions/node/v24.11.1/lib/node_modules/@freshworks/fdk/lib/models/files.js"
2026-05-20 21:28:07.299 +0700 [debug] (index.js) loading model at "/Users/kevin/.nvm/versions/node/v24.11.1/lib/node_modules/@freshworks/fdk/lib/models/oauth-details.js"
2026-05-20 21:28:07.300 +0700 [debug] (index.js) loading model at "/Users/kevin/.nvm/versions/node/v24.11.1/lib/node_modules/@freshworks/fdk/lib/models/record.js"
2026-05-20 21:28:07.301 +0700 [debug] (index.js) loading model at "/Users/kevin/.nvm/versions/node/v24.11.1/lib/node_modules/@freshworks/fdk/lib/models/string-pivot.js"
2026-05-20 21:28:07.346 +0700 [debug] (index.js) 'schema: ' [object Object]
2026-05-20 21:28:07.353 +0700 [debug] (index.js) 'schema: ' [object Object]
2026-05-20 21:28:07.354 +0700 [debug] (index.js) 'schema: ' [object Object]
2026-05-20 21:28:07.354 +0700 [debug] (index.js) 'schema: ' [object Object]
2026-05-20 21:28:07.355 +0700 [debug] (index.js) 'schema: ' [object Object]
2026-05-20 21:28:07.356 +0700 [debug] (index.js) 'schema: ' [object Object]
2026-05-20 21:28:07.356 +0700 [debug] (index.js) 'schema: ' [object Object]
2026-05-20 21:28:07.359 +0700 [debug] (index.js) 'schema: ' [object Object]
2026-05-20 21:28:07.359 +0700 [debug] (index.js) 'schema: ' [object Object]
2026-05-20 21:28:07.359 +0700 [debug] (index.js) 'schema: ' [object Object]
2026-05-20 21:28:07.362 +0700 [debug] (index.js) 'schema: ' [object Object]
2026-05-20 21:28:07.363 +0700 [debug] (index.js) 'schema: ' [object Object]
2026-05-20 21:28:07.364 +0700 [debug] (index.js) 'schema: ' [object Object]
2026-05-20 21:28:07.365 +0700 [debug] (index.js) 'schema: ' [object Object]
2026-05-20 21:28:07.365 +0700 [debug] (index.js) 'schema: ' [object Object]
2026-05-20 21:28:07.366 +0700 [debug] (index.js) 'schema: ' [object Object]
2026-05-20 21:28:07.367 +0700 [debug] (index.js) 'schema: ' [object Object]
2026-05-20 21:28:07.373 +0700 [debug] (index.js) 'schema: ' [object Object]
2026-05-20 21:28:07.513 +0700 [debug] (data.js) Read {"version_details":{"cli":{"deprecated":{"version":"<9","message":"This FDK version has been deprecated. There will be no further feature updates to this version. For a seamless app-building experience, ensure to move to the latest FDK version. For more information, see https://developers.freshworks.com/docs/app-sdk/v2.3/freshdesk/migration-guide/#migrate-to-the-latest-platform-version."},"forced":{"version":"7.0.0","command":"npm install https://dl.freshdev.io/cli/fdk-7.0.0.tgz -g","message":"Your FDK version has been forced updated to v7.0.0, please visit https://community.developers.freshworks.com/t/fdk-v7-0-announcing-node-js-v12-and-es6-support/3606 to know more"},"latest":{"version":"10.1.2","command":"npm install https://cdn.freshdev.io/fdk/latest-v24.tgz -g","message":"You are on the latest FDK version. For information on the features available as part of this FDK version, see https://developers.freshworks.com/docs/?tab=modules."}},"addon":{"version":"2.2.7","url":"https://cdn.freshdev.io/assets/fdk/addons/addon.zip"}},"last_updated":{"time_stamp":1779285176837}}
2026-05-20 21:28:08.093 +0700 [debug] (validate.js) asked to skip the following validations, 
2026-05-20 21:28:08.093 +0700 [debug] (validate.js) running validator actions
2026-05-20 21:28:08.093 +0700 [debug] (validate.js) running validator requests
2026-05-20 21:28:08.093 +0700 [debug] (validate.js) running validator app-dir
2026-05-20 21:28:08.094 +0700 [debug] (validate.js) running validator config-dir
2026-05-20 21:28:08.094 +0700 [debug] (config-dir.js) Checking to see if /Users/kevin/freshdesk-app/config/ exists.
2026-05-20 21:28:08.094 +0700 [debug] (config-dir.js) Fetched the following config files iparams.json
2026-05-20 21:28:08.094 +0700 [debug] (validate.js) running validator custom-objects
2026-05-20 21:28:08.094 +0700 [debug] (validate.js) running validator event
2026-05-20 21:28:08.094 +0700 [debug] (validate.js) running validator iparam
2026-05-20 21:28:08.095 +0700 [debug] (validate.js) running validator lint
2026-05-20 21:28:08.095 +0700 [debug] (lint.js) passed fix flag: undefined
2026-05-20 21:28:08.096 +0700 [debug] (lint.js) Running the following lints on the file app/scripts/app.js : no-eval,no-alert,no-debugger,no-unreachable,no-duplicate-imports,constructor-super,for-direction,no-class-assign,no-new-native-nonconstructor,valid-typeof,no-eq-null,no-var,require-await,no-unreachable-loop,no-redeclare,no-self-assign,no-setter-return,no-shadow-restricted-names,no-this-before-super,no-unsafe-finally,no-unsafe-optional-chaining,no-unused-vars,no-useless-catch,eqeqeq,prefer-const,require-yield,no-global-assign,no-caller,no-process-env,complexity,max-nested-callbacks,handle-callback-err,getter-return,no-async-promise-executor,no-case-declarations,no-compare-neg-zero,no-cond-assign,no-const-assign,no-constant-condition,no-control-regex,no-delete-var,no-dupe-args,no-dupe-class-members,no-dupe-else-if,no-dupe-keys,no-duplicate-case,no-empty,no-empty-character-class,no-empty-pattern,no-ex-assign,no-extra-boolean-cast,no-extra-semi,no-fallthrough,no-func-assign,no-import-assign,no-inner-declarations,no-invalid-regexp,no-irregular-whitespace,no-loss-of-precision,no-misleading-character-class,no-mixed-spaces-and-tabs,no-nonoctal-decimal-escape,no-obj-calls,no-octal,no-prototype-builtins,no-regex-spaces,no-sparse-arrays,no-unexpected-multiline,no-unsafe-negation,no-unused-labels,no-useless-backreference,no-useless-escape,no-with,use-isnan,no-unpkg-cdn,no-proxy-requests,no-unhandled-promise,no-logging-rejections,no-non-client-request-model,no-deprecated-apis,no-cross-scope-assign,no-empty-function
2026-05-20 21:28:08.172 +0700 [debug] (validate.js) running validator manifest
2026-05-20 21:28:08.172 +0700 [debug] (validate.js) skipping validator manifest-dependency
2026-05-20 21:28:08.172 +0700 [debug] (validate.js) running validator manifest-scripts
2026-05-20 21:28:08.172 +0700 [debug] (validate.js) running validator oauth
2026-05-20 21:28:08.172 +0700 [debug] (validate.js) skipping validator pkgsize
2026-05-20 21:28:08.172 +0700 [debug] (validate.js) running validator schema
2026-05-20 21:28:08.172 +0700 [debug] (validate.js) running validator version-check
2026-05-20 21:28:08.172 +0700 [debug] (validate.js) running validator app-settings
2026-05-20 21:28:08.175 +0700 [error] The local server could not be started due to the following issue(s):
2026-05-20 21:28:08.175 +0700 [error] 
2026-05-20 21:28:08.175 +0700 [error] Lint errors:
2026-05-20 21:28:08.175 +0700 [error] [31m✖[39m app/scripts/app.js::73: 'e' is defined but never used.
2026-05-20 21:28:08.175 +0700 [error] 
2026-05-20 21:28:08.189 +0700 [debug] (report.js) Generating hash for report.json file
2026-05-20 21:29:07.658 +0700 [debug] (configs.js) loaded default configs as "{"updates":{"manifest_url":"https://cdn.freshdev.io/assets/fdk/updates.json","changelog_url":"https://cdn.freshdev.io/assets/fdk/change-log.json","period":24},"log":{"level":"info"},"javascript":{"ecma_version":2020},"request":{"timeout":15000,"maxFilesPerRequest":5},"global_apps":{"enabled":true},"easel":{"enabled":false},"job":{"timeout":120000}}"
2026-05-20 21:29:07.662 +0700 [debug] (configs.js) loaded global configs as "{"global_apps":{"enabled":"true"},"request":{"timeout":15000},"job":{"timeout":120000}}"
2026-05-20 21:29:07.662 +0700 [debug] (configs.js) loaded local configs as "{"request":{"timeout":15000},"job":{"timeout":120000},"global_apps":{"enabled":"true"}}"
2026-05-20 21:29:07.662 +0700 [debug] (configs.js) loaded env configs as "{"updates":{},"log":{},"javascript":{},"request":{"timeout":15000,"maxFilesPerRequest":5},"job":{"timeout":120000}}"
2026-05-20 21:29:07.662 +0700 [debug] (configs.js) loaded resolved configs as "{"updates":{"manifest_url":"https://cdn.freshdev.io/assets/fdk/updates.json","changelog_url":"https://cdn.freshdev.io/assets/fdk/change-log.json","period":24},"log":{"level":"info"},"javascript":{"ecma_version":2020},"request":{"timeout":15000,"maxFilesPerRequest":5},"global_apps":{"enabled":"true"},"easel":{"enabled":false},"job":{"timeout":120000}}"
2026-05-20 21:29:07.662 +0700 [debug] (logger.js) Starting FDK in node v24.11.1 on darwin
2026-05-20 21:29:07.662 +0700 [debug] (sequelize.js) setting up sqilite at "/Users/kevin/freshdesk-app/.fdk/store.sqlite"
2026-05-20 21:29:07.662 +0700 [debug] (data.js) Read {"version_details":{"cli":{"deprecated":{"version":"<9","message":"This FDK version has been deprecated. There will be no further feature updates to this version. For a seamless app-building experience, ensure to move to the latest FDK version. For more information, see https://developers.freshworks.com/docs/app-sdk/v2.3/freshdesk/migration-guide/#migrate-to-the-latest-platform-version."},"forced":{"version":"7.0.0","command":"npm install https://dl.freshdev.io/cli/fdk-7.0.0.tgz -g","message":"Your FDK version has been forced updated to v7.0.0, please visit https://community.developers.freshworks.com/t/fdk-v7-0-announcing-node-js-v12-and-es6-support/3606 to know more"},"latest":{"version":"10.1.2","command":"npm install https://cdn.freshdev.io/fdk/latest-v24.tgz -g","message":"You are on the latest FDK version. For information on the features available as part of this FDK version, see https://developers.freshworks.com/docs/?tab=modules."}},"addon":{"version":"2.2.7","url":"https://cdn.freshdev.io/assets/fdk/addons/addon.zip"}},"last_updated":{"time_stamp":1779285176837}}
2026-05-20 21:29:07.662 +0700 [debug] (updater.js) last check less than 24 hours ago, not looking for updates
2026-05-20 21:29:07.664 +0700 [debug] (index.js) running with opts {}
2026-05-20 21:29:07.729 +0700 [debug] (data.js) Read {"version_details":{"cli":{"deprecated":{"version":"<9","message":"This FDK version has been deprecated. There will be no further feature updates to this version. For a seamless app-building experience, ensure to move to the latest FDK version. For more information, see https://developers.freshworks.com/docs/app-sdk/v2.3/freshdesk/migration-guide/#migrate-to-the-latest-platform-version."},"forced":{"version":"7.0.0","command":"npm install https://dl.freshdev.io/cli/fdk-7.0.0.tgz -g","message":"Your FDK version has been forced updated to v7.0.0, please visit https://community.developers.freshworks.com/t/fdk-v7-0-announcing-node-js-v12-and-es6-support/3606 to know more"},"latest":{"version":"10.1.2","command":"npm install https://cdn.freshdev.io/fdk/latest-v24.tgz -g","message":"You are on the latest FDK version. For information on the features available as part of this FDK version, see https://developers.freshworks.com/docs/?tab=modules."}},"addon":{"version":"2.2.7","url":"https://cdn.freshdev.io/assets/fdk/addons/addon.zip"}},"last_updated":{"time_stamp":1779285176837}}
2026-05-20 21:29:07.731 +0700 [debug] (manifest.js) Reloading manifest with {"platform-version":"3.0","modules":{"common":{"location":{"full_page_app":{"url":"index.html","icon":"styles/images/icon.svg"}}},"support_ticket":{}},"engines":{"node":"24.11.1","fdk":"10.1.2"}}.
2026-05-20 21:29:07.731 +0700 [debug] (manifest.js) Inferred db as features.
2026-05-20 21:29:07.753 +0700 [debug] (data.js) Read {"version_details":{"cli":{"deprecated":{"version":"<9","message":"This FDK version has been deprecated. There will be no further feature updates to this version. For a seamless app-building experience, ensure to move to the latest FDK version. For more information, see https://developers.freshworks.com/docs/app-sdk/v2.3/freshdesk/migration-guide/#migrate-to-the-latest-platform-version."},"forced":{"version":"7.0.0","command":"npm install https://dl.freshdev.io/cli/fdk-7.0.0.tgz -g","message":"Your FDK version has been forced updated to v7.0.0, please visit https://community.developers.freshworks.com/t/fdk-v7-0-announcing-node-js-v12-and-es6-support/3606 to know more"},"latest":{"version":"10.1.2","command":"npm install https://cdn.freshdev.io/fdk/latest-v24.tgz -g","message":"You are on the latest FDK version. For information on the features available as part of this FDK version, see https://developers.freshworks.com/docs/?tab=modules."}},"addon":{"version":"2.2.7","url":"https://cdn.freshdev.io/assets/fdk/addons/addon.zip"}},"last_updated":{"time_stamp":1779285176837}}
2026-05-20 21:29:07.899 +0700 [debug] (coverage.js) INIT: About to merge initial coverage data with 1 files
2026-05-20 21:29:07.899 +0700 [debug] (coverage.js) INIT: After merge - Files in map: 1
2026-05-20 21:29:07.938 +0700 [debug] (index.js) Initializing AJV schemas from individual files
2026-05-20 21:29:07.938 +0700 [debug] (index.js) Compiling schemas...
2026-05-20 21:29:07.945 +0700 [debug] (index.js) All schemas compiled successfully
2026-05-20 21:29:07.974 +0700 [debug] (index.js) loading model at "/Users/kevin/.nvm/versions/node/v24.11.1/lib/node_modules/@freshworks/fdk/lib/models/bigint-pivot.js"
2026-05-20 21:29:07.975 +0700 [debug] (index.js) loading model at "/Users/kevin/.nvm/versions/node/v24.11.1/lib/node_modules/@freshworks/fdk/lib/models/entity-field-choice.js"
2026-05-20 21:29:07.975 +0700 [debug] (index.js) loading model at "/Users/kevin/.nvm/versions/node/v24.11.1/lib/node_modules/@freshworks/fdk/lib/models/entity-field.js"
2026-05-20 21:29:07.976 +0700 [debug] (index.js) loading model at "/Users/kevin/.nvm/versions/node/v24.11.1/lib/node_modules/@freshworks/fdk/lib/models/entity.js"
2026-05-20 21:29:07.976 +0700 [debug] (index.js) loading model at "/Users/kevin/.nvm/versions/node/v24.11.1/lib/node_modules/@freshworks/fdk/lib/models/files.js"
2026-05-20 21:29:07.976 +0700 [debug] (index.js) loading model at "/Users/kevin/.nvm/versions/node/v24.11.1/lib/node_modules/@freshworks/fdk/lib/models/oauth-details.js"
2026-05-20 21:29:07.977 +0700 [debug] (index.js) loading model at "/Users/kevin/.nvm/versions/node/v24.11.1/lib/node_modules/@freshworks/fdk/lib/models/record.js"
2026-05-20 21:29:07.978 +0700 [debug] (index.js) loading model at "/Users/kevin/.nvm/versions/node/v24.11.1/lib/node_modules/@freshworks/fdk/lib/models/string-pivot.js"
2026-05-20 21:29:08.025 +0700 [debug] (index.js) 'schema: ' [object Object]
2026-05-20 21:29:08.032 +0700 [debug] (index.js) 'schema: ' [object Object]
2026-05-20 21:29:08.032 +0700 [debug] (index.js) 'schema: ' [object Object]
2026-05-20 21:29:08.032 +0700 [debug] (index.js) 'schema: ' [object Object]
2026-05-20 21:29:08.033 +0700 [debug] (index.js) 'schema: ' [object Object]
2026-05-20 21:29:08.034 +0700 [debug] (index.js) 'schema: ' [object Object]
2026-05-20 21:29:08.035 +0700 [debug] (index.js) 'schema: ' [object Object]
2026-05-20 21:29:08.038 +0700 [debug] (index.js) 'schema: ' [object Object]
2026-05-20 21:29:08.038 +0700 [debug] (index.js) 'schema: ' [object Object]
2026-05-20 21:29:08.038 +0700 [debug] (index.js) 'schema: ' [object Object]
2026-05-20 21:29:08.041 +0700 [debug] (index.js) 'schema: ' [object Object]
2026-05-20 21:29:08.041 +0700 [debug] (index.js) 'schema: ' [object Object]
2026-05-20 21:29:08.043 +0700 [debug] (index.js) 'schema: ' [object Object]
2026-05-20 21:29:08.043 +0700 [debug] (index.js) 'schema: ' [object Object]
2026-05-20 21:29:08.043 +0700 [debug] (index.js) 'schema: ' [object Object]
2026-05-20 21:29:08.044 +0700 [debug] (index.js) 'schema: ' [object Object]
2026-05-20 21:29:08.045 +0700 [debug] (index.js) 'schema: ' [object Object]
2026-05-20 21:29:08.051 +0700 [debug] (index.js) 'schema: ' [object Object]
2026-05-20 21:29:08.186 +0700 [debug] (data.js) Read {"version_details":{"cli":{"deprecated":{"version":"<9","message":"This FDK version has been deprecated. There will be no further feature updates to this version. For a seamless app-building experience, ensure to move to the latest FDK version. For more information, see https://developers.freshworks.com/docs/app-sdk/v2.3/freshdesk/migration-guide/#migrate-to-the-latest-platform-version."},"forced":{"version":"7.0.0","command":"npm install https://dl.freshdev.io/cli/fdk-7.0.0.tgz -g","message":"Your FDK version has been forced updated to v7.0.0, please visit https://community.developers.freshworks.com/t/fdk-v7-0-announcing-node-js-v12-and-es6-support/3606 to know more"},"latest":{"version":"10.1.2","command":"npm install https://cdn.freshdev.io/fdk/latest-v24.tgz -g","message":"You are on the latest FDK version. For information on the features available as part of this FDK version, see https://developers.freshworks.com/docs/?tab=modules."}},"addon":{"version":"2.2.7","url":"https://cdn.freshdev.io/assets/fdk/addons/addon.zip"}},"last_updated":{"time_stamp":1779285176837}}
2026-05-20 21:29:08.773 +0700 [debug] (validate.js) asked to skip the following validations, 
2026-05-20 21:29:08.773 +0700 [debug] (validate.js) running validator actions
2026-05-20 21:29:08.773 +0700 [debug] (validate.js) running validator requests
2026-05-20 21:29:08.773 +0700 [debug] (validate.js) running validator app-dir
2026-05-20 21:29:08.773 +0700 [debug] (validate.js) running validator config-dir
2026-05-20 21:29:08.773 +0700 [debug] (config-dir.js) Checking to see if /Users/kevin/freshdesk-app/config/ exists.
2026-05-20 21:29:08.774 +0700 [debug] (config-dir.js) Fetched the following config files iparams.json
2026-05-20 21:29:08.774 +0700 [debug] (validate.js) running validator custom-objects
2026-05-20 21:29:08.774 +0700 [debug] (validate.js) running validator event
2026-05-20 21:29:08.774 +0700 [debug] (validate.js) running validator iparam
2026-05-20 21:29:08.775 +0700 [debug] (validate.js) running validator lint
2026-05-20 21:29:08.775 +0700 [debug] (lint.js) passed fix flag: undefined
2026-05-20 21:29:08.775 +0700 [debug] (lint.js) Running the following lints on the file app/scripts/app.js : no-eval,no-alert,no-debugger,no-unreachable,no-duplicate-imports,constructor-super,for-direction,no-class-assign,no-new-native-nonconstructor,valid-typeof,no-eq-null,no-var,require-await,no-unreachable-loop,no-redeclare,no-self-assign,no-setter-return,no-shadow-restricted-names,no-this-before-super,no-unsafe-finally,no-unsafe-optional-chaining,no-unused-vars,no-useless-catch,eqeqeq,prefer-const,require-yield,no-global-assign,no-caller,no-process-env,complexity,max-nested-callbacks,handle-callback-err,getter-return,no-async-promise-executor,no-case-declarations,no-compare-neg-zero,no-cond-assign,no-const-assign,no-constant-condition,no-control-regex,no-delete-var,no-dupe-args,no-dupe-class-members,no-dupe-else-if,no-dupe-keys,no-duplicate-case,no-empty,no-empty-character-class,no-empty-pattern,no-ex-assign,no-extra-boolean-cast,no-extra-semi,no-fallthrough,no-func-assign,no-import-assign,no-inner-declarations,no-invalid-regexp,no-irregular-whitespace,no-loss-of-precision,no-misleading-character-class,no-mixed-spaces-and-tabs,no-nonoctal-decimal-escape,no-obj-calls,no-octal,no-prototype-builtins,no-regex-spaces,no-sparse-arrays,no-unexpected-multiline,no-unsafe-negation,no-unused-labels,no-useless-backreference,no-useless-escape,no-with,use-isnan,no-unpkg-cdn,no-proxy-requests,no-unhandled-promise,no-logging-rejections,no-non-client-request-model,no-deprecated-apis,no-cross-scope-assign,no-empty-function
2026-05-20 21:29:08.853 +0700 [debug] (validate.js) running validator manifest
2026-05-20 21:29:08.853 +0700 [debug] (validate.js) skipping validator manifest-dependency
2026-05-20 21:29:08.853 +0700 [debug] (validate.js) running validator manifest-scripts
2026-05-20 21:29:08.853 +0700 [debug] (validate.js) running validator oauth
2026-05-20 21:29:08.853 +0700 [debug] (validate.js) skipping validator pkgsize
2026-05-20 21:29:08.853 +0700 [debug] (validate.js) running validator schema
2026-05-20 21:29:08.853 +0700 [debug] (validate.js) running validator version-check
2026-05-20 21:29:08.853 +0700 [debug] (validate.js) running validator app-settings
2026-05-20 21:29:08.858 +0700 [debug] (watcher.js) Preparing to watch the following files ./app,./config,./manifest.json
2026-05-20 21:29:08.903 +0700 [debug] (data.js) Read {"freshd_101_101_migrate_oauth_status":true,"report_hash":"ab84e25d1795ca9137c4453876c345c10e9d0bb853800c1efa126f4ff2967d36"}
2026-05-20 21:29:08.904 +0700 [debug] (custom-objects.js) to force or not? undefined
2026-05-20 21:29:08.904 +0700 [debug] (custom-objects.js) beginning to re-sync db
2026-05-20 21:29:08.953 +0700 [debug] (data.js) Read {"freshd_101_101_migrate_oauth_status":true,"report_hash":"ab84e25d1795ca9137c4453876c345c10e9d0bb853800c1efa126f4ff2967d36"}
2026-05-20 21:29:08.953 +0700 [debug] (custom-objects.js) updated local store with latest entity hash
2026-05-20 21:29:08.953 +0700 [debug] (run.js) migrate stored oauth configs from localstore to sqlite
2026-05-20 21:29:08.953 +0700 [debug] (data.js) Read {"freshd_101_101_migrate_oauth_status":true,"report_hash":"ab84e25d1795ca9137c4453876c345c10e9d0bb853800c1efa126f4ff2967d36"}
2026-05-20 21:29:08.953 +0700 [debug] (data.js) Read {"freshd_101_101_migrate_oauth_status":true,"report_hash":"ab84e25d1795ca9137c4453876c345c10e9d0bb853800c1efa126f4ff2967d36"}
2026-05-20 21:29:08.953 +0700 [debug] (oauth.js) migration completed, returning
2026-05-20 21:29:08.954 +0700 [info] Starting local testing server at http://*:10001/    
Append 'dev=true' to your current host URL to start testing    
     
e.g:     
2026-05-20 21:29:08.954 +0700 [info]   https://domain.freshdesk.com/a/tickets/1?dev=true
2026-05-20 21:29:08.954 +0700 [info] 
Quit the server with Control-C.
2026-05-20 21:29:11.945 +0700 [debug] (coverage.js) Writing coverage.
2026-05-20 21:29:22.859 +0700 [debug] (oauth.js) Fetching oauth configs of product : modules
2026-05-20 21:29:22.859 +0700 [debug] (iframe.js) Checking is authorized for all oauths 
2026-05-20 21:29:22.860 +0700 [debug] (data.js) Read {"freshd_101_101_migrate_oauth_status":true,"report_hash":"ab84e25d1795ca9137c4453876c345c10e9d0bb853800c1efa126f4ff2967d36"}
2026-05-20 21:29:22.862 +0700 [debug] (data.js) Read {"freshd_101_101_migrate_oauth_status":true,"report_hash":"ab84e25d1795ca9137c4453876c345c10e9d0bb853800c1efa126f4ff2967d36"}
2026-05-20 21:29:22.862 +0700 [debug] (iframe.js) Responding to product with {"configs":{},"displayName":"freshdesk-app","product":{"freshdesk":{"location":{"full_page_app":{"url":"agent/index.html","icon":"agent/styles/images/icon.svg"}}}},"modules":{"common":{"location":{"full_page_app":{"url":"index.html","icon":"styles/images/icon.svg"}}},"support_ticket":{}},"features":["db"],"actions":false,"omni":false,"products":["freshdesk"],"platform":"3.0","isInstall":false,"oauth_configs_list":[],"subscribed_modules":null,"endpoint_urls":null,"product_types":{},"currentHost":{"subscribed_modules":null,"endpoint_urls":null,"org_domain":null,"product_types":{}},"isAuthorized":true,"v2":[]}
2026-05-20 21:29:23.140 +0700 [debug] (oauth.js) Fetching oauth configs of product : modules
2026-05-20 21:29:23.140 +0700 [debug] (iframe.js) Checking is authorized for all oauths 
2026-05-20 21:29:23.141 +0700 [debug] (data.js) Read {"freshd_101_101_migrate_oauth_status":true,"report_hash":"ab84e25d1795ca9137c4453876c345c10e9d0bb853800c1efa126f4ff2967d36"}
2026-05-20 21:29:23.142 +0700 [debug] (data.js) Read {"freshd_101_101_migrate_oauth_status":true,"report_hash":"ab84e25d1795ca9137c4453876c345c10e9d0bb853800c1efa126f4ff2967d36"}
2026-05-20 21:29:23.142 +0700 [debug] (iframe.js) Responding to product with {"configs":{},"displayName":"freshdesk-app","product":{"freshdesk":{"location":{"full_page_app":{"url":"agent/index.html","icon":"agent/styles/images/icon.svg"}}}},"modules":{"common":{"location":{"full_page_app":{"url":"index.html","icon":"styles/images/icon.svg"}}},"support_ticket":{}},"features":["db"],"actions":false,"omni":false,"products":["freshdesk"],"platform":"3.0","isInstall":false,"oauth_configs_list":[],"subscribed_modules":null,"endpoint_urls":null,"product_types":{},"currentHost":{"subscribed_modules":null,"endpoint_urls":null,"org_domain":null,"product_types":{}},"isAuthorized":true,"v2":[]}
2026-05-20 21:29:23.408 +0700 [debug] (oauth.js) Fetching oauth configs of product : modules
2026-05-20 21:29:23.409 +0700 [debug] (iframe.js) Checking is authorized for all oauths 
2026-05-20 21:29:23.410 +0700 [debug] (data.js) Read {"freshd_101_101_migrate_oauth_status":true,"report_hash":"ab84e25d1795ca9137c4453876c345c10e9d0bb853800c1efa126f4ff2967d36"}
2026-05-20 21:29:23.411 +0700 [debug] (data.js) Read {"freshd_101_101_migrate_oauth_status":true,"report_hash":"ab84e25d1795ca9137c4453876c345c10e9d0bb853800c1efa126f4ff2967d36"}
2026-05-20 21:29:23.411 +0700 [debug] (iframe.js) Responding to product with {"configs":{},"displayName":"freshdesk-app","product":{"freshdesk":{"location":{"full_page_app":{"url":"agent/index.html","icon":"agent/styles/images/icon.svg"}}}},"modules":{"common":{"location":{"full_page_app":{"url":"index.html","icon":"styles/images/icon.svg"}}},"support_ticket":{}},"features":["db"],"actions":false,"omni":false,"products":["freshdesk"],"platform":"3.0","isInstall":false,"oauth_configs_list":[],"subscribed_modules":null,"endpoint_urls":null,"product_types":{},"currentHost":{"subscribed_modules":null,"endpoint_urls":null,"org_domain":null,"product_types":{}},"isAuthorized":true,"v2":[]}
2026-05-20 21:29:23.701 +0700 [debug] (oauth.js) Fetching oauth configs of product : modules
2026-05-20 21:29:23.701 +0700 [debug] (iframe.js) Checking is authorized for all oauths 
2026-05-20 21:29:23.702 +0700 [debug] (data.js) Read {"freshd_101_101_migrate_oauth_status":true,"report_hash":"ab84e25d1795ca9137c4453876c345c10e9d0bb853800c1efa126f4ff2967d36"}
2026-05-20 21:29:23.702 +0700 [debug] (data.js) Read {"freshd_101_101_migrate_oauth_status":true,"report_hash":"ab84e25d1795ca9137c4453876c345c10e9d0bb853800c1efa126f4ff2967d36"}
2026-05-20 21:29:23.702 +0700 [debug] (iframe.js) Responding to product with {"configs":{},"displayName":"freshdesk-app","product":{"freshdesk":{"location":{"full_page_app":{"url":"agent/index.html","icon":"agent/styles/images/icon.svg"}}}},"modules":{"common":{"location":{"full_page_app":{"url":"index.html","icon":"styles/images/icon.svg"}}},"support_ticket":{}},"features":["db"],"actions":false,"omni":false,"products":["freshdesk"],"platform":"3.0","isInstall":false,"oauth_configs_list":[],"subscribed_modules":null,"endpoint_urls":null,"product_types":{},"currentHost":{"subscribed_modules":null,"endpoint_urls":null,"org_domain":null,"product_types":{}},"isAuthorized":true,"v2":[]}
2026-05-20 21:29:23.714 +0700 [debug] (http.js) Failed to parse URL: , error: Invalid URL
2026-05-20 21:29:23.715 +0700 [debug] (http.js) Failed to parse URL: , error: Invalid URL
2026-05-20 21:29:23.716 +0700 [debug] (iframe.js) Responding with contents of /index.html
2026-05-20 21:29:23.758 +0700 [debug] (iframe.js) Responding with contents of /scripts/app.js
2026-05-20 21:29:23.758 +0700 [debug] (coverage.js) Instrumenting /Users/kevin/freshdesk-app/app/scripts/app.js
2026-05-20 21:29:25.917 +0700 [debug] (coverage.js) Writing coverage.
2026-05-20 21:29:39.340 +0700 [debug] (oauth.js) Fetching oauth configs of product : modules
2026-05-20 21:29:39.341 +0700 [debug] (iframe.js) Checking is authorized for all oauths 
2026-05-20 21:29:39.343 +0700 [debug] (data.js) Read {"freshd_101_101_migrate_oauth_status":true,"report_hash":"ab84e25d1795ca9137c4453876c345c10e9d0bb853800c1efa126f4ff2967d36"}
2026-05-20 21:29:39.344 +0700 [debug] (data.js) Read {"freshd_101_101_migrate_oauth_status":true,"report_hash":"ab84e25d1795ca9137c4453876c345c10e9d0bb853800c1efa126f4ff2967d36"}
2026-05-20 21:29:39.345 +0700 [debug] (iframe.js) Responding to product with {"configs":{},"displayName":"freshdesk-app","product":{"freshdesk":{"location":{"full_page_app":{"url":"agent/index.html","icon":"agent/styles/images/icon.svg"}}}},"modules":{"common":{"location":{"full_page_app":{"url":"index.html","icon":"styles/images/icon.svg"}}},"support_ticket":{}},"features":["db"],"actions":false,"omni":false,"products":["freshdesk"],"platform":"3.0","isInstall":false,"oauth_configs_list":[],"subscribed_modules":null,"endpoint_urls":null,"product_types":{},"currentHost":{"subscribed_modules":null,"endpoint_urls":null,"org_domain":null,"product_types":{}},"isAuthorized":true,"v2":[]}
2026-05-20 21:29:39.648 +0700 [debug] (oauth.js) Fetching oauth configs of product : modules
2026-05-20 21:29:39.648 +0700 [debug] (iframe.js) Checking is authorized for all oauths 
2026-05-20 21:29:39.649 +0700 [debug] (data.js) Read {"freshd_101_101_migrate_oauth_status":true,"report_hash":"ab84e25d1795ca9137c4453876c345c10e9d0bb853800c1efa126f4ff2967d36"}
2026-05-20 21:29:39.650 +0700 [debug] (data.js) Read {"freshd_101_101_migrate_oauth_status":true,"report_hash":"ab84e25d1795ca9137c4453876c345c10e9d0bb853800c1efa126f4ff2967d36"}
2026-05-20 21:29:39.650 +0700 [debug] (iframe.js) Responding to product with {"configs":{},"displayName":"freshdesk-app","product":{"freshdesk":{"location":{"full_page_app":{"url":"agent/index.html","icon":"agent/styles/images/icon.svg"}}}},"modules":{"common":{"location":{"full_page_app":{"url":"index.html","icon":"styles/images/icon.svg"}}},"support_ticket":{}},"features":["db"],"actions":false,"omni":false,"products":["freshdesk"],"platform":"3.0","isInstall":false,"oauth_configs_list":[],"subscribed_modules":null,"endpoint_urls":null,"product_types":{},"currentHost":{"subscribed_modules":null,"endpoint_urls":null,"org_domain":null,"product_types":{}},"isAuthorized":true,"v2":[]}
2026-05-20 21:29:39.962 +0700 [debug] (oauth.js) Fetching oauth configs of product : modules
2026-05-20 21:29:39.963 +0700 [debug] (iframe.js) Checking is authorized for all oauths 
2026-05-20 21:29:39.963 +0700 [debug] (data.js) Read {"freshd_101_101_migrate_oauth_status":true,"report_hash":"ab84e25d1795ca9137c4453876c345c10e9d0bb853800c1efa126f4ff2967d36"}
2026-05-20 21:29:39.964 +0700 [debug] (data.js) Read {"freshd_101_101_migrate_oauth_status":true,"report_hash":"ab84e25d1795ca9137c4453876c345c10e9d0bb853800c1efa126f4ff2967d36"}
2026-05-20 21:29:39.964 +0700 [debug] (iframe.js) Responding to product with {"configs":{},"displayName":"freshdesk-app","product":{"freshdesk":{"location":{"full_page_app":{"url":"agent/index.html","icon":"agent/styles/images/icon.svg"}}}},"modules":{"common":{"location":{"full_page_app":{"url":"index.html","icon":"styles/images/icon.svg"}}},"support_ticket":{}},"features":["db"],"actions":false,"omni":false,"products":["freshdesk"],"platform":"3.0","isInstall":false,"oauth_configs_list":[],"subscribed_modules":null,"endpoint_urls":null,"product_types":{},"currentHost":{"subscribed_modules":null,"endpoint_urls":null,"org_domain":null,"product_types":{}},"isAuthorized":true,"v2":[]}
2026-05-20 21:29:40.238 +0700 [debug] (oauth.js) Fetching oauth configs of product : modules
2026-05-20 21:29:40.238 +0700 [debug] (iframe.js) Checking is authorized for all oauths 
2026-05-20 21:29:40.239 +0700 [debug] (data.js) Read {"freshd_101_101_migrate_oauth_status":true,"report_hash":"ab84e25d1795ca9137c4453876c345c10e9d0bb853800c1efa126f4ff2967d36"}
2026-05-20 21:29:40.240 +0700 [debug] (data.js) Read {"freshd_101_101_migrate_oauth_status":true,"report_hash":"ab84e25d1795ca9137c4453876c345c10e9d0bb853800c1efa126f4ff2967d36"}
2026-05-20 21:29:40.240 +0700 [debug] (iframe.js) Responding to product with {"configs":{},"displayName":"freshdesk-app","product":{"freshdesk":{"location":{"full_page_app":{"url":"agent/index.html","icon":"agent/styles/images/icon.svg"}}}},"modules":{"common":{"location":{"full_page_app":{"url":"index.html","icon":"styles/images/icon.svg"}}},"support_ticket":{}},"features":["db"],"actions":false,"omni":false,"products":["freshdesk"],"platform":"3.0","isInstall":false,"oauth_configs_list":[],"subscribed_modules":null,"endpoint_urls":null,"product_types":{},"currentHost":{"subscribed_modules":null,"endpoint_urls":null,"org_domain":null,"product_types":{}},"isAuthorized":true,"v2":[]}
2026-05-20 21:29:40.269 +0700 [debug] (http.js) Failed to parse URL: , error: Invalid URL
2026-05-20 21:29:40.270 +0700 [debug] (iframe.js) Responding with contents of /index.html
2026-05-20 21:29:40.282 +0700 [debug] (iframe.js) Responding with contents of /scripts/app.js
2026-05-20 21:29:40.283 +0700 [debug] (coverage.js) Instrumenting /Users/kevin/freshdesk-app/app/scripts/app.js
2026-05-20 21:29:42.318 +0700 [debug] (coverage.js) Writing coverage.
2026-05-20 21:35:30.804 +0700 [debug] (manifest.js) Reloading manifest with {"platform-version":"3.0","modules":{"common":{"location":{"cti_global_sidebar":{"url":"index.html","icon":"styles/images/icon.svg"}}},"support_ticket":{}},"engines":{"node":"24.11.1","fdk":"10.1.2"}}.
2026-05-20 21:35:30.804 +0700 [debug] (manifest.js) Inferred db as features.
2026-05-20 21:35:30.806 +0700 [debug] (watcher.js) Broadcasted "{"file":"manifest.json"}" to all listeners.
2026-05-20 21:35:30.821 +0700 [debug] (iframe.js) Responding with contents of /index.html
2026-05-20 21:35:30.841 +0700 [debug] (iframe.js) Responding with contents of /scripts/app.js
2026-05-20 21:35:30.841 +0700 [debug] (coverage.js) Instrumenting /Users/kevin/freshdesk-app/app/scripts/app.js
2026-05-20 21:35:32.279 +0700 [info] 
NOTE: We recommend a coverage of 80% for apps that are to be published in the public marketplace.
2026-05-20 21:35:38.386 +0700 [debug] (configs.js) loaded default configs as "{"updates":{"manifest_url":"https://cdn.freshdev.io/assets/fdk/updates.json","changelog_url":"https://cdn.freshdev.io/assets/fdk/change-log.json","period":24},"log":{"level":"info"},"javascript":{"ecma_version":2020},"request":{"timeout":15000,"maxFilesPerRequest":5},"global_apps":{"enabled":true},"easel":{"enabled":false},"job":{"timeout":120000}}"
2026-05-20 21:35:38.397 +0700 [debug] (configs.js) loaded global configs as "{"global_apps":{"enabled":"true"},"request":{"timeout":15000},"job":{"timeout":120000}}"
2026-05-20 21:35:38.397 +0700 [debug] (configs.js) loaded local configs as "{"request":{"timeout":15000},"job":{"timeout":120000},"global_apps":{"enabled":"true"}}"
2026-05-20 21:35:38.398 +0700 [debug] (configs.js) loaded env configs as "{"updates":{},"log":{},"javascript":{},"request":{"timeout":15000,"maxFilesPerRequest":5},"job":{"timeout":120000}}"
2026-05-20 21:35:38.398 +0700 [debug] (configs.js) loaded resolved configs as "{"updates":{"manifest_url":"https://cdn.freshdev.io/assets/fdk/updates.json","changelog_url":"https://cdn.freshdev.io/assets/fdk/change-log.json","period":24},"log":{"level":"info"},"javascript":{"ecma_version":2020},"request":{"timeout":15000,"maxFilesPerRequest":5},"global_apps":{"enabled":"true"},"easel":{"enabled":false},"job":{"timeout":120000}}"
2026-05-20 21:35:38.399 +0700 [debug] (logger.js) Starting FDK in node v24.11.1 on darwin
2026-05-20 21:35:38.399 +0700 [debug] (sequelize.js) setting up sqilite at "/Users/kevin/freshdesk-app/.fdk/store.sqlite"
2026-05-20 21:35:38.399 +0700 [debug] (data.js) Read {"version_details":{"cli":{"deprecated":{"version":"<9","message":"This FDK version has been deprecated. There will be no further feature updates to this version. For a seamless app-building experience, ensure to move to the latest FDK version. For more information, see https://developers.freshworks.com/docs/app-sdk/v2.3/freshdesk/migration-guide/#migrate-to-the-latest-platform-version."},"forced":{"version":"7.0.0","command":"npm install https://dl.freshdev.io/cli/fdk-7.0.0.tgz -g","message":"Your FDK version has been forced updated to v7.0.0, please visit https://community.developers.freshworks.com/t/fdk-v7-0-announcing-node-js-v12-and-es6-support/3606 to know more"},"latest":{"version":"10.1.2","command":"npm install https://cdn.freshdev.io/fdk/latest-v24.tgz -g","message":"You are on the latest FDK version. For information on the features available as part of this FDK version, see https://developers.freshworks.com/docs/?tab=modules."}},"addon":{"version":"2.2.7","url":"https://cdn.freshdev.io/assets/fdk/addons/addon.zip"}},"last_updated":{"time_stamp":1779285176837}}
2026-05-20 21:35:38.400 +0700 [debug] (updater.js) last check less than 24 hours ago, not looking for updates
2026-05-20 21:35:38.406 +0700 [debug] (index.js) running with opts {}
2026-05-20 21:35:38.488 +0700 [debug] (data.js) Read {"version_details":{"cli":{"deprecated":{"version":"<9","message":"This FDK version has been deprecated. There will be no further feature updates to this version. For a seamless app-building experience, ensure to move to the latest FDK version. For more information, see https://developers.freshworks.com/docs/app-sdk/v2.3/freshdesk/migration-guide/#migrate-to-the-latest-platform-version."},"forced":{"version":"7.0.0","command":"npm install https://dl.freshdev.io/cli/fdk-7.0.0.tgz -g","message":"Your FDK version has been forced updated to v7.0.0, please visit https://community.developers.freshworks.com/t/fdk-v7-0-announcing-node-js-v12-and-es6-support/3606 to know more"},"latest":{"version":"10.1.2","command":"npm install https://cdn.freshdev.io/fdk/latest-v24.tgz -g","message":"You are on the latest FDK version. For information on the features available as part of this FDK version, see https://developers.freshworks.com/docs/?tab=modules."}},"addon":{"version":"2.2.7","url":"https://cdn.freshdev.io/assets/fdk/addons/addon.zip"}},"last_updated":{"time_stamp":1779285176837}}
2026-05-20 21:35:38.489 +0700 [debug] (manifest.js) Reloading manifest with {"platform-version":"3.0","modules":{"common":{"location":{"cti_global_sidebar":{"url":"index.html","icon":"styles/images/icon.svg"}}},"support_ticket":{}},"engines":{"node":"24.11.1","fdk":"10.1.2"}}.
2026-05-20 21:35:38.489 +0700 [debug] (manifest.js) Inferred db as features.
2026-05-20 21:35:38.568 +0700 [debug] (data.js) Read {"version_details":{"cli":{"deprecated":{"version":"<9","message":"This FDK version has been deprecated. There will be no further feature updates to this version. For a seamless app-building experience, ensure to move to the latest FDK version. For more information, see https://developers.freshworks.com/docs/app-sdk/v2.3/freshdesk/migration-guide/#migrate-to-the-latest-platform-version."},"forced":{"version":"7.0.0","command":"npm install https://dl.freshdev.io/cli/fdk-7.0.0.tgz -g","message":"Your FDK version has been forced updated to v7.0.0, please visit https://community.developers.freshworks.com/t/fdk-v7-0-announcing-node-js-v12-and-es6-support/3606 to know more"},"latest":{"version":"10.1.2","command":"npm install https://cdn.freshdev.io/fdk/latest-v24.tgz -g","message":"You are on the latest FDK version. For information on the features available as part of this FDK version, see https://developers.freshworks.com/docs/?tab=modules."}},"addon":{"version":"2.2.7","url":"https://cdn.freshdev.io/assets/fdk/addons/addon.zip"}},"last_updated":{"time_stamp":1779285176837}}
2026-05-20 21:35:38.787 +0700 [debug] (coverage.js) INIT: About to merge initial coverage data with 1 files
2026-05-20 21:35:38.788 +0700 [debug] (coverage.js) INIT: After merge - Files in map: 1
2026-05-20 21:35:38.835 +0700 [debug] (index.js) Initializing AJV schemas from individual files
2026-05-20 21:35:38.835 +0700 [debug] (index.js) Compiling schemas...
2026-05-20 21:35:38.844 +0700 [debug] (index.js) All schemas compiled successfully
2026-05-20 21:35:38.880 +0700 [debug] (index.js) loading model at "/Users/kevin/.nvm/versions/node/v24.11.1/lib/node_modules/@freshworks/fdk/lib/models/bigint-pivot.js"
2026-05-20 21:35:38.880 +0700 [debug] (index.js) loading model at "/Users/kevin/.nvm/versions/node/v24.11.1/lib/node_modules/@freshworks/fdk/lib/models/entity-field-choice.js"
2026-05-20 21:35:38.881 +0700 [debug] (index.js) loading model at "/Users/kevin/.nvm/versions/node/v24.11.1/lib/node_modules/@freshworks/fdk/lib/models/entity-field.js"
2026-05-20 21:35:38.881 +0700 [debug] (index.js) loading model at "/Users/kevin/.nvm/versions/node/v24.11.1/lib/node_modules/@freshworks/fdk/lib/models/entity.js"
2026-05-20 21:35:38.882 +0700 [debug] (index.js) loading model at "/Users/kevin/.nvm/versions/node/v24.11.1/lib/node_modules/@freshworks/fdk/lib/models/files.js"
2026-05-20 21:35:38.882 +0700 [debug] (index.js) loading model at "/Users/kevin/.nvm/versions/node/v24.11.1/lib/node_modules/@freshworks/fdk/lib/models/oauth-details.js"
2026-05-20 21:35:38.883 +0700 [debug] (index.js) loading model at "/Users/kevin/.nvm/versions/node/v24.11.1/lib/node_modules/@freshworks/fdk/lib/models/record.js"
2026-05-20 21:35:38.884 +0700 [debug] (index.js) loading model at "/Users/kevin/.nvm/versions/node/v24.11.1/lib/node_modules/@freshworks/fdk/lib/models/string-pivot.js"
2026-05-20 21:35:38.937 +0700 [debug] (index.js) 'schema: ' [object Object]
2026-05-20 21:35:38.943 +0700 [debug] (index.js) 'schema: ' [object Object]
2026-05-20 21:35:38.944 +0700 [debug] (index.js) 'schema: ' [object Object]
2026-05-20 21:35:38.944 +0700 [debug] (index.js) 'schema: ' [object Object]
2026-05-20 21:35:38.945 +0700 [debug] (index.js) 'schema: ' [object Object]
2026-05-20 21:35:38.945 +0700 [debug] (index.js) 'schema: ' [object Object]
2026-05-20 21:35:38.946 +0700 [debug] (index.js) 'schema: ' [object Object]
2026-05-20 21:35:38.949 +0700 [debug] (index.js) 'schema: ' [object Object]
2026-05-20 21:35:38.949 +0700 [debug] (index.js) 'schema: ' [object Object]
2026-05-20 21:35:38.949 +0700 [debug] (index.js) 'schema: ' [object Object]
2026-05-20 21:35:38.952 +0700 [debug] (index.js) 'schema: ' [object Object]
2026-05-20 21:35:38.953 +0700 [debug] (index.js) 'schema: ' [object Object]
2026-05-20 21:35:38.955 +0700 [debug] (index.js) 'schema: ' [object Object]
2026-05-20 21:35:38.955 +0700 [debug] (index.js) 'schema: ' [object Object]
2026-05-20 21:35:38.955 +0700 [debug] (index.js) 'schema: ' [object Object]
2026-05-20 21:35:38.956 +0700 [debug] (index.js) 'schema: ' [object Object]
2026-05-20 21:35:38.957 +0700 [debug] (index.js) 'schema: ' [object Object]
2026-05-20 21:35:38.963 +0700 [debug] (index.js) 'schema: ' [object Object]
2026-05-20 21:35:39.134 +0700 [debug] (data.js) Read {"version_details":{"cli":{"deprecated":{"version":"<9","message":"This FDK version has been deprecated. There will be no further feature updates to this version. For a seamless app-building experience, ensure to move to the latest FDK version. For more information, see https://developers.freshworks.com/docs/app-sdk/v2.3/freshdesk/migration-guide/#migrate-to-the-latest-platform-version."},"forced":{"version":"7.0.0","command":"npm install https://dl.freshdev.io/cli/fdk-7.0.0.tgz -g","message":"Your FDK version has been forced updated to v7.0.0, please visit https://community.developers.freshworks.com/t/fdk-v7-0-announcing-node-js-v12-and-es6-support/3606 to know more"},"latest":{"version":"10.1.2","command":"npm install https://cdn.freshdev.io/fdk/latest-v24.tgz -g","message":"You are on the latest FDK version. For information on the features available as part of this FDK version, see https://developers.freshworks.com/docs/?tab=modules."}},"addon":{"version":"2.2.7","url":"https://cdn.freshdev.io/assets/fdk/addons/addon.zip"}},"last_updated":{"time_stamp":1779285176837}}
2026-05-20 21:35:39.932 +0700 [debug] (validate.js) asked to skip the following validations, 
2026-05-20 21:35:39.932 +0700 [debug] (validate.js) running validator actions
2026-05-20 21:35:39.932 +0700 [debug] (validate.js) running validator requests
2026-05-20 21:35:39.932 +0700 [debug] (validate.js) running validator app-dir
2026-05-20 21:35:39.932 +0700 [debug] (validate.js) running validator config-dir
2026-05-20 21:35:39.932 +0700 [debug] (config-dir.js) Checking to see if /Users/kevin/freshdesk-app/config/ exists.
2026-05-20 21:35:39.932 +0700 [debug] (config-dir.js) Fetched the following config files iparams.json
2026-05-20 21:35:39.932 +0700 [debug] (validate.js) running validator custom-objects
2026-05-20 21:35:39.932 +0700 [debug] (validate.js) running validator event
2026-05-20 21:35:39.932 +0700 [debug] (validate.js) running validator iparam
2026-05-20 21:35:39.933 +0700 [debug] (validate.js) running validator lint
2026-05-20 21:35:39.933 +0700 [debug] (lint.js) passed fix flag: undefined
2026-05-20 21:35:39.934 +0700 [debug] (lint.js) Running the following lints on the file app/scripts/app.js : no-eval,no-alert,no-debugger,no-unreachable,no-duplicate-imports,constructor-super,for-direction,no-class-assign,no-new-native-nonconstructor,valid-typeof,no-eq-null,no-var,require-await,no-unreachable-loop,no-redeclare,no-self-assign,no-setter-return,no-shadow-restricted-names,no-this-before-super,no-unsafe-finally,no-unsafe-optional-chaining,no-unused-vars,no-useless-catch,eqeqeq,prefer-const,require-yield,no-global-assign,no-caller,no-process-env,complexity,max-nested-callbacks,handle-callback-err,getter-return,no-async-promise-executor,no-case-declarations,no-compare-neg-zero,no-cond-assign,no-const-assign,no-constant-condition,no-control-regex,no-delete-var,no-dupe-args,no-dupe-class-members,no-dupe-else-if,no-dupe-keys,no-duplicate-case,no-empty,no-empty-character-class,no-empty-pattern,no-ex-assign,no-extra-boolean-cast,no-extra-semi,no-fallthrough,no-func-assign,no-import-assign,no-inner-declarations,no-invalid-regexp,no-irregular-whitespace,no-loss-of-precision,no-misleading-character-class,no-mixed-spaces-and-tabs,no-nonoctal-decimal-escape,no-obj-calls,no-octal,no-prototype-builtins,no-regex-spaces,no-sparse-arrays,no-unexpected-multiline,no-unsafe-negation,no-unused-labels,no-useless-backreference,no-useless-escape,no-with,use-isnan,no-unpkg-cdn,no-proxy-requests,no-unhandled-promise,no-logging-rejections,no-non-client-request-model,no-deprecated-apis,no-cross-scope-assign,no-empty-function
2026-05-20 21:35:40.016 +0700 [debug] (validate.js) running validator manifest
2026-05-20 21:35:40.016 +0700 [debug] (validate.js) skipping validator manifest-dependency
2026-05-20 21:35:40.016 +0700 [debug] (validate.js) running validator manifest-scripts
2026-05-20 21:35:40.016 +0700 [debug] (validate.js) running validator oauth
2026-05-20 21:35:40.016 +0700 [debug] (validate.js) skipping validator pkgsize
2026-05-20 21:35:40.016 +0700 [debug] (validate.js) running validator schema
2026-05-20 21:35:40.016 +0700 [debug] (validate.js) running validator version-check
2026-05-20 21:35:40.016 +0700 [debug] (validate.js) running validator app-settings
2026-05-20 21:35:40.021 +0700 [debug] (watcher.js) Preparing to watch the following files ./app,./config,./manifest.json
2026-05-20 21:35:40.070 +0700 [debug] (data.js) Read {"freshd_101_101_migrate_oauth_status":true,"report_hash":"3b41b119935ab6296f5857bdf30e5521fa878bc8ea436b7dd84d1ac3a306e657"}
2026-05-20 21:35:40.070 +0700 [debug] (custom-objects.js) to force or not? undefined
2026-05-20 21:35:40.070 +0700 [debug] (custom-objects.js) beginning to re-sync db
2026-05-20 21:35:40.119 +0700 [debug] (data.js) Read {"freshd_101_101_migrate_oauth_status":true,"report_hash":"3b41b119935ab6296f5857bdf30e5521fa878bc8ea436b7dd84d1ac3a306e657"}
2026-05-20 21:35:40.119 +0700 [debug] (custom-objects.js) updated local store with latest entity hash
2026-05-20 21:35:40.119 +0700 [debug] (run.js) migrate stored oauth configs from localstore to sqlite
2026-05-20 21:35:40.119 +0700 [debug] (data.js) Read {"freshd_101_101_migrate_oauth_status":true,"report_hash":"3b41b119935ab6296f5857bdf30e5521fa878bc8ea436b7dd84d1ac3a306e657"}
2026-05-20 21:35:40.119 +0700 [debug] (data.js) Read {"freshd_101_101_migrate_oauth_status":true,"report_hash":"3b41b119935ab6296f5857bdf30e5521fa878bc8ea436b7dd84d1ac3a306e657"}
2026-05-20 21:35:40.119 +0700 [debug] (oauth.js) migration completed, returning
2026-05-20 21:35:40.119 +0700 [info] Starting local testing server at http://*:10001/    
Append 'dev=true' to your current host URL to start testing    
     
e.g:     
2026-05-20 21:35:40.119 +0700 [info]   https://domain.freshdesk.com/a/tickets/1?dev=true
2026-05-20 21:35:40.119 +0700 [info] 
Quit the server with Control-C.
2026-05-20 21:35:41.891 +0700 [debug] (coverage.js) Writing coverage.
2026-05-20 21:36:04.867 +0700 [debug] (oauth.js) Fetching oauth configs of product : modules
2026-05-20 21:36:04.868 +0700 [debug] (iframe.js) Checking is authorized for all oauths 
2026-05-20 21:36:04.871 +0700 [debug] (data.js) Read {"freshd_101_101_migrate_oauth_status":true,"report_hash":"3b41b119935ab6296f5857bdf30e5521fa878bc8ea436b7dd84d1ac3a306e657"}
2026-05-20 21:36:04.876 +0700 [debug] (data.js) Read {"freshd_101_101_migrate_oauth_status":true,"report_hash":"3b41b119935ab6296f5857bdf30e5521fa878bc8ea436b7dd84d1ac3a306e657"}
2026-05-20 21:36:04.876 +0700 [debug] (iframe.js) Responding to product with {"configs":{},"displayName":"freshdesk-app","product":{"freshdesk":{"location":{"cti_global_sidebar":{"url":"agent/index.html","icon":"agent/styles/images/icon.svg"}}}},"modules":{"common":{"location":{"cti_global_sidebar":{"url":"index.html","icon":"styles/images/icon.svg"}}},"support_ticket":{}},"features":["db"],"actions":false,"omni":false,"products":["freshdesk"],"platform":"3.0","isInstall":false,"oauth_configs_list":[],"subscribed_modules":null,"endpoint_urls":null,"product_types":{},"currentHost":{"subscribed_modules":null,"endpoint_urls":null,"org_domain":null,"product_types":{}},"isAuthorized":true,"v2":[]}
2026-05-20 21:36:05.148 +0700 [debug] (oauth.js) Fetching oauth configs of product : modules
2026-05-20 21:36:05.149 +0700 [debug] (iframe.js) Checking is authorized for all oauths 
2026-05-20 21:36:05.149 +0700 [debug] (data.js) Read {"freshd_101_101_migrate_oauth_status":true,"report_hash":"3b41b119935ab6296f5857bdf30e5521fa878bc8ea436b7dd84d1ac3a306e657"}
2026-05-20 21:36:05.150 +0700 [debug] (data.js) Read {"freshd_101_101_migrate_oauth_status":true,"report_hash":"3b41b119935ab6296f5857bdf30e5521fa878bc8ea436b7dd84d1ac3a306e657"}
2026-05-20 21:36:05.150 +0700 [debug] (iframe.js) Responding to product with {"configs":{},"displayName":"freshdesk-app","product":{"freshdesk":{"location":{"cti_global_sidebar":{"url":"agent/index.html","icon":"agent/styles/images/icon.svg"}}}},"modules":{"common":{"location":{"cti_global_sidebar":{"url":"index.html","icon":"styles/images/icon.svg"}}},"support_ticket":{}},"features":["db"],"actions":false,"omni":false,"products":["freshdesk"],"platform":"3.0","isInstall":false,"oauth_configs_list":[],"subscribed_modules":null,"endpoint_urls":null,"product_types":{},"currentHost":{"subscribed_modules":null,"endpoint_urls":null,"org_domain":null,"product_types":{}},"isAuthorized":true,"v2":[]}
2026-05-20 21:36:05.493 +0700 [debug] (oauth.js) Fetching oauth configs of product : modules
2026-05-20 21:36:05.493 +0700 [debug] (iframe.js) Checking is authorized for all oauths 
2026-05-20 21:36:05.494 +0700 [debug] (data.js) Read {"freshd_101_101_migrate_oauth_status":true,"report_hash":"3b41b119935ab6296f5857bdf30e5521fa878bc8ea436b7dd84d1ac3a306e657"}
2026-05-20 21:36:05.495 +0700 [debug] (data.js) Read {"freshd_101_101_migrate_oauth_status":true,"report_hash":"3b41b119935ab6296f5857bdf30e5521fa878bc8ea436b7dd84d1ac3a306e657"}
2026-05-20 21:36:05.495 +0700 [debug] (iframe.js) Responding to product with {"configs":{},"displayName":"freshdesk-app","product":{"freshdesk":{"location":{"cti_global_sidebar":{"url":"agent/index.html","icon":"agent/styles/images/icon.svg"}}}},"modules":{"common":{"location":{"cti_global_sidebar":{"url":"index.html","icon":"styles/images/icon.svg"}}},"support_ticket":{}},"features":["db"],"actions":false,"omni":false,"products":["freshdesk"],"platform":"3.0","isInstall":false,"oauth_configs_list":[],"subscribed_modules":null,"endpoint_urls":null,"product_types":{},"currentHost":{"subscribed_modules":null,"endpoint_urls":null,"org_domain":null,"product_types":{}},"isAuthorized":true,"v2":[]}
2026-05-20 21:36:05.781 +0700 [debug] (oauth.js) Fetching oauth configs of product : modules
2026-05-20 21:36:05.781 +0700 [debug] (iframe.js) Checking is authorized for all oauths 
2026-05-20 21:36:05.782 +0700 [debug] (data.js) Read {"freshd_101_101_migrate_oauth_status":true,"report_hash":"3b41b119935ab6296f5857bdf30e5521fa878bc8ea436b7dd84d1ac3a306e657"}
2026-05-20 21:36:05.783 +0700 [debug] (data.js) Read {"freshd_101_101_migrate_oauth_status":true,"report_hash":"3b41b119935ab6296f5857bdf30e5521fa878bc8ea436b7dd84d1ac3a306e657"}
2026-05-20 21:36:05.783 +0700 [debug] (iframe.js) Responding to product with {"configs":{},"displayName":"freshdesk-app","product":{"freshdesk":{"location":{"cti_global_sidebar":{"url":"agent/index.html","icon":"agent/styles/images/icon.svg"}}}},"modules":{"common":{"location":{"cti_global_sidebar":{"url":"index.html","icon":"styles/images/icon.svg"}}},"support_ticket":{}},"features":["db"],"actions":false,"omni":false,"products":["freshdesk"],"platform":"3.0","isInstall":false,"oauth_configs_list":[],"subscribed_modules":null,"endpoint_urls":null,"product_types":{},"currentHost":{"subscribed_modules":null,"endpoint_urls":null,"org_domain":null,"product_types":{}},"isAuthorized":true,"v2":[]}
2026-05-20 21:36:57.704 +0700 [debug] (data.js) Read {"freshd_101_101_migrate_oauth_status":true,"report_hash":"3b41b119935ab6296f5857bdf30e5521fa878bc8ea436b7dd84d1ac3a306e657"}
2026-05-20 21:36:57.705 +0700 [debug] (data.js) Read {"freshd_101_101_migrate_oauth_status":true,"report_hash":"3b41b119935ab6296f5857bdf30e5521fa878bc8ea436b7dd84d1ac3a306e657"}
2026-05-20 21:36:57.706 +0700 [debug] (oauth.js) Fetching oauth configs of product : modules
2026-05-20 21:36:57.706 +0700 [debug] (data.js) Read {"freshd_101_101_migrate_oauth_status":true,"report_hash":"3b41b119935ab6296f5857bdf30e5521fa878bc8ea436b7dd84d1ac3a306e657"}
2026-05-20 21:36:58.282 +0700 [debug] (http.js) Failed to parse URL: , error: Invalid URL
2026-05-20 21:37:20.253 +0700 [debug] (data.js) Read {"freshd_101_101_migrate_oauth_status":true,"report_hash":"3b41b119935ab6296f5857bdf30e5521fa878bc8ea436b7dd84d1ac3a306e657"}
2026-05-20 21:37:20.253 +0700 [debug] (data.js) Read {"freshd_101_101_migrate_oauth_status":true,"report_hash":"3b41b119935ab6296f5857bdf30e5521fa878bc8ea436b7dd84d1ac3a306e657"}
2026-05-20 21:37:20.254 +0700 [debug] (oauth.js) Fetching oauth configs of product : modules
2026-05-20 21:37:20.254 +0700 [debug] (data.js) Read {"freshd_101_101_migrate_oauth_status":true,"report_hash":"3b41b119935ab6296f5857bdf30e5521fa878bc8ea436b7dd84d1ac3a306e657"}
2026-05-20 21:37:20.862 +0700 [debug] (http.js) Failed to parse URL: , error: Invalid URL
2026-05-20 21:38:15.686 +0700 [debug] (oauth.js) Fetching oauth configs of product : modules
2026-05-20 21:38:15.687 +0700 [debug] (iframe.js) Checking is authorized for all oauths 
2026-05-20 21:38:15.690 +0700 [debug] (data.js) Read {"freshd_101_101_migrate_oauth_status":true,"report_hash":"3b41b119935ab6296f5857bdf30e5521fa878bc8ea436b7dd84d1ac3a306e657"}
2026-05-20 21:38:15.692 +0700 [debug] (data.js) Read {"freshd_101_101_migrate_oauth_status":true,"report_hash":"3b41b119935ab6296f5857bdf30e5521fa878bc8ea436b7dd84d1ac3a306e657"}
2026-05-20 21:38:15.692 +0700 [debug] (iframe.js) Responding to product with {"configs":{},"displayName":"freshdesk-app","product":{"freshdesk":{"location":{"cti_global_sidebar":{"url":"agent/index.html","icon":"agent/styles/images/icon.svg"}}}},"modules":{"common":{"location":{"cti_global_sidebar":{"url":"index.html","icon":"styles/images/icon.svg"}}},"support_ticket":{}},"features":["db"],"actions":false,"omni":false,"products":["freshdesk"],"platform":"3.0","isInstall":false,"oauth_configs_list":[],"subscribed_modules":null,"endpoint_urls":null,"product_types":{},"currentHost":{"subscribed_modules":null,"endpoint_urls":null,"org_domain":null,"product_types":{}},"isAuthorized":true,"v2":[]}
2026-05-20 21:38:15.971 +0700 [debug] (oauth.js) Fetching oauth configs of product : modules
2026-05-20 21:38:15.972 +0700 [debug] (iframe.js) Checking is authorized for all oauths 
2026-05-20 21:38:15.973 +0700 [debug] (data.js) Read {"freshd_101_101_migrate_oauth_status":true,"report_hash":"3b41b119935ab6296f5857bdf30e5521fa878bc8ea436b7dd84d1ac3a306e657"}
2026-05-20 21:38:15.974 +0700 [debug] (data.js) Read {"freshd_101_101_migrate_oauth_status":true,"report_hash":"3b41b119935ab6296f5857bdf30e5521fa878bc8ea436b7dd84d1ac3a306e657"}
2026-05-20 21:38:15.974 +0700 [debug] (iframe.js) Responding to product with {"configs":{},"displayName":"freshdesk-app","product":{"freshdesk":{"location":{"cti_global_sidebar":{"url":"agent/index.html","icon":"agent/styles/images/icon.svg"}}}},"modules":{"common":{"location":{"cti_global_sidebar":{"url":"index.html","icon":"styles/images/icon.svg"}}},"support_ticket":{}},"features":["db"],"actions":false,"omni":false,"products":["freshdesk"],"platform":"3.0","isInstall":false,"oauth_configs_list":[],"subscribed_modules":null,"endpoint_urls":null,"product_types":{},"currentHost":{"subscribed_modules":null,"endpoint_urls":null,"org_domain":null,"product_types":{}},"isAuthorized":true,"v2":[]}
2026-05-20 21:38:16.001 +0700 [debug] (http.js) Failed to parse URL: , error: Invalid URL
2026-05-20 21:38:16.002 +0700 [debug] (iframe.js) Responding with contents of /index.html
2026-05-20 21:38:16.013 +0700 [debug] (iframe.js) Responding with contents of /scripts/app.js
2026-05-20 21:38:16.014 +0700 [debug] (coverage.js) Instrumenting /Users/kevin/freshdesk-app/app/scripts/app.js
2026-05-20 21:38:16.260 +0700 [debug] (oauth.js) Fetching oauth configs of product : modules
2026-05-20 21:38:16.260 +0700 [debug] (iframe.js) Checking is authorized for all oauths 
2026-05-20 21:38:16.260 +0700 [debug] (data.js) Read {"freshd_101_101_migrate_oauth_status":true,"report_hash":"3b41b119935ab6296f5857bdf30e5521fa878bc8ea436b7dd84d1ac3a306e657"}
2026-05-20 21:38:16.260 +0700 [debug] (data.js) Read {"freshd_101_101_migrate_oauth_status":true,"report_hash":"3b41b119935ab6296f5857bdf30e5521fa878bc8ea436b7dd84d1ac3a306e657"}
2026-05-20 21:38:16.261 +0700 [debug] (iframe.js) Responding to product with {"configs":{},"displayName":"freshdesk-app","product":{"freshdesk":{"location":{"cti_global_sidebar":{"url":"agent/index.html","icon":"agent/styles/images/icon.svg"}}}},"modules":{"common":{"location":{"cti_global_sidebar":{"url":"index.html","icon":"styles/images/icon.svg"}}},"support_ticket":{}},"features":["db"],"actions":false,"omni":false,"products":["freshdesk"],"platform":"3.0","isInstall":false,"oauth_configs_list":[],"subscribed_modules":null,"endpoint_urls":null,"product_types":{},"currentHost":{"subscribed_modules":null,"endpoint_urls":null,"org_domain":null,"product_types":{}},"isAuthorized":true,"v2":[]}
2026-05-20 21:38:16.268 +0700 [debug] (http.js) Failed to parse URL: , error: Invalid URL
2026-05-20 21:38:18.856 +0700 [debug] (coverage.js) Writing coverage.
2026-05-20 21:38:20.133 +0700 [debug] (coverage.js) Writing coverage.
2026-05-20 21:39:23.251 +0700 [debug] (watcher.js) Broadcasted "{"file":"app/scripts/app.js"}" to all listeners.
2026-05-20 21:39:23.266 +0700 [debug] (iframe.js) Responding with contents of /index.html
2026-05-20 21:39:23.284 +0700 [debug] (iframe.js) Responding with contents of /scripts/app.js
2026-05-20 21:39:23.285 +0700 [debug] (coverage.js) Instrumenting /Users/kevin/freshdesk-app/app/scripts/app.js
2026-05-20 21:39:25.855 +0700 [debug] (coverage.js) Writing coverage.
2026-05-20 21:40:22.739 +0700 [debug] (watcher.js) Broadcasted "{"file":"app/scripts/app.js"}" to all listeners.
2026-05-20 21:40:22.766 +0700 [debug] (iframe.js) Responding with contents of /index.html
2026-05-20 21:40:22.786 +0700 [debug] (iframe.js) Responding with contents of /scripts/app.js
2026-05-20 21:40:22.787 +0700 [debug] (coverage.js) Instrumenting /Users/kevin/freshdesk-app/app/scripts/app.js
2026-05-20 21:40:24.863 +0700 [debug] (coverage.js) Writing coverage.
2026-05-20 21:40:31.122 +0700 [debug] (watcher.js) Broadcasted "{"file":"app/scripts/app.js"}" to all listeners.
2026-05-20 21:40:31.131 +0700 [debug] (iframe.js) Responding with contents of /index.html
2026-05-20 21:40:31.155 +0700 [debug] (iframe.js) Responding with contents of /scripts/app.js
2026-05-20 21:40:31.155 +0700 [debug] (coverage.js) Instrumenting /Users/kevin/freshdesk-app/app/scripts/app.js
2026-05-20 21:40:33.862 +0700 [debug] (coverage.js) Writing coverage.
2026-05-20 21:40:46.478 +0700 [debug] (watcher.js) Broadcasted "{"file":"app/scripts/app.js"}" to all listeners.
2026-05-20 21:40:46.505 +0700 [debug] (iframe.js) Responding with contents of /index.html
2026-05-20 21:40:46.530 +0700 [debug] (iframe.js) Responding with contents of /scripts/app.js
2026-05-20 21:40:46.530 +0700 [debug] (coverage.js) Instrumenting /Users/kevin/freshdesk-app/app/scripts/app.js
2026-05-20 21:40:48.872 +0700 [debug] (coverage.js) Writing coverage.
2026-05-20 21:40:48.966 +0700 [info] 
NOTE: We recommend a coverage of 80% for apps that are to be published in the public marketplace.
2026-05-20 21:47:40.161 +0700 [debug] (configs.js) loaded default configs as "{"updates":{"manifest_url":"https://cdn.freshdev.io/assets/fdk/updates.json","changelog_url":"https://cdn.freshdev.io/assets/fdk/change-log.json","period":24},"log":{"level":"info"},"javascript":{"ecma_version":2020},"request":{"timeout":15000,"maxFilesPerRequest":5},"global_apps":{"enabled":true},"easel":{"enabled":false},"job":{"timeout":120000}}"
2026-05-20 21:47:40.165 +0700 [debug] (configs.js) loaded global configs as "{"global_apps":{"enabled":"true"},"request":{"timeout":15000},"job":{"timeout":120000}}"
2026-05-20 21:47:40.165 +0700 [debug] (configs.js) loaded local configs as "{"request":{"timeout":15000},"job":{"timeout":120000},"global_apps":{"enabled":"true"}}"
2026-05-20 21:47:40.165 +0700 [debug] (configs.js) loaded env configs as "{"updates":{},"log":{},"javascript":{},"request":{"timeout":15000,"maxFilesPerRequest":5},"job":{"timeout":120000}}"
2026-05-20 21:47:40.165 +0700 [debug] (configs.js) loaded resolved configs as "{"updates":{"manifest_url":"https://cdn.freshdev.io/assets/fdk/updates.json","changelog_url":"https://cdn.freshdev.io/assets/fdk/change-log.json","period":24},"log":{"level":"info"},"javascript":{"ecma_version":2020},"request":{"timeout":15000,"maxFilesPerRequest":5},"global_apps":{"enabled":"true"},"easel":{"enabled":false},"job":{"timeout":120000}}"
2026-05-20 21:47:40.165 +0700 [debug] (logger.js) Starting FDK in node v24.11.1 on darwin
2026-05-20 21:47:40.165 +0700 [debug] (sequelize.js) setting up sqilite at "/Users/kevin/freshdesk-app/.fdk/store.sqlite"
2026-05-20 21:47:40.165 +0700 [debug] (data.js) Read {"version_details":{"cli":{"deprecated":{"version":"<9","message":"This FDK version has been deprecated. There will be no further feature updates to this version. For a seamless app-building experience, ensure to move to the latest FDK version. For more information, see https://developers.freshworks.com/docs/app-sdk/v2.3/freshdesk/migration-guide/#migrate-to-the-latest-platform-version."},"forced":{"version":"7.0.0","command":"npm install https://dl.freshdev.io/cli/fdk-7.0.0.tgz -g","message":"Your FDK version has been forced updated to v7.0.0, please visit https://community.developers.freshworks.com/t/fdk-v7-0-announcing-node-js-v12-and-es6-support/3606 to know more"},"latest":{"version":"10.1.2","command":"npm install https://cdn.freshdev.io/fdk/latest-v24.tgz -g","message":"You are on the latest FDK version. For information on the features available as part of this FDK version, see https://developers.freshworks.com/docs/?tab=modules."}},"addon":{"version":"2.2.7","url":"https://cdn.freshdev.io/assets/fdk/addons/addon.zip"}},"last_updated":{"time_stamp":1779285176837}}
2026-05-20 21:47:40.165 +0700 [debug] (updater.js) last check less than 24 hours ago, not looking for updates
2026-05-20 21:47:40.167 +0700 [debug] (index.js) running with opts {}
2026-05-20 21:47:40.235 +0700 [debug] (data.js) Read {"version_details":{"cli":{"deprecated":{"version":"<9","message":"This FDK version has been deprecated. There will be no further feature updates to this version. For a seamless app-building experience, ensure to move to the latest FDK version. For more information, see https://developers.freshworks.com/docs/app-sdk/v2.3/freshdesk/migration-guide/#migrate-to-the-latest-platform-version."},"forced":{"version":"7.0.0","command":"npm install https://dl.freshdev.io/cli/fdk-7.0.0.tgz -g","message":"Your FDK version has been forced updated to v7.0.0, please visit https://community.developers.freshworks.com/t/fdk-v7-0-announcing-node-js-v12-and-es6-support/3606 to know more"},"latest":{"version":"10.1.2","command":"npm install https://cdn.freshdev.io/fdk/latest-v24.tgz -g","message":"You are on the latest FDK version. For information on the features available as part of this FDK version, see https://developers.freshworks.com/docs/?tab=modules."}},"addon":{"version":"2.2.7","url":"https://cdn.freshdev.io/assets/fdk/addons/addon.zip"}},"last_updated":{"time_stamp":1779285176837}}
2026-05-20 21:47:40.237 +0700 [debug] (manifest.js) Reloading manifest with {"platform-version":"3.0","modules":{"common":{"location":{"cti_global_sidebar":{"url":"index.html","icon":"styles/images/icon.svg"}}},"support_ticket":{}},"engines":{"node":"24.11.1","fdk":"10.1.2"},"scripts":{"fdk-unit-test":"vitest run --coverage"}}.
2026-05-20 21:47:40.237 +0700 [debug] (manifest.js) Inferred db as features.
2026-05-20 21:47:40.261 +0700 [debug] (data.js) Read {"version_details":{"cli":{"deprecated":{"version":"<9","message":"This FDK version has been deprecated. There will be no further feature updates to this version. For a seamless app-building experience, ensure to move to the latest FDK version. For more information, see https://developers.freshworks.com/docs/app-sdk/v2.3/freshdesk/migration-guide/#migrate-to-the-latest-platform-version."},"forced":{"version":"7.0.0","command":"npm install https://dl.freshdev.io/cli/fdk-7.0.0.tgz -g","message":"Your FDK version has been forced updated to v7.0.0, please visit https://community.developers.freshworks.com/t/fdk-v7-0-announcing-node-js-v12-and-es6-support/3606 to know more"},"latest":{"version":"10.1.2","command":"npm install https://cdn.freshdev.io/fdk/latest-v24.tgz -g","message":"You are on the latest FDK version. For information on the features available as part of this FDK version, see https://developers.freshworks.com/docs/?tab=modules."}},"addon":{"version":"2.2.7","url":"https://cdn.freshdev.io/assets/fdk/addons/addon.zip"}},"last_updated":{"time_stamp":1779285176837}}
2026-05-20 21:47:40.417 +0700 [debug] (coverage.js) INIT: About to merge initial coverage data with 1 files
2026-05-20 21:47:40.418 +0700 [debug] (coverage.js) INIT: After merge - Files in map: 1
2026-05-20 21:47:40.461 +0700 [debug] (index.js) Initializing AJV schemas from individual files
2026-05-20 21:47:40.461 +0700 [debug] (index.js) Compiling schemas...
2026-05-20 21:47:40.468 +0700 [debug] (index.js) All schemas compiled successfully
2026-05-20 21:47:40.502 +0700 [debug] (index.js) loading model at "/Users/kevin/.nvm/versions/node/v24.11.1/lib/node_modules/@freshworks/fdk/lib/models/bigint-pivot.js"
2026-05-20 21:47:40.503 +0700 [debug] (index.js) loading model at "/Users/kevin/.nvm/versions/node/v24.11.1/lib/node_modules/@freshworks/fdk/lib/models/entity-field-choice.js"
2026-05-20 21:47:40.504 +0700 [debug] (index.js) loading model at "/Users/kevin/.nvm/versions/node/v24.11.1/lib/node_modules/@freshworks/fdk/lib/models/entity-field.js"
2026-05-20 21:47:40.504 +0700 [debug] (index.js) loading model at "/Users/kevin/.nvm/versions/node/v24.11.1/lib/node_modules/@freshworks/fdk/lib/models/entity.js"
2026-05-20 21:47:40.505 +0700 [debug] (index.js) loading model at "/Users/kevin/.nvm/versions/node/v24.11.1/lib/node_modules/@freshworks/fdk/lib/models/files.js"
2026-05-20 21:47:40.505 +0700 [debug] (index.js) loading model at "/Users/kevin/.nvm/versions/node/v24.11.1/lib/node_modules/@freshworks/fdk/lib/models/oauth-details.js"
2026-05-20 21:47:40.505 +0700 [debug] (index.js) loading model at "/Users/kevin/.nvm/versions/node/v24.11.1/lib/node_modules/@freshworks/fdk/lib/models/record.js"
2026-05-20 21:47:40.507 +0700 [debug] (index.js) loading model at "/Users/kevin/.nvm/versions/node/v24.11.1/lib/node_modules/@freshworks/fdk/lib/models/string-pivot.js"
2026-05-20 21:47:40.555 +0700 [debug] (index.js) 'schema: ' [object Object]
2026-05-20 21:47:40.563 +0700 [debug] (index.js) 'schema: ' [object Object]
2026-05-20 21:47:40.564 +0700 [debug] (index.js) 'schema: ' [object Object]
2026-05-20 21:47:40.564 +0700 [debug] (index.js) 'schema: ' [object Object]
2026-05-20 21:47:40.565 +0700 [debug] (index.js) 'schema: ' [object Object]
2026-05-20 21:47:40.566 +0700 [debug] (index.js) 'schema: ' [object Object]
2026-05-20 21:47:40.566 +0700 [debug] (index.js) 'schema: ' [object Object]
2026-05-20 21:47:40.569 +0700 [debug] (index.js) 'schema: ' [object Object]
2026-05-20 21:47:40.569 +0700 [debug] (index.js) 'schema: ' [object Object]
2026-05-20 21:47:40.569 +0700 [debug] (index.js) 'schema: ' [object Object]
2026-05-20 21:47:40.572 +0700 [debug] (index.js) 'schema: ' [object Object]
2026-05-20 21:47:40.573 +0700 [debug] (index.js) 'schema: ' [object Object]
2026-05-20 21:47:40.574 +0700 [debug] (index.js) 'schema: ' [object Object]
2026-05-20 21:47:40.574 +0700 [debug] (index.js) 'schema: ' [object Object]
2026-05-20 21:47:40.575 +0700 [debug] (index.js) 'schema: ' [object Object]
2026-05-20 21:47:40.576 +0700 [debug] (index.js) 'schema: ' [object Object]
2026-05-20 21:47:40.577 +0700 [debug] (index.js) 'schema: ' [object Object]
2026-05-20 21:47:40.582 +0700 [debug] (index.js) 'schema: ' [object Object]
2026-05-20 21:47:40.734 +0700 [debug] (data.js) Read {"version_details":{"cli":{"deprecated":{"version":"<9","message":"This FDK version has been deprecated. There will be no further feature updates to this version. For a seamless app-building experience, ensure to move to the latest FDK version. For more information, see https://developers.freshworks.com/docs/app-sdk/v2.3/freshdesk/migration-guide/#migrate-to-the-latest-platform-version."},"forced":{"version":"7.0.0","command":"npm install https://dl.freshdev.io/cli/fdk-7.0.0.tgz -g","message":"Your FDK version has been forced updated to v7.0.0, please visit https://community.developers.freshworks.com/t/fdk-v7-0-announcing-node-js-v12-and-es6-support/3606 to know more"},"latest":{"version":"10.1.2","command":"npm install https://cdn.freshdev.io/fdk/latest-v24.tgz -g","message":"You are on the latest FDK version. For information on the features available as part of this FDK version, see https://developers.freshworks.com/docs/?tab=modules."}},"addon":{"version":"2.2.7","url":"https://cdn.freshdev.io/assets/fdk/addons/addon.zip"}},"last_updated":{"time_stamp":1779285176837}}
2026-05-20 21:47:41.335 +0700 [debug] (validate.js) asked to skip the following validations, 
2026-05-20 21:47:41.335 +0700 [debug] (validate.js) running validator actions
2026-05-20 21:47:41.335 +0700 [debug] (validate.js) running validator requests
2026-05-20 21:47:41.335 +0700 [debug] (validate.js) running validator app-dir
2026-05-20 21:47:41.336 +0700 [debug] (validate.js) running validator config-dir
2026-05-20 21:47:41.336 +0700 [debug] (config-dir.js) Checking to see if /Users/kevin/freshdesk-app/config/ exists.
2026-05-20 21:47:41.336 +0700 [debug] (config-dir.js) Fetched the following config files iparams.json
2026-05-20 21:47:41.336 +0700 [debug] (validate.js) running validator custom-objects
2026-05-20 21:47:41.336 +0700 [debug] (validate.js) running validator event
2026-05-20 21:47:41.336 +0700 [debug] (validate.js) running validator iparam
2026-05-20 21:47:41.337 +0700 [debug] (validate.js) running validator lint
2026-05-20 21:47:41.337 +0700 [debug] (lint.js) passed fix flag: undefined
2026-05-20 21:47:41.338 +0700 [debug] (lint.js) Running the following lints on the file app/scripts/app.js : no-eval,no-alert,no-debugger,no-unreachable,no-duplicate-imports,constructor-super,for-direction,no-class-assign,no-new-native-nonconstructor,valid-typeof,no-eq-null,no-var,require-await,no-unreachable-loop,no-redeclare,no-self-assign,no-setter-return,no-shadow-restricted-names,no-this-before-super,no-unsafe-finally,no-unsafe-optional-chaining,no-unused-vars,no-useless-catch,eqeqeq,prefer-const,require-yield,no-global-assign,no-caller,no-process-env,complexity,max-nested-callbacks,handle-callback-err,getter-return,no-async-promise-executor,no-case-declarations,no-compare-neg-zero,no-cond-assign,no-const-assign,no-constant-condition,no-control-regex,no-delete-var,no-dupe-args,no-dupe-class-members,no-dupe-else-if,no-dupe-keys,no-duplicate-case,no-empty,no-empty-character-class,no-empty-pattern,no-ex-assign,no-extra-boolean-cast,no-extra-semi,no-fallthrough,no-func-assign,no-import-assign,no-inner-declarations,no-invalid-regexp,no-irregular-whitespace,no-loss-of-precision,no-misleading-character-class,no-mixed-spaces-and-tabs,no-nonoctal-decimal-escape,no-obj-calls,no-octal,no-prototype-builtins,no-regex-spaces,no-sparse-arrays,no-unexpected-multiline,no-unsafe-negation,no-unused-labels,no-useless-backreference,no-useless-escape,no-with,use-isnan,no-unpkg-cdn,no-proxy-requests,no-unhandled-promise,no-logging-rejections,no-non-client-request-model,no-deprecated-apis,no-cross-scope-assign,no-empty-function
2026-05-20 21:47:41.420 +0700 [debug] (validate.js) running validator manifest
2026-05-20 21:47:41.420 +0700 [debug] (validate.js) skipping validator manifest-dependency
2026-05-20 21:47:41.420 +0700 [debug] (validate.js) running validator manifest-scripts
2026-05-20 21:47:41.420 +0700 [debug] (validate.js) running validator oauth
2026-05-20 21:47:41.420 +0700 [debug] (validate.js) skipping validator pkgsize
2026-05-20 21:47:41.420 +0700 [debug] (validate.js) running validator schema
2026-05-20 21:47:41.420 +0700 [debug] (validate.js) running validator version-check
2026-05-20 21:47:41.420 +0700 [debug] (validate.js) running validator app-settings
2026-05-20 21:47:41.423 +0700 [warn] Please ensure that the following are addressed for quick review process:
2026-05-20 21:47:41.423 +0700 [warn] [33m⚠[39m app/scripts/app.js::39: Async function 'onAppActivated' has a complexity of 8. Maximum allowed is 7.
2026-05-20 21:47:41.423 +0700 [warn] 
2026-05-20 21:47:41.424 +0700 [debug] (watcher.js) Preparing to watch the following files ./app,./config,./manifest.json
2026-05-20 21:47:41.473 +0700 [debug] (data.js) Read {"freshd_101_101_migrate_oauth_status":true,"report_hash":"63cf58c493a360dadb8e744db914de8f80fd884a0fcf20fdab368545e7724c99"}
2026-05-20 21:47:41.473 +0700 [debug] (custom-objects.js) to force or not? undefined
2026-05-20 21:47:41.473 +0700 [debug] (custom-objects.js) beginning to re-sync db
2026-05-20 21:47:41.519 +0700 [debug] (data.js) Read {"freshd_101_101_migrate_oauth_status":true,"report_hash":"63cf58c493a360dadb8e744db914de8f80fd884a0fcf20fdab368545e7724c99"}
2026-05-20 21:47:41.520 +0700 [debug] (custom-objects.js) updated local store with latest entity hash
2026-05-20 21:47:41.520 +0700 [debug] (run.js) migrate stored oauth configs from localstore to sqlite
2026-05-20 21:47:41.520 +0700 [debug] (data.js) Read {"freshd_101_101_migrate_oauth_status":true,"report_hash":"63cf58c493a360dadb8e744db914de8f80fd884a0fcf20fdab368545e7724c99"}
2026-05-20 21:47:41.520 +0700 [debug] (data.js) Read {"freshd_101_101_migrate_oauth_status":true,"report_hash":"63cf58c493a360dadb8e744db914de8f80fd884a0fcf20fdab368545e7724c99"}
2026-05-20 21:47:41.520 +0700 [debug] (oauth.js) migration completed, returning
2026-05-20 21:47:41.520 +0700 [info] Starting local testing server at http://*:10001/    
Append 'dev=true' to your current host URL to start testing    
     
e.g:     
2026-05-20 21:47:41.520 +0700 [info]   https://domain.freshdesk.com/a/tickets/1?dev=true
2026-05-20 21:47:41.520 +0700 [info] 
Quit the server with Control-C.
2026-05-20 21:48:42.054 +0700 [debug] (watcher.js) Broadcasted "{"file":"app/scripts/app.js"}" to all listeners.
2026-05-20 21:48:43.770 +0700 [info] 
NOTE: We recommend a coverage of 80% for apps that are to be published in the public marketplace.
2026-05-20 21:48:49.473 +0700 [debug] (configs.js) loaded default configs as "{"updates":{"manifest_url":"https://cdn.freshdev.io/assets/fdk/updates.json","changelog_url":"https://cdn.freshdev.io/assets/fdk/change-log.json","period":24},"log":{"level":"info"},"javascript":{"ecma_version":2020},"request":{"timeout":15000,"maxFilesPerRequest":5},"global_apps":{"enabled":true},"easel":{"enabled":false},"job":{"timeout":120000}}"
2026-05-20 21:48:49.475 +0700 [debug] (configs.js) loaded global configs as "{"global_apps":{"enabled":"true"},"request":{"timeout":15000},"job":{"timeout":120000}}"
2026-05-20 21:48:49.475 +0700 [debug] (configs.js) loaded local configs as "{"request":{"timeout":15000},"job":{"timeout":120000},"global_apps":{"enabled":"true"}}"
2026-05-20 21:48:49.475 +0700 [debug] (configs.js) loaded env configs as "{"updates":{},"log":{},"javascript":{},"request":{"timeout":15000,"maxFilesPerRequest":5},"job":{"timeout":120000}}"
2026-05-20 21:48:49.475 +0700 [debug] (configs.js) loaded resolved configs as "{"updates":{"manifest_url":"https://cdn.freshdev.io/assets/fdk/updates.json","changelog_url":"https://cdn.freshdev.io/assets/fdk/change-log.json","period":24},"log":{"level":"info"},"javascript":{"ecma_version":2020},"request":{"timeout":15000,"maxFilesPerRequest":5},"global_apps":{"enabled":"true"},"easel":{"enabled":false},"job":{"timeout":120000}}"
2026-05-20 21:48:49.475 +0700 [debug] (logger.js) Starting FDK in node v24.11.1 on darwin
2026-05-20 21:48:49.475 +0700 [debug] (sequelize.js) setting up sqilite at "/Users/kevin/freshdesk-app/.fdk/store.sqlite"
2026-05-20 21:48:49.475 +0700 [debug] (data.js) Read {"version_details":{"cli":{"deprecated":{"version":"<9","message":"This FDK version has been deprecated. There will be no further feature updates to this version. For a seamless app-building experience, ensure to move to the latest FDK version. For more information, see https://developers.freshworks.com/docs/app-sdk/v2.3/freshdesk/migration-guide/#migrate-to-the-latest-platform-version."},"forced":{"version":"7.0.0","command":"npm install https://dl.freshdev.io/cli/fdk-7.0.0.tgz -g","message":"Your FDK version has been forced updated to v7.0.0, please visit https://community.developers.freshworks.com/t/fdk-v7-0-announcing-node-js-v12-and-es6-support/3606 to know more"},"latest":{"version":"10.1.2","command":"npm install https://cdn.freshdev.io/fdk/latest-v24.tgz -g","message":"You are on the latest FDK version. For information on the features available as part of this FDK version, see https://developers.freshworks.com/docs/?tab=modules."}},"addon":{"version":"2.2.7","url":"https://cdn.freshdev.io/assets/fdk/addons/addon.zip"}},"last_updated":{"time_stamp":1779285176837}}
2026-05-20 21:48:49.475 +0700 [debug] (updater.js) last check less than 24 hours ago, not looking for updates
2026-05-20 21:48:49.477 +0700 [debug] (index.js) running with opts {}
2026-05-20 21:48:49.543 +0700 [debug] (data.js) Read {"version_details":{"cli":{"deprecated":{"version":"<9","message":"This FDK version has been deprecated. There will be no further feature updates to this version. For a seamless app-building experience, ensure to move to the latest FDK version. For more information, see https://developers.freshworks.com/docs/app-sdk/v2.3/freshdesk/migration-guide/#migrate-to-the-latest-platform-version."},"forced":{"version":"7.0.0","command":"npm install https://dl.freshdev.io/cli/fdk-7.0.0.tgz -g","message":"Your FDK version has been forced updated to v7.0.0, please visit https://community.developers.freshworks.com/t/fdk-v7-0-announcing-node-js-v12-and-es6-support/3606 to know more"},"latest":{"version":"10.1.2","command":"npm install https://cdn.freshdev.io/fdk/latest-v24.tgz -g","message":"You are on the latest FDK version. For information on the features available as part of this FDK version, see https://developers.freshworks.com/docs/?tab=modules."}},"addon":{"version":"2.2.7","url":"https://cdn.freshdev.io/assets/fdk/addons/addon.zip"}},"last_updated":{"time_stamp":1779285176837}}
2026-05-20 21:48:49.545 +0700 [debug] (manifest.js) Reloading manifest with {"platform-version":"3.0","modules":{"common":{"location":{"cti_global_sidebar":{"url":"index.html","icon":"styles/images/icon.svg"}}},"support_ticket":{}},"engines":{"node":"24.11.1","fdk":"10.1.2"},"scripts":{"fdk-unit-test":"vitest run --coverage"}}.
2026-05-20 21:48:49.545 +0700 [debug] (manifest.js) Inferred db as features.
2026-05-20 21:48:49.570 +0700 [debug] (data.js) Read {"version_details":{"cli":{"deprecated":{"version":"<9","message":"This FDK version has been deprecated. There will be no further feature updates to this version. For a seamless app-building experience, ensure to move to the latest FDK version. For more information, see https://developers.freshworks.com/docs/app-sdk/v2.3/freshdesk/migration-guide/#migrate-to-the-latest-platform-version."},"forced":{"version":"7.0.0","command":"npm install https://dl.freshdev.io/cli/fdk-7.0.0.tgz -g","message":"Your FDK version has been forced updated to v7.0.0, please visit https://community.developers.freshworks.com/t/fdk-v7-0-announcing-node-js-v12-and-es6-support/3606 to know more"},"latest":{"version":"10.1.2","command":"npm install https://cdn.freshdev.io/fdk/latest-v24.tgz -g","message":"You are on the latest FDK version. For information on the features available as part of this FDK version, see https://developers.freshworks.com/docs/?tab=modules."}},"addon":{"version":"2.2.7","url":"https://cdn.freshdev.io/assets/fdk/addons/addon.zip"}},"last_updated":{"time_stamp":1779285176837}}
2026-05-20 21:48:49.725 +0700 [debug] (coverage.js) INIT: About to merge initial coverage data with 1 files
2026-05-20 21:48:49.725 +0700 [debug] (coverage.js) INIT: After merge - Files in map: 1
2026-05-20 21:48:49.766 +0700 [debug] (index.js) Initializing AJV schemas from individual files
2026-05-20 21:48:49.767 +0700 [debug] (index.js) Compiling schemas...
2026-05-20 21:48:49.774 +0700 [debug] (index.js) All schemas compiled successfully
2026-05-20 21:48:49.806 +0700 [debug] (index.js) loading model at "/Users/kevin/.nvm/versions/node/v24.11.1/lib/node_modules/@freshworks/fdk/lib/models/bigint-pivot.js"
2026-05-20 21:48:49.807 +0700 [debug] (index.js) loading model at "/Users/kevin/.nvm/versions/node/v24.11.1/lib/node_modules/@freshworks/fdk/lib/models/entity-field-choice.js"
2026-05-20 21:48:49.807 +0700 [debug] (index.js) loading model at "/Users/kevin/.nvm/versions/node/v24.11.1/lib/node_modules/@freshworks/fdk/lib/models/entity-field.js"
2026-05-20 21:48:49.808 +0700 [debug] (index.js) loading model at "/Users/kevin/.nvm/versions/node/v24.11.1/lib/node_modules/@freshworks/fdk/lib/models/entity.js"
2026-05-20 21:48:49.808 +0700 [debug] (index.js) loading model at "/Users/kevin/.nvm/versions/node/v24.11.1/lib/node_modules/@freshworks/fdk/lib/models/files.js"
2026-05-20 21:48:49.809 +0700 [debug] (index.js) loading model at "/Users/kevin/.nvm/versions/node/v24.11.1/lib/node_modules/@freshworks/fdk/lib/models/oauth-details.js"
2026-05-20 21:48:49.809 +0700 [debug] (index.js) loading model at "/Users/kevin/.nvm/versions/node/v24.11.1/lib/node_modules/@freshworks/fdk/lib/models/record.js"
2026-05-20 21:48:49.810 +0700 [debug] (index.js) loading model at "/Users/kevin/.nvm/versions/node/v24.11.1/lib/node_modules/@freshworks/fdk/lib/models/string-pivot.js"
2026-05-20 21:48:49.866 +0700 [debug] (index.js) 'schema: ' [object Object]
2026-05-20 21:48:49.875 +0700 [debug] (index.js) 'schema: ' [object Object]
2026-05-20 21:48:49.875 +0700 [debug] (index.js) 'schema: ' [object Object]
2026-05-20 21:48:49.876 +0700 [debug] (index.js) 'schema: ' [object Object]
2026-05-20 21:48:49.877 +0700 [debug] (index.js) 'schema: ' [object Object]
2026-05-20 21:48:49.878 +0700 [debug] (index.js) 'schema: ' [object Object]
2026-05-20 21:48:49.878 +0700 [debug] (index.js) 'schema: ' [object Object]
2026-05-20 21:48:49.881 +0700 [debug] (index.js) 'schema: ' [object Object]
2026-05-20 21:48:49.881 +0700 [debug] (index.js) 'schema: ' [object Object]
2026-05-20 21:48:49.882 +0700 [debug] (index.js) 'schema: ' [object Object]
2026-05-20 21:48:49.884 +0700 [debug] (index.js) 'schema: ' [object Object]
2026-05-20 21:48:49.886 +0700 [debug] (index.js) 'schema: ' [object Object]
2026-05-20 21:48:49.887 +0700 [debug] (index.js) 'schema: ' [object Object]
2026-05-20 21:48:49.888 +0700 [debug] (index.js) 'schema: ' [object Object]
2026-05-20 21:48:49.888 +0700 [debug] (index.js) 'schema: ' [object Object]
2026-05-20 21:48:49.890 +0700 [debug] (index.js) 'schema: ' [object Object]
2026-05-20 21:48:49.891 +0700 [debug] (index.js) 'schema: ' [object Object]
2026-05-20 21:48:49.897 +0700 [debug] (index.js) 'schema: ' [object Object]
2026-05-20 21:48:50.065 +0700 [debug] (data.js) Read {"version_details":{"cli":{"deprecated":{"version":"<9","message":"This FDK version has been deprecated. There will be no further feature updates to this version. For a seamless app-building experience, ensure to move to the latest FDK version. For more information, see https://developers.freshworks.com/docs/app-sdk/v2.3/freshdesk/migration-guide/#migrate-to-the-latest-platform-version."},"forced":{"version":"7.0.0","command":"npm install https://dl.freshdev.io/cli/fdk-7.0.0.tgz -g","message":"Your FDK version has been forced updated to v7.0.0, please visit https://community.developers.freshworks.com/t/fdk-v7-0-announcing-node-js-v12-and-es6-support/3606 to know more"},"latest":{"version":"10.1.2","command":"npm install https://cdn.freshdev.io/fdk/latest-v24.tgz -g","message":"You are on the latest FDK version. For information on the features available as part of this FDK version, see https://developers.freshworks.com/docs/?tab=modules."}},"addon":{"version":"2.2.7","url":"https://cdn.freshdev.io/assets/fdk/addons/addon.zip"}},"last_updated":{"time_stamp":1779285176837}}
2026-05-20 21:48:50.676 +0700 [debug] (validate.js) asked to skip the following validations, 
2026-05-20 21:48:50.676 +0700 [debug] (validate.js) running validator actions
2026-05-20 21:48:50.676 +0700 [debug] (validate.js) running validator requests
2026-05-20 21:48:50.676 +0700 [debug] (validate.js) running validator app-dir
2026-05-20 21:48:50.676 +0700 [debug] (validate.js) running validator config-dir
2026-05-20 21:48:50.676 +0700 [debug] (config-dir.js) Checking to see if /Users/kevin/freshdesk-app/config/ exists.
2026-05-20 21:48:50.676 +0700 [debug] (config-dir.js) Fetched the following config files iparams.json
2026-05-20 21:48:50.676 +0700 [debug] (validate.js) running validator custom-objects
2026-05-20 21:48:50.676 +0700 [debug] (validate.js) running validator event
2026-05-20 21:48:50.676 +0700 [debug] (validate.js) running validator iparam
2026-05-20 21:48:50.677 +0700 [debug] (validate.js) running validator lint
2026-05-20 21:48:50.677 +0700 [debug] (lint.js) passed fix flag: undefined
2026-05-20 21:48:50.678 +0700 [debug] (lint.js) Running the following lints on the file app/scripts/app.js : no-eval,no-alert,no-debugger,no-unreachable,no-duplicate-imports,constructor-super,for-direction,no-class-assign,no-new-native-nonconstructor,valid-typeof,no-eq-null,no-var,require-await,no-unreachable-loop,no-redeclare,no-self-assign,no-setter-return,no-shadow-restricted-names,no-this-before-super,no-unsafe-finally,no-unsafe-optional-chaining,no-unused-vars,no-useless-catch,eqeqeq,prefer-const,require-yield,no-global-assign,no-caller,no-process-env,complexity,max-nested-callbacks,handle-callback-err,getter-return,no-async-promise-executor,no-case-declarations,no-compare-neg-zero,no-cond-assign,no-const-assign,no-constant-condition,no-control-regex,no-delete-var,no-dupe-args,no-dupe-class-members,no-dupe-else-if,no-dupe-keys,no-duplicate-case,no-empty,no-empty-character-class,no-empty-pattern,no-ex-assign,no-extra-boolean-cast,no-extra-semi,no-fallthrough,no-func-assign,no-import-assign,no-inner-declarations,no-invalid-regexp,no-irregular-whitespace,no-loss-of-precision,no-misleading-character-class,no-mixed-spaces-and-tabs,no-nonoctal-decimal-escape,no-obj-calls,no-octal,no-prototype-builtins,no-regex-spaces,no-sparse-arrays,no-unexpected-multiline,no-unsafe-negation,no-unused-labels,no-useless-backreference,no-useless-escape,no-with,use-isnan,no-unpkg-cdn,no-proxy-requests,no-unhandled-promise,no-logging-rejections,no-non-client-request-model,no-deprecated-apis,no-cross-scope-assign,no-empty-function
2026-05-20 21:48:50.759 +0700 [debug] (validate.js) running validator manifest
2026-05-20 21:48:50.759 +0700 [debug] (validate.js) skipping validator manifest-dependency
2026-05-20 21:48:50.759 +0700 [debug] (validate.js) running validator manifest-scripts
2026-05-20 21:48:50.759 +0700 [debug] (validate.js) running validator oauth
2026-05-20 21:48:50.759 +0700 [debug] (validate.js) skipping validator pkgsize
2026-05-20 21:48:50.759 +0700 [debug] (validate.js) running validator schema
2026-05-20 21:48:50.759 +0700 [debug] (validate.js) running validator version-check
2026-05-20 21:48:50.759 +0700 [debug] (validate.js) running validator app-settings
2026-05-20 21:48:50.762 +0700 [warn] Please ensure that the following are addressed for quick review process:
2026-05-20 21:48:50.762 +0700 [warn] [33m⚠[39m app/scripts/app.js::40: Async function 'onAppActivated' has a complexity of 8. Maximum allowed is 7.
2026-05-20 21:48:50.762 +0700 [warn] 
2026-05-20 21:48:50.763 +0700 [debug] (watcher.js) Preparing to watch the following files ./app,./config,./manifest.json
2026-05-20 21:48:50.815 +0700 [debug] (data.js) Read {"freshd_101_101_migrate_oauth_status":true,"report_hash":"78f5ad3fc114d66a39f1a21b0d908a3b27601c753edc3a5886415d23e5b86e0e"}
2026-05-20 21:48:50.815 +0700 [debug] (custom-objects.js) to force or not? undefined
2026-05-20 21:48:50.815 +0700 [debug] (custom-objects.js) beginning to re-sync db
2026-05-20 21:48:50.857 +0700 [debug] (data.js) Read {"freshd_101_101_migrate_oauth_status":true,"report_hash":"78f5ad3fc114d66a39f1a21b0d908a3b27601c753edc3a5886415d23e5b86e0e"}
2026-05-20 21:48:50.857 +0700 [debug] (custom-objects.js) updated local store with latest entity hash
2026-05-20 21:48:50.857 +0700 [debug] (run.js) migrate stored oauth configs from localstore to sqlite
2026-05-20 21:48:50.858 +0700 [debug] (data.js) Read {"freshd_101_101_migrate_oauth_status":true,"report_hash":"78f5ad3fc114d66a39f1a21b0d908a3b27601c753edc3a5886415d23e5b86e0e"}
2026-05-20 21:48:50.858 +0700 [debug] (data.js) Read {"freshd_101_101_migrate_oauth_status":true,"report_hash":"78f5ad3fc114d66a39f1a21b0d908a3b27601c753edc3a5886415d23e5b86e0e"}
2026-05-20 21:48:50.858 +0700 [debug] (oauth.js) migration completed, returning
2026-05-20 21:48:50.858 +0700 [info] Starting local testing server at http://*:10001/    
Append 'dev=true' to your current host URL to start testing    
     
e.g:     
2026-05-20 21:48:50.858 +0700 [info]   https://domain.freshdesk.com/a/tickets/1?dev=true
2026-05-20 21:48:50.858 +0700 [info] 
Quit the server with Control-C.
2026-05-20 21:49:19.247 +0700 [debug] (oauth.js) Fetching oauth configs of product : modules
2026-05-20 21:49:19.247 +0700 [debug] (iframe.js) Checking is authorized for all oauths 
2026-05-20 21:49:19.249 +0700 [debug] (data.js) Read {"freshd_101_101_migrate_oauth_status":true,"report_hash":"78f5ad3fc114d66a39f1a21b0d908a3b27601c753edc3a5886415d23e5b86e0e"}
2026-05-20 21:49:19.251 +0700 [debug] (data.js) Read {"freshd_101_101_migrate_oauth_status":true,"report_hash":"78f5ad3fc114d66a39f1a21b0d908a3b27601c753edc3a5886415d23e5b86e0e"}
2026-05-20 21:49:19.251 +0700 [debug] (iframe.js) Responding to product with {"configs":{},"displayName":"freshdesk-app","product":{"freshdesk":{"location":{"cti_global_sidebar":{"url":"agent/index.html","icon":"agent/styles/images/icon.svg"}}}},"modules":{"common":{"location":{"cti_global_sidebar":{"url":"index.html","icon":"styles/images/icon.svg"}}},"support_ticket":{}},"features":["db"],"actions":false,"omni":false,"products":["freshdesk"],"platform":"3.0","isInstall":false,"oauth_configs_list":[],"subscribed_modules":null,"endpoint_urls":null,"product_types":{},"currentHost":{"subscribed_modules":null,"endpoint_urls":null,"org_domain":null,"product_types":{}},"isAuthorized":true,"v2":[]}
2026-05-20 21:49:19.525 +0700 [debug] (oauth.js) Fetching oauth configs of product : modules
2026-05-20 21:49:19.525 +0700 [debug] (iframe.js) Checking is authorized for all oauths 
2026-05-20 21:49:19.526 +0700 [debug] (data.js) Read {"freshd_101_101_migrate_oauth_status":true,"report_hash":"78f5ad3fc114d66a39f1a21b0d908a3b27601c753edc3a5886415d23e5b86e0e"}
2026-05-20 21:49:19.527 +0700 [debug] (data.js) Read {"freshd_101_101_migrate_oauth_status":true,"report_hash":"78f5ad3fc114d66a39f1a21b0d908a3b27601c753edc3a5886415d23e5b86e0e"}
2026-05-20 21:49:19.527 +0700 [debug] (iframe.js) Responding to product with {"configs":{},"displayName":"freshdesk-app","product":{"freshdesk":{"location":{"cti_global_sidebar":{"url":"agent/index.html","icon":"agent/styles/images/icon.svg"}}}},"modules":{"common":{"location":{"cti_global_sidebar":{"url":"index.html","icon":"styles/images/icon.svg"}}},"support_ticket":{}},"features":["db"],"actions":false,"omni":false,"products":["freshdesk"],"platform":"3.0","isInstall":false,"oauth_configs_list":[],"subscribed_modules":null,"endpoint_urls":null,"product_types":{},"currentHost":{"subscribed_modules":null,"endpoint_urls":null,"org_domain":null,"product_types":{}},"isAuthorized":true,"v2":[]}
2026-05-20 21:49:19.563 +0700 [debug] (http.js) Failed to parse URL: , error: Invalid URL
2026-05-20 21:49:19.564 +0700 [debug] (iframe.js) Responding with contents of /index.html
2026-05-20 21:49:19.574 +0700 [debug] (iframe.js) Responding with contents of /scripts/app.js
2026-05-20 21:49:19.575 +0700 [debug] (coverage.js) Instrumenting /Users/kevin/freshdesk-app/app/scripts/app.js
2026-05-20 21:49:19.826 +0700 [debug] (oauth.js) Fetching oauth configs of product : modules
2026-05-20 21:49:19.826 +0700 [debug] (iframe.js) Checking is authorized for all oauths 
2026-05-20 21:49:19.827 +0700 [debug] (data.js) Read {"freshd_101_101_migrate_oauth_status":true,"report_hash":"78f5ad3fc114d66a39f1a21b0d908a3b27601c753edc3a5886415d23e5b86e0e"}
2026-05-20 21:49:19.828 +0700 [debug] (data.js) Read {"freshd_101_101_migrate_oauth_status":true,"report_hash":"78f5ad3fc114d66a39f1a21b0d908a3b27601c753edc3a5886415d23e5b86e0e"}
2026-05-20 21:49:19.828 +0700 [debug] (iframe.js) Responding to product with {"configs":{},"displayName":"freshdesk-app","product":{"freshdesk":{"location":{"cti_global_sidebar":{"url":"agent/index.html","icon":"agent/styles/images/icon.svg"}}}},"modules":{"common":{"location":{"cti_global_sidebar":{"url":"index.html","icon":"styles/images/icon.svg"}}},"support_ticket":{}},"features":["db"],"actions":false,"omni":false,"products":["freshdesk"],"platform":"3.0","isInstall":false,"oauth_configs_list":[],"subscribed_modules":null,"endpoint_urls":null,"product_types":{},"currentHost":{"subscribed_modules":null,"endpoint_urls":null,"org_domain":null,"product_types":{}},"isAuthorized":true,"v2":[]}
2026-05-20 21:49:19.838 +0700 [debug] (http.js) Failed to parse URL: , error: Invalid URL
2026-05-20 21:49:21.679 +0700 [debug] (coverage.js) Writing coverage.
2026-05-20 21:49:23.676 +0700 [debug] (coverage.js) Writing coverage.
2026-05-20 21:53:23.262 +0700 [debug] (oauth.js) Fetching oauth configs of product : modules
2026-05-20 21:53:23.265 +0700 [debug] (iframe.js) Checking is authorized for all oauths 
2026-05-20 21:53:23.266 +0700 [debug] (data.js) Read {"freshd_101_101_migrate_oauth_status":true,"report_hash":"78f5ad3fc114d66a39f1a21b0d908a3b27601c753edc3a5886415d23e5b86e0e"}
2026-05-20 21:53:23.268 +0700 [debug] (data.js) Read {"freshd_101_101_migrate_oauth_status":true,"report_hash":"78f5ad3fc114d66a39f1a21b0d908a3b27601c753edc3a5886415d23e5b86e0e"}
2026-05-20 21:53:23.268 +0700 [debug] (iframe.js) Responding to product with {"configs":{},"displayName":"freshdesk-app","product":{"freshdesk":{"location":{"cti_global_sidebar":{"url":"agent/index.html","icon":"agent/styles/images/icon.svg"}}}},"modules":{"common":{"location":{"cti_global_sidebar":{"url":"index.html","icon":"styles/images/icon.svg"}}},"support_ticket":{}},"features":["db"],"actions":false,"omni":false,"products":["freshdesk"],"platform":"3.0","isInstall":false,"oauth_configs_list":[],"subscribed_modules":null,"endpoint_urls":null,"product_types":{},"currentHost":{"subscribed_modules":null,"endpoint_urls":null,"org_domain":null,"product_types":{}},"isAuthorized":true,"v2":[]}
2026-05-20 21:53:23.541 +0700 [debug] (oauth.js) Fetching oauth configs of product : modules
2026-05-20 21:53:23.541 +0700 [debug] (iframe.js) Checking is authorized for all oauths 
2026-05-20 21:53:23.542 +0700 [debug] (data.js) Read {"freshd_101_101_migrate_oauth_status":true,"report_hash":"78f5ad3fc114d66a39f1a21b0d908a3b27601c753edc3a5886415d23e5b86e0e"}
2026-05-20 21:53:23.543 +0700 [debug] (data.js) Read {"freshd_101_101_migrate_oauth_status":true,"report_hash":"78f5ad3fc114d66a39f1a21b0d908a3b27601c753edc3a5886415d23e5b86e0e"}
2026-05-20 21:53:23.543 +0700 [debug] (iframe.js) Responding to product with {"configs":{},"displayName":"freshdesk-app","product":{"freshdesk":{"location":{"cti_global_sidebar":{"url":"agent/index.html","icon":"agent/styles/images/icon.svg"}}}},"modules":{"common":{"location":{"cti_global_sidebar":{"url":"index.html","icon":"styles/images/icon.svg"}}},"support_ticket":{}},"features":["db"],"actions":false,"omni":false,"products":["freshdesk"],"platform":"3.0","isInstall":false,"oauth_configs_list":[],"subscribed_modules":null,"endpoint_urls":null,"product_types":{},"currentHost":{"subscribed_modules":null,"endpoint_urls":null,"org_domain":null,"product_types":{}},"isAuthorized":true,"v2":[]}
2026-05-20 21:53:23.577 +0700 [debug] (http.js) Failed to parse URL: , error: Invalid URL
2026-05-20 21:53:23.578 +0700 [debug] (iframe.js) Responding with contents of /index.html
2026-05-20 21:53:23.586 +0700 [debug] (iframe.js) Responding with contents of /scripts/app.js
2026-05-20 21:53:23.587 +0700 [debug] (coverage.js) Instrumenting /Users/kevin/freshdesk-app/app/scripts/app.js
2026-05-20 21:53:23.829 +0700 [debug] (oauth.js) Fetching oauth configs of product : modules
2026-05-20 21:53:23.830 +0700 [debug] (iframe.js) Checking is authorized for all oauths 
2026-05-20 21:53:23.830 +0700 [debug] (data.js) Read {"freshd_101_101_migrate_oauth_status":true,"report_hash":"78f5ad3fc114d66a39f1a21b0d908a3b27601c753edc3a5886415d23e5b86e0e"}
2026-05-20 21:53:23.831 +0700 [debug] (data.js) Read {"freshd_101_101_migrate_oauth_status":true,"report_hash":"78f5ad3fc114d66a39f1a21b0d908a3b27601c753edc3a5886415d23e5b86e0e"}
2026-05-20 21:53:23.831 +0700 [debug] (iframe.js) Responding to product with {"configs":{},"displayName":"freshdesk-app","product":{"freshdesk":{"location":{"cti_global_sidebar":{"url":"agent/index.html","icon":"agent/styles/images/icon.svg"}}}},"modules":{"common":{"location":{"cti_global_sidebar":{"url":"index.html","icon":"styles/images/icon.svg"}}},"support_ticket":{}},"features":["db"],"actions":false,"omni":false,"products":["freshdesk"],"platform":"3.0","isInstall":false,"oauth_configs_list":[],"subscribed_modules":null,"endpoint_urls":null,"product_types":{},"currentHost":{"subscribed_modules":null,"endpoint_urls":null,"org_domain":null,"product_types":{}},"isAuthorized":true,"v2":[]}
2026-05-20 21:53:23.841 +0700 [debug] (http.js) Failed to parse URL: , error: Invalid URL
2026-05-20 21:53:25.654 +0700 [debug] (coverage.js) Writing coverage.
2026-05-20 21:53:27.657 +0700 [debug] (coverage.js) Writing coverage.
2026-05-20 22:02:58.260 +0700 [debug] (watcher.js) Broadcasted "{"file":"app/.DS_Store"}" to all listeners.
2026-05-20 22:02:58.285 +0700 [debug] (iframe.js) Responding with contents of /index.html
2026-05-20 22:02:58.299 +0700 [debug] (iframe.js) Responding with contents of /scripts/app.js
2026-05-20 22:02:58.299 +0700 [debug] (coverage.js) Instrumenting /Users/kevin/freshdesk-app/app/scripts/app.js
2026-05-20 22:03:00.861 +0700 [debug] (coverage.js) Writing coverage.
2026-05-20 22:03:02.860 +0700 [debug] (coverage.js) Writing coverage.
2026-05-20 22:16:19.927 +0700 [debug] (watcher.js) Broadcasted "{"file":"app/index.html"}" to all listeners.
2026-05-20 22:16:20.226 +0700 [debug] (iframe.js) Responding with contents of /index.html
2026-05-20 22:16:20.610 +0700 [debug] (iframe.js) Responding with contents of /scripts/app.js
2026-05-20 22:16:20.626 +0700 [debug] (coverage.js) Instrumenting /Users/kevin/freshdesk-app/app/scripts/app.js
2026-05-20 22:16:22.878 +0700 [debug] (coverage.js) Writing coverage.
2026-05-20 22:16:24.869 +0700 [debug] (coverage.js) Writing coverage.
2026-05-20 22:22:14.903 +0700 [debug] (watcher.js) Broadcasted "{"file":"app/scripts/app.js"}" to all listeners.
2026-05-20 22:22:14.922 +0700 [debug] (iframe.js) Responding with contents of /index.html
2026-05-20 22:22:14.943 +0700 [debug] (iframe.js) Responding with contents of /scripts/app.js
2026-05-20 22:22:14.943 +0700 [debug] (coverage.js) Instrumenting /Users/kevin/freshdesk-app/app/scripts/app.js
2026-05-20 22:22:16.601 +0700 [info] 
NOTE: We recommend a coverage of 80% for apps that are to be published in the public marketplace.
2026-05-20 22:30:02.226 +0700 [debug] (configs.js) loaded default configs as "{"updates":{"manifest_url":"https://cdn.freshdev.io/assets/fdk/updates.json","changelog_url":"https://cdn.freshdev.io/assets/fdk/change-log.json","period":24},"log":{"level":"info"},"javascript":{"ecma_version":2020},"request":{"timeout":15000,"maxFilesPerRequest":5},"global_apps":{"enabled":true},"easel":{"enabled":false},"job":{"timeout":120000}}"
2026-05-20 22:30:02.229 +0700 [debug] (configs.js) loaded global configs as "{"global_apps":{"enabled":"true"},"request":{"timeout":15000},"job":{"timeout":120000}}"
2026-05-20 22:30:02.229 +0700 [debug] (configs.js) loaded local configs as "{"request":{"timeout":15000},"job":{"timeout":120000},"global_apps":{"enabled":"true"}}"
2026-05-20 22:30:02.229 +0700 [debug] (configs.js) loaded env configs as "{"updates":{},"log":{},"javascript":{},"request":{"timeout":15000,"maxFilesPerRequest":5},"job":{"timeout":120000}}"
2026-05-20 22:30:02.229 +0700 [debug] (configs.js) loaded resolved configs as "{"updates":{"manifest_url":"https://cdn.freshdev.io/assets/fdk/updates.json","changelog_url":"https://cdn.freshdev.io/assets/fdk/change-log.json","period":24},"log":{"level":"info"},"javascript":{"ecma_version":2020},"request":{"timeout":15000,"maxFilesPerRequest":5},"global_apps":{"enabled":"true"},"easel":{"enabled":false},"job":{"timeout":120000}}"
2026-05-20 22:30:02.229 +0700 [debug] (logger.js) Starting FDK in node v24.11.1 on darwin
2026-05-20 22:30:02.229 +0700 [debug] (sequelize.js) setting up sqilite at "/Users/kevin/freshdesk-app/.fdk/store.sqlite"
2026-05-20 22:30:02.229 +0700 [debug] (data.js) Read {"version_details":{"cli":{"deprecated":{"version":"<9","message":"This FDK version has been deprecated. There will be no further feature updates to this version. For a seamless app-building experience, ensure to move to the latest FDK version. For more information, see https://developers.freshworks.com/docs/app-sdk/v2.3/freshdesk/migration-guide/#migrate-to-the-latest-platform-version."},"forced":{"version":"7.0.0","command":"npm install https://dl.freshdev.io/cli/fdk-7.0.0.tgz -g","message":"Your FDK version has been forced updated to v7.0.0, please visit https://community.developers.freshworks.com/t/fdk-v7-0-announcing-node-js-v12-and-es6-support/3606 to know more"},"latest":{"version":"10.1.2","command":"npm install https://cdn.freshdev.io/fdk/latest-v24.tgz -g","message":"You are on the latest FDK version. For information on the features available as part of this FDK version, see https://developers.freshworks.com/docs/?tab=modules."}},"addon":{"version":"2.2.7","url":"https://cdn.freshdev.io/assets/fdk/addons/addon.zip"}},"last_updated":{"time_stamp":1779285176837}}
2026-05-20 22:30:02.229 +0700 [debug] (updater.js) last check less than 24 hours ago, not looking for updates
2026-05-20 22:30:02.231 +0700 [debug] (index.js) running with opts {}
2026-05-20 22:30:02.299 +0700 [debug] (data.js) Read {"version_details":{"cli":{"deprecated":{"version":"<9","message":"This FDK version has been deprecated. There will be no further feature updates to this version. For a seamless app-building experience, ensure to move to the latest FDK version. For more information, see https://developers.freshworks.com/docs/app-sdk/v2.3/freshdesk/migration-guide/#migrate-to-the-latest-platform-version."},"forced":{"version":"7.0.0","command":"npm install https://dl.freshdev.io/cli/fdk-7.0.0.tgz -g","message":"Your FDK version has been forced updated to v7.0.0, please visit https://community.developers.freshworks.com/t/fdk-v7-0-announcing-node-js-v12-and-es6-support/3606 to know more"},"latest":{"version":"10.1.2","command":"npm install https://cdn.freshdev.io/fdk/latest-v24.tgz -g","message":"You are on the latest FDK version. For information on the features available as part of this FDK version, see https://developers.freshworks.com/docs/?tab=modules."}},"addon":{"version":"2.2.7","url":"https://cdn.freshdev.io/assets/fdk/addons/addon.zip"}},"last_updated":{"time_stamp":1779285176837}}
2026-05-20 22:30:02.301 +0700 [debug] (manifest.js) Reloading manifest with {"platform-version":"3.0","modules":{"common":{"location":{"cti_global_sidebar":{"url":"index.html","icon":"styles/images/icon.svg"}}},"support_ticket":{}},"engines":{"node":"24.11.1","fdk":"10.1.2"},"scripts":{"fdk-unit-test":"vitest run --coverage"}}.
2026-05-20 22:30:02.301 +0700 [debug] (manifest.js) Inferred db as features.
2026-05-20 22:30:02.325 +0700 [debug] (data.js) Read {"version_details":{"cli":{"deprecated":{"version":"<9","message":"This FDK version has been deprecated. There will be no further feature updates to this version. For a seamless app-building experience, ensure to move to the latest FDK version. For more information, see https://developers.freshworks.com/docs/app-sdk/v2.3/freshdesk/migration-guide/#migrate-to-the-latest-platform-version."},"forced":{"version":"7.0.0","command":"npm install https://dl.freshdev.io/cli/fdk-7.0.0.tgz -g","message":"Your FDK version has been forced updated to v7.0.0, please visit https://community.developers.freshworks.com/t/fdk-v7-0-announcing-node-js-v12-and-es6-support/3606 to know more"},"latest":{"version":"10.1.2","command":"npm install https://cdn.freshdev.io/fdk/latest-v24.tgz -g","message":"You are on the latest FDK version. For information on the features available as part of this FDK version, see https://developers.freshworks.com/docs/?tab=modules."}},"addon":{"version":"2.2.7","url":"https://cdn.freshdev.io/assets/fdk/addons/addon.zip"}},"last_updated":{"time_stamp":1779285176837}}
2026-05-20 22:30:02.487 +0700 [debug] (coverage.js) INIT: About to merge initial coverage data with 1 files
2026-05-20 22:30:02.487 +0700 [debug] (coverage.js) INIT: After merge - Files in map: 1
2026-05-20 22:30:02.528 +0700 [debug] (index.js) Initializing AJV schemas from individual files
2026-05-20 22:30:02.528 +0700 [debug] (index.js) Compiling schemas...
2026-05-20 22:30:02.535 +0700 [debug] (index.js) All schemas compiled successfully
2026-05-20 22:30:02.574 +0700 [debug] (index.js) loading model at "/Users/kevin/.nvm/versions/node/v24.11.1/lib/node_modules/@freshworks/fdk/lib/models/bigint-pivot.js"
2026-05-20 22:30:02.575 +0700 [debug] (index.js) loading model at "/Users/kevin/.nvm/versions/node/v24.11.1/lib/node_modules/@freshworks/fdk/lib/models/entity-field-choice.js"
2026-05-20 22:30:02.575 +0700 [debug] (index.js) loading model at "/Users/kevin/.nvm/versions/node/v24.11.1/lib/node_modules/@freshworks/fdk/lib/models/entity-field.js"
2026-05-20 22:30:02.575 +0700 [debug] (index.js) loading model at "/Users/kevin/.nvm/versions/node/v24.11.1/lib/node_modules/@freshworks/fdk/lib/models/entity.js"
2026-05-20 22:30:02.576 +0700 [debug] (index.js) loading model at "/Users/kevin/.nvm/versions/node/v24.11.1/lib/node_modules/@freshworks/fdk/lib/models/files.js"
2026-05-20 22:30:02.576 +0700 [debug] (index.js) loading model at "/Users/kevin/.nvm/versions/node/v24.11.1/lib/node_modules/@freshworks/fdk/lib/models/oauth-details.js"
2026-05-20 22:30:02.576 +0700 [debug] (index.js) loading model at "/Users/kevin/.nvm/versions/node/v24.11.1/lib/node_modules/@freshworks/fdk/lib/models/record.js"
2026-05-20 22:30:02.578 +0700 [debug] (index.js) loading model at "/Users/kevin/.nvm/versions/node/v24.11.1/lib/node_modules/@freshworks/fdk/lib/models/string-pivot.js"
2026-05-20 22:30:02.633 +0700 [debug] (index.js) 'schema: ' [object Object]
2026-05-20 22:30:02.639 +0700 [debug] (index.js) 'schema: ' [object Object]
2026-05-20 22:30:02.640 +0700 [debug] (index.js) 'schema: ' [object Object]
2026-05-20 22:30:02.640 +0700 [debug] (index.js) 'schema: ' [object Object]
2026-05-20 22:30:02.641 +0700 [debug] (index.js) 'schema: ' [object Object]
2026-05-20 22:30:02.642 +0700 [debug] (index.js) 'schema: ' [object Object]
2026-05-20 22:30:02.642 +0700 [debug] (index.js) 'schema: ' [object Object]
2026-05-20 22:30:02.645 +0700 [debug] (index.js) 'schema: ' [object Object]
2026-05-20 22:30:02.645 +0700 [debug] (index.js) 'schema: ' [object Object]
2026-05-20 22:30:02.645 +0700 [debug] (index.js) 'schema: ' [object Object]
2026-05-20 22:30:02.648 +0700 [debug] (index.js) 'schema: ' [object Object]
2026-05-20 22:30:02.649 +0700 [debug] (index.js) 'schema: ' [object Object]
2026-05-20 22:30:02.650 +0700 [debug] (index.js) 'schema: ' [object Object]
2026-05-20 22:30:02.650 +0700 [debug] (index.js) 'schema: ' [object Object]
2026-05-20 22:30:02.651 +0700 [debug] (index.js) 'schema: ' [object Object]
2026-05-20 22:30:02.652 +0700 [debug] (index.js) 'schema: ' [object Object]
2026-05-20 22:30:02.653 +0700 [debug] (index.js) 'schema: ' [object Object]
2026-05-20 22:30:02.659 +0700 [debug] (index.js) 'schema: ' [object Object]
2026-05-20 22:30:02.817 +0700 [debug] (data.js) Read {"version_details":{"cli":{"deprecated":{"version":"<9","message":"This FDK version has been deprecated. There will be no further feature updates to this version. For a seamless app-building experience, ensure to move to the latest FDK version. For more information, see https://developers.freshworks.com/docs/app-sdk/v2.3/freshdesk/migration-guide/#migrate-to-the-latest-platform-version."},"forced":{"version":"7.0.0","command":"npm install https://dl.freshdev.io/cli/fdk-7.0.0.tgz -g","message":"Your FDK version has been forced updated to v7.0.0, please visit https://community.developers.freshworks.com/t/fdk-v7-0-announcing-node-js-v12-and-es6-support/3606 to know more"},"latest":{"version":"10.1.2","command":"npm install https://cdn.freshdev.io/fdk/latest-v24.tgz -g","message":"You are on the latest FDK version. For information on the features available as part of this FDK version, see https://developers.freshworks.com/docs/?tab=modules."}},"addon":{"version":"2.2.7","url":"https://cdn.freshdev.io/assets/fdk/addons/addon.zip"}},"last_updated":{"time_stamp":1779285176837}}
2026-05-20 22:30:03.538 +0700 [debug] (validate.js) asked to skip the following validations, 
2026-05-20 22:30:03.538 +0700 [debug] (validate.js) running validator actions
2026-05-20 22:30:03.538 +0700 [debug] (validate.js) running validator requests
2026-05-20 22:30:03.538 +0700 [debug] (validate.js) running validator app-dir
2026-05-20 22:30:03.538 +0700 [debug] (validate.js) running validator config-dir
2026-05-20 22:30:03.538 +0700 [debug] (config-dir.js) Checking to see if /Users/kevin/freshdesk-app/config/ exists.
2026-05-20 22:30:03.538 +0700 [debug] (config-dir.js) Fetched the following config files iparams.json
2026-05-20 22:30:03.538 +0700 [debug] (validate.js) running validator custom-objects
2026-05-20 22:30:03.538 +0700 [debug] (validate.js) running validator event
2026-05-20 22:30:03.538 +0700 [debug] (validate.js) running validator iparam
2026-05-20 22:30:03.539 +0700 [debug] (validate.js) running validator lint
2026-05-20 22:30:03.539 +0700 [debug] (lint.js) passed fix flag: undefined
2026-05-20 22:30:03.541 +0700 [debug] (lint.js) Running the following lints on the file app/scripts/app.js : no-eval,no-alert,no-debugger,no-unreachable,no-duplicate-imports,constructor-super,for-direction,no-class-assign,no-new-native-nonconstructor,valid-typeof,no-eq-null,no-var,require-await,no-unreachable-loop,no-redeclare,no-self-assign,no-setter-return,no-shadow-restricted-names,no-this-before-super,no-unsafe-finally,no-unsafe-optional-chaining,no-unused-vars,no-useless-catch,eqeqeq,prefer-const,require-yield,no-global-assign,no-caller,no-process-env,complexity,max-nested-callbacks,handle-callback-err,getter-return,no-async-promise-executor,no-case-declarations,no-compare-neg-zero,no-cond-assign,no-const-assign,no-constant-condition,no-control-regex,no-delete-var,no-dupe-args,no-dupe-class-members,no-dupe-else-if,no-dupe-keys,no-duplicate-case,no-empty,no-empty-character-class,no-empty-pattern,no-ex-assign,no-extra-boolean-cast,no-extra-semi,no-fallthrough,no-func-assign,no-import-assign,no-inner-declarations,no-invalid-regexp,no-irregular-whitespace,no-loss-of-precision,no-misleading-character-class,no-mixed-spaces-and-tabs,no-nonoctal-decimal-escape,no-obj-calls,no-octal,no-prototype-builtins,no-regex-spaces,no-sparse-arrays,no-unexpected-multiline,no-unsafe-negation,no-unused-labels,no-useless-backreference,no-useless-escape,no-with,use-isnan,no-unpkg-cdn,no-proxy-requests,no-unhandled-promise,no-logging-rejections,no-non-client-request-model,no-deprecated-apis,no-cross-scope-assign,no-empty-function
2026-05-20 22:30:03.623 +0700 [debug] (validate.js) running validator manifest
2026-05-20 22:30:03.624 +0700 [debug] (validate.js) skipping validator manifest-dependency
2026-05-20 22:30:03.624 +0700 [debug] (validate.js) running validator manifest-scripts
2026-05-20 22:30:03.624 +0700 [debug] (validate.js) running validator oauth
2026-05-20 22:30:03.624 +0700 [debug] (validate.js) skipping validator pkgsize
2026-05-20 22:30:03.624 +0700 [debug] (validate.js) running validator schema
2026-05-20 22:30:03.624 +0700 [debug] (validate.js) running validator version-check
2026-05-20 22:30:03.624 +0700 [debug] (validate.js) running validator app-settings
2026-05-20 22:30:03.627 +0700 [warn] Please ensure that the following are addressed for quick review process:
2026-05-20 22:30:03.627 +0700 [warn] [33m⚠[39m app/scripts/app.js::140: refrain from simply logging errors.
2026-05-20 22:30:03.627 +0700 [warn] [33m⚠[39m app/scripts/app.js::146: Async function 'onTriggerDialer' has a complexity of 8. Maximum allowed is 7.
2026-05-20 22:30:03.627 +0700 [warn] [33m⚠[39m app/scripts/app.js::164: Use client.request when making API requests
2026-05-20 22:30:03.627 +0700 [warn] 
2026-05-20 22:30:03.627 +0700 [debug] (watcher.js) Preparing to watch the following files ./app,./config,./manifest.json
2026-05-20 22:30:03.704 +0700 [debug] (data.js) Read {"freshd_101_101_migrate_oauth_status":true,"report_hash":"30478baa5f016c0669623a6ab098e65d9a583be2f593b779f835c1bfbe5c089c"}
2026-05-20 22:30:03.705 +0700 [debug] (custom-objects.js) to force or not? undefined
2026-05-20 22:30:03.705 +0700 [debug] (custom-objects.js) beginning to re-sync db
2026-05-20 22:30:03.755 +0700 [debug] (data.js) Read {"freshd_101_101_migrate_oauth_status":true,"report_hash":"30478baa5f016c0669623a6ab098e65d9a583be2f593b779f835c1bfbe5c089c"}
2026-05-20 22:30:03.755 +0700 [debug] (custom-objects.js) updated local store with latest entity hash
2026-05-20 22:30:03.755 +0700 [debug] (run.js) migrate stored oauth configs from localstore to sqlite
2026-05-20 22:30:03.756 +0700 [debug] (data.js) Read {"freshd_101_101_migrate_oauth_status":true,"report_hash":"30478baa5f016c0669623a6ab098e65d9a583be2f593b779f835c1bfbe5c089c"}
2026-05-20 22:30:03.756 +0700 [debug] (data.js) Read {"freshd_101_101_migrate_oauth_status":true,"report_hash":"30478baa5f016c0669623a6ab098e65d9a583be2f593b779f835c1bfbe5c089c"}
2026-05-20 22:30:03.756 +0700 [debug] (oauth.js) migration completed, returning
2026-05-20 22:30:03.756 +0700 [info] Starting local testing server at http://*:10001/    
Append 'dev=true' to your current host URL to start testing    
     
e.g:     
2026-05-20 22:30:03.756 +0700 [info]   https://domain.freshdesk.com/a/tickets/1?dev=true
2026-05-20 22:30:03.756 +0700 [info] 
Quit the server with Control-C.
2026-05-20 22:30:17.140 +0700 [debug] (oauth.js) Fetching oauth configs of product : modules
2026-05-20 22:30:17.141 +0700 [debug] (iframe.js) Checking is authorized for all oauths 
2026-05-20 22:30:17.142 +0700 [debug] (data.js) Read {"freshd_101_101_migrate_oauth_status":true,"report_hash":"30478baa5f016c0669623a6ab098e65d9a583be2f593b779f835c1bfbe5c089c"}
2026-05-20 22:30:17.144 +0700 [debug] (data.js) Read {"freshd_101_101_migrate_oauth_status":true,"report_hash":"30478baa5f016c0669623a6ab098e65d9a583be2f593b779f835c1bfbe5c089c"}
2026-05-20 22:30:17.144 +0700 [debug] (iframe.js) Responding to product with {"configs":{},"displayName":"freshdesk-app","product":{"freshdesk":{"location":{"cti_global_sidebar":{"url":"agent/index.html","icon":"agent/styles/images/icon.svg"}}}},"modules":{"common":{"location":{"cti_global_sidebar":{"url":"index.html","icon":"styles/images/icon.svg"}}},"support_ticket":{}},"features":["db"],"actions":false,"omni":false,"products":["freshdesk"],"platform":"3.0","isInstall":false,"oauth_configs_list":[],"subscribed_modules":null,"endpoint_urls":null,"product_types":{},"currentHost":{"subscribed_modules":null,"endpoint_urls":null,"org_domain":null,"product_types":{}},"isAuthorized":true,"v2":[]}
2026-05-20 22:30:17.422 +0700 [debug] (oauth.js) Fetching oauth configs of product : modules
2026-05-20 22:30:17.423 +0700 [debug] (iframe.js) Checking is authorized for all oauths 
2026-05-20 22:30:17.425 +0700 [debug] (data.js) Read {"freshd_101_101_migrate_oauth_status":true,"report_hash":"30478baa5f016c0669623a6ab098e65d9a583be2f593b779f835c1bfbe5c089c"}
2026-05-20 22:30:17.426 +0700 [debug] (data.js) Read {"freshd_101_101_migrate_oauth_status":true,"report_hash":"30478baa5f016c0669623a6ab098e65d9a583be2f593b779f835c1bfbe5c089c"}
2026-05-20 22:30:17.426 +0700 [debug] (iframe.js) Responding to product with {"configs":{},"displayName":"freshdesk-app","product":{"freshdesk":{"location":{"cti_global_sidebar":{"url":"agent/index.html","icon":"agent/styles/images/icon.svg"}}}},"modules":{"common":{"location":{"cti_global_sidebar":{"url":"index.html","icon":"styles/images/icon.svg"}}},"support_ticket":{}},"features":["db"],"actions":false,"omni":false,"products":["freshdesk"],"platform":"3.0","isInstall":false,"oauth_configs_list":[],"subscribed_modules":null,"endpoint_urls":null,"product_types":{},"currentHost":{"subscribed_modules":null,"endpoint_urls":null,"org_domain":null,"product_types":{}},"isAuthorized":true,"v2":[]}
2026-05-20 22:30:17.457 +0700 [debug] (http.js) Failed to parse URL: , error: Invalid URL
2026-05-20 22:30:17.458 +0700 [debug] (iframe.js) Responding with contents of /index.html
2026-05-20 22:30:17.472 +0700 [debug] (iframe.js) Responding with contents of /scripts/app.js
2026-05-20 22:30:17.473 +0700 [debug] (coverage.js) Instrumenting /Users/kevin/freshdesk-app/app/scripts/app.js
2026-05-20 22:30:17.716 +0700 [debug] (oauth.js) Fetching oauth configs of product : modules
2026-05-20 22:30:17.717 +0700 [debug] (iframe.js) Checking is authorized for all oauths 
2026-05-20 22:30:17.717 +0700 [debug] (data.js) Read {"freshd_101_101_migrate_oauth_status":true,"report_hash":"30478baa5f016c0669623a6ab098e65d9a583be2f593b779f835c1bfbe5c089c"}
2026-05-20 22:30:17.718 +0700 [debug] (data.js) Read {"freshd_101_101_migrate_oauth_status":true,"report_hash":"30478baa5f016c0669623a6ab098e65d9a583be2f593b779f835c1bfbe5c089c"}
2026-05-20 22:30:17.718 +0700 [debug] (iframe.js) Responding to product with {"configs":{},"displayName":"freshdesk-app","product":{"freshdesk":{"location":{"cti_global_sidebar":{"url":"agent/index.html","icon":"agent/styles/images/icon.svg"}}}},"modules":{"common":{"location":{"cti_global_sidebar":{"url":"index.html","icon":"styles/images/icon.svg"}}},"support_ticket":{}},"features":["db"],"actions":false,"omni":false,"products":["freshdesk"],"platform":"3.0","isInstall":false,"oauth_configs_list":[],"subscribed_modules":null,"endpoint_urls":null,"product_types":{},"currentHost":{"subscribed_modules":null,"endpoint_urls":null,"org_domain":null,"product_types":{}},"isAuthorized":true,"v2":[]}
2026-05-20 22:30:17.733 +0700 [debug] (http.js) Failed to parse URL: , error: Invalid URL
2026-05-20 22:30:19.879 +0700 [debug] (coverage.js) Writing coverage.
2026-05-20 22:30:21.768 +0700 [debug] (coverage.js) Writing coverage.
2026-05-20 22:30:25.571 +0700 [debug] (coverage.js) Writing coverage.
2026-05-20 22:30:40.900 +0700 [debug] (oauth.js) Fetching oauth configs of product : modules
2026-05-20 22:30:40.901 +0700 [debug] (iframe.js) Checking is authorized for all oauths 
2026-05-20 22:30:40.903 +0700 [debug] (data.js) Read {"freshd_101_101_migrate_oauth_status":true,"report_hash":"30478baa5f016c0669623a6ab098e65d9a583be2f593b779f835c1bfbe5c089c"}
2026-05-20 22:30:40.904 +0700 [debug] (data.js) Read {"freshd_101_101_migrate_oauth_status":true,"report_hash":"30478baa5f016c0669623a6ab098e65d9a583be2f593b779f835c1bfbe5c089c"}
2026-05-20 22:30:40.904 +0700 [debug] (iframe.js) Responding to product with {"configs":{},"displayName":"freshdesk-app","product":{"freshdesk":{"location":{"cti_global_sidebar":{"url":"agent/index.html","icon":"agent/styles/images/icon.svg"}}}},"modules":{"common":{"location":{"cti_global_sidebar":{"url":"index.html","icon":"styles/images/icon.svg"}}},"support_ticket":{}},"features":["db"],"actions":false,"omni":false,"products":["freshdesk"],"platform":"3.0","isInstall":false,"oauth_configs_list":[],"subscribed_modules":null,"endpoint_urls":null,"product_types":{},"currentHost":{"subscribed_modules":null,"endpoint_urls":null,"org_domain":null,"product_types":{}},"isAuthorized":true,"v2":[]}
2026-05-20 22:30:41.569 +0700 [debug] (oauth.js) Fetching oauth configs of product : modules
2026-05-20 22:30:41.570 +0700 [debug] (iframe.js) Checking is authorized for all oauths 
2026-05-20 22:30:41.570 +0700 [debug] (data.js) Read {"freshd_101_101_migrate_oauth_status":true,"report_hash":"30478baa5f016c0669623a6ab098e65d9a583be2f593b779f835c1bfbe5c089c"}
2026-05-20 22:30:41.571 +0700 [debug] (data.js) Read {"freshd_101_101_migrate_oauth_status":true,"report_hash":"30478baa5f016c0669623a6ab098e65d9a583be2f593b779f835c1bfbe5c089c"}
2026-05-20 22:30:41.571 +0700 [debug] (iframe.js) Responding to product with {"configs":{},"displayName":"freshdesk-app","product":{"freshdesk":{"location":{"cti_global_sidebar":{"url":"agent/index.html","icon":"agent/styles/images/icon.svg"}}}},"modules":{"common":{"location":{"cti_global_sidebar":{"url":"index.html","icon":"styles/images/icon.svg"}}},"support_ticket":{}},"features":["db"],"actions":false,"omni":false,"products":["freshdesk"],"platform":"3.0","isInstall":false,"oauth_configs_list":[],"subscribed_modules":null,"endpoint_urls":null,"product_types":{},"currentHost":{"subscribed_modules":null,"endpoint_urls":null,"org_domain":null,"product_types":{}},"isAuthorized":true,"v2":[]}
2026-05-20 22:30:41.945 +0700 [debug] (oauth.js) Fetching oauth configs of product : modules
2026-05-20 22:30:41.945 +0700 [debug] (iframe.js) Checking is authorized for all oauths 
2026-05-20 22:30:41.946 +0700 [debug] (data.js) Read {"freshd_101_101_migrate_oauth_status":true,"report_hash":"30478baa5f016c0669623a6ab098e65d9a583be2f593b779f835c1bfbe5c089c"}
2026-05-20 22:30:41.947 +0700 [debug] (data.js) Read {"freshd_101_101_migrate_oauth_status":true,"report_hash":"30478baa5f016c0669623a6ab098e65d9a583be2f593b779f835c1bfbe5c089c"}
2026-05-20 22:30:41.948 +0700 [debug] (iframe.js) Responding to product with {"configs":{},"displayName":"freshdesk-app","product":{"freshdesk":{"location":{"cti_global_sidebar":{"url":"agent/index.html","icon":"agent/styles/images/icon.svg"}}}},"modules":{"common":{"location":{"cti_global_sidebar":{"url":"index.html","icon":"styles/images/icon.svg"}}},"support_ticket":{}},"features":["db"],"actions":false,"omni":false,"products":["freshdesk"],"platform":"3.0","isInstall":false,"oauth_configs_list":[],"subscribed_modules":null,"endpoint_urls":null,"product_types":{},"currentHost":{"subscribed_modules":null,"endpoint_urls":null,"org_domain":null,"product_types":{}},"isAuthorized":true,"v2":[]}
2026-05-20 22:30:41.966 +0700 [debug] (http.js) Failed to parse URL: , error: Invalid URL
2026-05-20 22:30:41.972 +0700 [debug] (http.js) Failed to parse URL: , error: Invalid URL
2026-05-20 22:30:41.973 +0700 [debug] (iframe.js) Responding with contents of /index.html
2026-05-20 22:30:41.980 +0700 [debug] (iframe.js) Responding with contents of /scripts/app.js
2026-05-20 22:30:41.981 +0700 [debug] (coverage.js) Instrumenting /Users/kevin/freshdesk-app/app/scripts/app.js
2026-05-20 22:30:42.233 +0700 [debug] (oauth.js) Fetching oauth configs of product : modules
2026-05-20 22:30:42.233 +0700 [debug] (iframe.js) Checking is authorized for all oauths 
2026-05-20 22:30:42.233 +0700 [debug] (data.js) Read {"freshd_101_101_migrate_oauth_status":true,"report_hash":"30478baa5f016c0669623a6ab098e65d9a583be2f593b779f835c1bfbe5c089c"}
2026-05-20 22:30:42.234 +0700 [debug] (data.js) Read {"freshd_101_101_migrate_oauth_status":true,"report_hash":"30478baa5f016c0669623a6ab098e65d9a583be2f593b779f835c1bfbe5c089c"}
2026-05-20 22:30:42.234 +0700 [debug] (iframe.js) Responding to product with {"configs":{},"displayName":"freshdesk-app","product":{"freshdesk":{"location":{"cti_global_sidebar":{"url":"agent/index.html","icon":"agent/styles/images/icon.svg"}}}},"modules":{"common":{"location":{"cti_global_sidebar":{"url":"index.html","icon":"styles/images/icon.svg"}}},"support_ticket":{}},"features":["db"],"actions":false,"omni":false,"products":["freshdesk"],"platform":"3.0","isInstall":false,"oauth_configs_list":[],"subscribed_modules":null,"endpoint_urls":null,"product_types":{},"currentHost":{"subscribed_modules":null,"endpoint_urls":null,"org_domain":null,"product_types":{}},"isAuthorized":true,"v2":[]}
2026-05-20 22:30:42.626 +0700 [debug] (oauth.js) Fetching oauth configs of product : modules
2026-05-20 22:30:42.627 +0700 [debug] (iframe.js) Checking is authorized for all oauths 
2026-05-20 22:30:42.628 +0700 [debug] (data.js) Read {"freshd_101_101_migrate_oauth_status":true,"report_hash":"30478baa5f016c0669623a6ab098e65d9a583be2f593b779f835c1bfbe5c089c"}
2026-05-20 22:30:42.628 +0700 [debug] (data.js) Read {"freshd_101_101_migrate_oauth_status":true,"report_hash":"30478baa5f016c0669623a6ab098e65d9a583be2f593b779f835c1bfbe5c089c"}
2026-05-20 22:30:42.628 +0700 [debug] (iframe.js) Responding to product with {"configs":{},"displayName":"freshdesk-app","product":{"freshdesk":{"location":{"cti_global_sidebar":{"url":"agent/index.html","icon":"agent/styles/images/icon.svg"}}}},"modules":{"common":{"location":{"cti_global_sidebar":{"url":"index.html","icon":"styles/images/icon.svg"}}},"support_ticket":{}},"features":["db"],"actions":false,"omni":false,"products":["freshdesk"],"platform":"3.0","isInstall":false,"oauth_configs_list":[],"subscribed_modules":null,"endpoint_urls":null,"product_types":{},"currentHost":{"subscribed_modules":null,"endpoint_urls":null,"org_domain":null,"product_types":{}},"isAuthorized":true,"v2":[]}
2026-05-20 22:30:42.904 +0700 [debug] (oauth.js) Fetching oauth configs of product : modules
2026-05-20 22:30:42.904 +0700 [debug] (iframe.js) Checking is authorized for all oauths 
2026-05-20 22:30:42.905 +0700 [debug] (data.js) Read {"freshd_101_101_migrate_oauth_status":true,"report_hash":"30478baa5f016c0669623a6ab098e65d9a583be2f593b779f835c1bfbe5c089c"}
2026-05-20 22:30:42.906 +0700 [debug] (data.js) Read {"freshd_101_101_migrate_oauth_status":true,"report_hash":"30478baa5f016c0669623a6ab098e65d9a583be2f593b779f835c1bfbe5c089c"}
2026-05-20 22:30:42.906 +0700 [debug] (iframe.js) Responding to product with {"configs":{},"displayName":"freshdesk-app","product":{"freshdesk":{"location":{"cti_global_sidebar":{"url":"agent/index.html","icon":"agent/styles/images/icon.svg"}}}},"modules":{"common":{"location":{"cti_global_sidebar":{"url":"index.html","icon":"styles/images/icon.svg"}}},"support_ticket":{}},"features":["db"],"actions":false,"omni":false,"products":["freshdesk"],"platform":"3.0","isInstall":false,"oauth_configs_list":[],"subscribed_modules":null,"endpoint_urls":null,"product_types":{},"currentHost":{"subscribed_modules":null,"endpoint_urls":null,"org_domain":null,"product_types":{}},"isAuthorized":true,"v2":[]}
2026-05-20 22:30:43.207 +0700 [debug] (oauth.js) Fetching oauth configs of product : modules
2026-05-20 22:30:43.207 +0700 [debug] (iframe.js) Checking is authorized for all oauths 
2026-05-20 22:30:43.208 +0700 [debug] (data.js) Read {"freshd_101_101_migrate_oauth_status":true,"report_hash":"30478baa5f016c0669623a6ab098e65d9a583be2f593b779f835c1bfbe5c089c"}
2026-05-20 22:30:43.209 +0700 [debug] (data.js) Read {"freshd_101_101_migrate_oauth_status":true,"report_hash":"30478baa5f016c0669623a6ab098e65d9a583be2f593b779f835c1bfbe5c089c"}
2026-05-20 22:30:43.209 +0700 [debug] (iframe.js) Responding to product with {"configs":{},"displayName":"freshdesk-app","product":{"freshdesk":{"location":{"cti_global_sidebar":{"url":"agent/index.html","icon":"agent/styles/images/icon.svg"}}}},"modules":{"common":{"location":{"cti_global_sidebar":{"url":"index.html","icon":"styles/images/icon.svg"}}},"support_ticket":{}},"features":["db"],"actions":false,"omni":false,"products":["freshdesk"],"platform":"3.0","isInstall":false,"oauth_configs_list":[],"subscribed_modules":null,"endpoint_urls":null,"product_types":{},"currentHost":{"subscribed_modules":null,"endpoint_urls":null,"org_domain":null,"product_types":{}},"isAuthorized":true,"v2":[]}
2026-05-20 22:30:43.493 +0700 [debug] (oauth.js) Fetching oauth configs of product : modules
2026-05-20 22:30:43.493 +0700 [debug] (iframe.js) Checking is authorized for all oauths 
2026-05-20 22:30:43.494 +0700 [debug] (data.js) Read {"freshd_101_101_migrate_oauth_status":true,"report_hash":"30478baa5f016c0669623a6ab098e65d9a583be2f593b779f835c1bfbe5c089c"}
2026-05-20 22:30:43.495 +0700 [debug] (data.js) Read {"freshd_101_101_migrate_oauth_status":true,"report_hash":"30478baa5f016c0669623a6ab098e65d9a583be2f593b779f835c1bfbe5c089c"}
2026-05-20 22:30:43.495 +0700 [debug] (iframe.js) Responding to product with {"configs":{},"displayName":"freshdesk-app","product":{"freshdesk":{"location":{"cti_global_sidebar":{"url":"agent/index.html","icon":"agent/styles/images/icon.svg"}}}},"modules":{"common":{"location":{"cti_global_sidebar":{"url":"index.html","icon":"styles/images/icon.svg"}}},"support_ticket":{}},"features":["db"],"actions":false,"omni":false,"products":["freshdesk"],"platform":"3.0","isInstall":false,"oauth_configs_list":[],"subscribed_modules":null,"endpoint_urls":null,"product_types":{},"currentHost":{"subscribed_modules":null,"endpoint_urls":null,"org_domain":null,"product_types":{}},"isAuthorized":true,"v2":[]}
2026-05-20 22:30:44.871 +0700 [debug] (coverage.js) Writing coverage.
2026-05-20 22:31:05.810 +0700 [debug] (oauth.js) Fetching oauth configs of product : modules
2026-05-20 22:31:05.811 +0700 [debug] (iframe.js) Checking is authorized for all oauths 
2026-05-20 22:31:05.813 +0700 [debug] (data.js) Read {"freshd_101_101_migrate_oauth_status":true,"report_hash":"30478baa5f016c0669623a6ab098e65d9a583be2f593b779f835c1bfbe5c089c"}
2026-05-20 22:31:05.815 +0700 [debug] (data.js) Read {"freshd_101_101_migrate_oauth_status":true,"report_hash":"30478baa5f016c0669623a6ab098e65d9a583be2f593b779f835c1bfbe5c089c"}
2026-05-20 22:31:05.815 +0700 [debug] (iframe.js) Responding to product with {"configs":{},"displayName":"freshdesk-app","product":{"freshdesk":{"location":{"cti_global_sidebar":{"url":"agent/index.html","icon":"agent/styles/images/icon.svg"}}}},"modules":{"common":{"location":{"cti_global_sidebar":{"url":"index.html","icon":"styles/images/icon.svg"}}},"support_ticket":{}},"features":["db"],"actions":false,"omni":false,"products":["freshdesk"],"platform":"3.0","isInstall":false,"oauth_configs_list":[],"subscribed_modules":null,"endpoint_urls":null,"product_types":{},"currentHost":{"subscribed_modules":null,"endpoint_urls":null,"org_domain":null,"product_types":{}},"isAuthorized":true,"v2":[]}
2026-05-20 22:31:06.089 +0700 [debug] (oauth.js) Fetching oauth configs of product : modules
2026-05-20 22:31:06.089 +0700 [debug] (iframe.js) Checking is authorized for all oauths 
2026-05-20 22:31:06.090 +0700 [debug] (data.js) Read {"freshd_101_101_migrate_oauth_status":true,"report_hash":"30478baa5f016c0669623a6ab098e65d9a583be2f593b779f835c1bfbe5c089c"}
2026-05-20 22:31:06.091 +0700 [debug] (data.js) Read {"freshd_101_101_migrate_oauth_status":true,"report_hash":"30478baa5f016c0669623a6ab098e65d9a583be2f593b779f835c1bfbe5c089c"}
2026-05-20 22:31:06.091 +0700 [debug] (iframe.js) Responding to product with {"configs":{},"displayName":"freshdesk-app","product":{"freshdesk":{"location":{"cti_global_sidebar":{"url":"agent/index.html","icon":"agent/styles/images/icon.svg"}}}},"modules":{"common":{"location":{"cti_global_sidebar":{"url":"index.html","icon":"styles/images/icon.svg"}}},"support_ticket":{}},"features":["db"],"actions":false,"omni":false,"products":["freshdesk"],"platform":"3.0","isInstall":false,"oauth_configs_list":[],"subscribed_modules":null,"endpoint_urls":null,"product_types":{},"currentHost":{"subscribed_modules":null,"endpoint_urls":null,"org_domain":null,"product_types":{}},"isAuthorized":true,"v2":[]}
2026-05-20 22:31:06.118 +0700 [debug] (http.js) Failed to parse URL: , error: Invalid URL
2026-05-20 22:31:06.119 +0700 [debug] (iframe.js) Responding with contents of /index.html
2026-05-20 22:31:06.128 +0700 [debug] (iframe.js) Responding with contents of /scripts/app.js
2026-05-20 22:31:06.128 +0700 [debug] (coverage.js) Instrumenting /Users/kevin/freshdesk-app/app/scripts/app.js
2026-05-20 22:31:06.378 +0700 [debug] (oauth.js) Fetching oauth configs of product : modules
2026-05-20 22:31:06.378 +0700 [debug] (iframe.js) Checking is authorized for all oauths 
2026-05-20 22:31:06.379 +0700 [debug] (data.js) Read {"freshd_101_101_migrate_oauth_status":true,"report_hash":"30478baa5f016c0669623a6ab098e65d9a583be2f593b779f835c1bfbe5c089c"}
2026-05-20 22:31:06.380 +0700 [debug] (data.js) Read {"freshd_101_101_migrate_oauth_status":true,"report_hash":"30478baa5f016c0669623a6ab098e65d9a583be2f593b779f835c1bfbe5c089c"}
2026-05-20 22:31:06.380 +0700 [debug] (iframe.js) Responding to product with {"configs":{},"displayName":"freshdesk-app","product":{"freshdesk":{"location":{"cti_global_sidebar":{"url":"agent/index.html","icon":"agent/styles/images/icon.svg"}}}},"modules":{"common":{"location":{"cti_global_sidebar":{"url":"index.html","icon":"styles/images/icon.svg"}}},"support_ticket":{}},"features":["db"],"actions":false,"omni":false,"products":["freshdesk"],"platform":"3.0","isInstall":false,"oauth_configs_list":[],"subscribed_modules":null,"endpoint_urls":null,"product_types":{},"currentHost":{"subscribed_modules":null,"endpoint_urls":null,"org_domain":null,"product_types":{}},"isAuthorized":true,"v2":[]}
2026-05-20 22:31:06.390 +0700 [debug] (http.js) Failed to parse URL: , error: Invalid URL
2026-05-20 22:31:16.987 +0700 [debug] (oauth.js) Fetching oauth configs of product : modules
2026-05-20 22:31:16.988 +0700 [debug] (iframe.js) Checking is authorized for all oauths 
2026-05-20 22:31:16.989 +0700 [debug] (data.js) Read {"freshd_101_101_migrate_oauth_status":true,"report_hash":"30478baa5f016c0669623a6ab098e65d9a583be2f593b779f835c1bfbe5c089c"}
2026-05-20 22:31:16.990 +0700 [debug] (data.js) Read {"freshd_101_101_migrate_oauth_status":true,"report_hash":"30478baa5f016c0669623a6ab098e65d9a583be2f593b779f835c1bfbe5c089c"}
2026-05-20 22:31:16.990 +0700 [debug] (iframe.js) Responding to product with {"configs":{},"displayName":"freshdesk-app","product":{"freshdesk":{"location":{"cti_global_sidebar":{"url":"agent/index.html","icon":"agent/styles/images/icon.svg"}}}},"modules":{"common":{"location":{"cti_global_sidebar":{"url":"index.html","icon":"styles/images/icon.svg"}}},"support_ticket":{}},"features":["db"],"actions":false,"omni":false,"products":["freshdesk"],"platform":"3.0","isInstall":false,"oauth_configs_list":[],"subscribed_modules":null,"endpoint_urls":null,"product_types":{},"currentHost":{"subscribed_modules":null,"endpoint_urls":null,"org_domain":null,"product_types":{}},"isAuthorized":true,"v2":[]}
2026-05-20 22:31:17.681 +0700 [debug] (oauth.js) Fetching oauth configs of product : modules
2026-05-20 22:31:17.681 +0700 [debug] (iframe.js) Checking is authorized for all oauths 
2026-05-20 22:31:17.682 +0700 [debug] (data.js) Read {"freshd_101_101_migrate_oauth_status":true,"report_hash":"30478baa5f016c0669623a6ab098e65d9a583be2f593b779f835c1bfbe5c089c"}
2026-05-20 22:31:17.683 +0700 [debug] (data.js) Read {"freshd_101_101_migrate_oauth_status":true,"report_hash":"30478baa5f016c0669623a6ab098e65d9a583be2f593b779f835c1bfbe5c089c"}
2026-05-20 22:31:17.683 +0700 [debug] (iframe.js) Responding to product with {"configs":{},"displayName":"freshdesk-app","product":{"freshdesk":{"location":{"cti_global_sidebar":{"url":"agent/index.html","icon":"agent/styles/images/icon.svg"}}}},"modules":{"common":{"location":{"cti_global_sidebar":{"url":"index.html","icon":"styles/images/icon.svg"}}},"support_ticket":{}},"features":["db"],"actions":false,"omni":false,"products":["freshdesk"],"platform":"3.0","isInstall":false,"oauth_configs_list":[],"subscribed_modules":null,"endpoint_urls":null,"product_types":{},"currentHost":{"subscribed_modules":null,"endpoint_urls":null,"org_domain":null,"product_types":{}},"isAuthorized":true,"v2":[]}
2026-05-20 22:31:17.961 +0700 [debug] (oauth.js) Fetching oauth configs of product : modules
2026-05-20 22:31:17.962 +0700 [debug] (iframe.js) Checking is authorized for all oauths 
2026-05-20 22:31:17.963 +0700 [debug] (data.js) Read {"freshd_101_101_migrate_oauth_status":true,"report_hash":"30478baa5f016c0669623a6ab098e65d9a583be2f593b779f835c1bfbe5c089c"}
2026-05-20 22:31:17.964 +0700 [debug] (data.js) Read {"freshd_101_101_migrate_oauth_status":true,"report_hash":"30478baa5f016c0669623a6ab098e65d9a583be2f593b779f835c1bfbe5c089c"}
2026-05-20 22:31:17.964 +0700 [debug] (iframe.js) Responding to product with {"configs":{},"displayName":"freshdesk-app","product":{"freshdesk":{"location":{"cti_global_sidebar":{"url":"agent/index.html","icon":"agent/styles/images/icon.svg"}}}},"modules":{"common":{"location":{"cti_global_sidebar":{"url":"index.html","icon":"styles/images/icon.svg"}}},"support_ticket":{}},"features":["db"],"actions":false,"omni":false,"products":["freshdesk"],"platform":"3.0","isInstall":false,"oauth_configs_list":[],"subscribed_modules":null,"endpoint_urls":null,"product_types":{},"currentHost":{"subscribed_modules":null,"endpoint_urls":null,"org_domain":null,"product_types":{}},"isAuthorized":true,"v2":[]}
2026-05-20 22:31:17.987 +0700 [debug] (http.js) Failed to parse URL: , error: Invalid URL
2026-05-20 22:31:17.988 +0700 [debug] (iframe.js) Responding with contents of /index.html
2026-05-20 22:31:18.000 +0700 [debug] (iframe.js) Responding with contents of /scripts/app.js
2026-05-20 22:31:18.000 +0700 [debug] (coverage.js) Instrumenting /Users/kevin/freshdesk-app/app/scripts/app.js
2026-05-20 22:31:18.253 +0700 [debug] (oauth.js) Fetching oauth configs of product : modules
2026-05-20 22:31:18.254 +0700 [debug] (iframe.js) Checking is authorized for all oauths 
2026-05-20 22:31:18.254 +0700 [debug] (data.js) Read {"freshd_101_101_migrate_oauth_status":true,"report_hash":"30478baa5f016c0669623a6ab098e65d9a583be2f593b779f835c1bfbe5c089c"}
2026-05-20 22:31:18.255 +0700 [debug] (data.js) Read {"freshd_101_101_migrate_oauth_status":true,"report_hash":"30478baa5f016c0669623a6ab098e65d9a583be2f593b779f835c1bfbe5c089c"}
2026-05-20 22:31:18.255 +0700 [debug] (iframe.js) Responding to product with {"configs":{},"displayName":"freshdesk-app","product":{"freshdesk":{"location":{"cti_global_sidebar":{"url":"agent/index.html","icon":"agent/styles/images/icon.svg"}}}},"modules":{"common":{"location":{"cti_global_sidebar":{"url":"index.html","icon":"styles/images/icon.svg"}}},"support_ticket":{}},"features":["db"],"actions":false,"omni":false,"products":["freshdesk"],"platform":"3.0","isInstall":false,"oauth_configs_list":[],"subscribed_modules":null,"endpoint_urls":null,"product_types":{},"currentHost":{"subscribed_modules":null,"endpoint_urls":null,"org_domain":null,"product_types":{}},"isAuthorized":true,"v2":[]}
2026-05-20 22:31:18.524 +0700 [debug] (oauth.js) Fetching oauth configs of product : modules
2026-05-20 22:31:18.525 +0700 [debug] (iframe.js) Checking is authorized for all oauths 
2026-05-20 22:31:18.525 +0700 [debug] (data.js) Read {"freshd_101_101_migrate_oauth_status":true,"report_hash":"30478baa5f016c0669623a6ab098e65d9a583be2f593b779f835c1bfbe5c089c"}
2026-05-20 22:31:18.526 +0700 [debug] (data.js) Read {"freshd_101_101_migrate_oauth_status":true,"report_hash":"30478baa5f016c0669623a6ab098e65d9a583be2f593b779f835c1bfbe5c089c"}
2026-05-20 22:31:18.526 +0700 [debug] (iframe.js) Responding to product with {"configs":{},"displayName":"freshdesk-app","product":{"freshdesk":{"location":{"cti_global_sidebar":{"url":"agent/index.html","icon":"agent/styles/images/icon.svg"}}}},"modules":{"common":{"location":{"cti_global_sidebar":{"url":"index.html","icon":"styles/images/icon.svg"}}},"support_ticket":{}},"features":["db"],"actions":false,"omni":false,"products":["freshdesk"],"platform":"3.0","isInstall":false,"oauth_configs_list":[],"subscribed_modules":null,"endpoint_urls":null,"product_types":{},"currentHost":{"subscribed_modules":null,"endpoint_urls":null,"org_domain":null,"product_types":{}},"isAuthorized":true,"v2":[]}
2026-05-20 22:31:18.797 +0700 [debug] (oauth.js) Fetching oauth configs of product : modules
2026-05-20 22:31:18.797 +0700 [debug] (iframe.js) Checking is authorized for all oauths 
2026-05-20 22:31:18.798 +0700 [debug] (data.js) Read {"freshd_101_101_migrate_oauth_status":true,"report_hash":"30478baa5f016c0669623a6ab098e65d9a583be2f593b779f835c1bfbe5c089c"}
2026-05-20 22:31:18.799 +0700 [debug] (data.js) Read {"freshd_101_101_migrate_oauth_status":true,"report_hash":"30478baa5f016c0669623a6ab098e65d9a583be2f593b779f835c1bfbe5c089c"}
2026-05-20 22:31:18.799 +0700 [debug] (iframe.js) Responding to product with {"configs":{},"displayName":"freshdesk-app","product":{"freshdesk":{"location":{"cti_global_sidebar":{"url":"agent/index.html","icon":"agent/styles/images/icon.svg"}}}},"modules":{"common":{"location":{"cti_global_sidebar":{"url":"index.html","icon":"styles/images/icon.svg"}}},"support_ticket":{}},"features":["db"],"actions":false,"omni":false,"products":["freshdesk"],"platform":"3.0","isInstall":false,"oauth_configs_list":[],"subscribed_modules":null,"endpoint_urls":null,"product_types":{},"currentHost":{"subscribed_modules":null,"endpoint_urls":null,"org_domain":null,"product_types":{}},"isAuthorized":true,"v2":[]}
2026-05-20 22:31:19.090 +0700 [debug] (oauth.js) Fetching oauth configs of product : modules
2026-05-20 22:31:19.090 +0700 [debug] (iframe.js) Checking is authorized for all oauths 
2026-05-20 22:31:19.091 +0700 [debug] (data.js) Read {"freshd_101_101_migrate_oauth_status":true,"report_hash":"30478baa5f016c0669623a6ab098e65d9a583be2f593b779f835c1bfbe5c089c"}
2026-05-20 22:31:19.092 +0700 [debug] (data.js) Read {"freshd_101_101_migrate_oauth_status":true,"report_hash":"30478baa5f016c0669623a6ab098e65d9a583be2f593b779f835c1bfbe5c089c"}
2026-05-20 22:31:19.092 +0700 [debug] (iframe.js) Responding to product with {"configs":{},"displayName":"freshdesk-app","product":{"freshdesk":{"location":{"cti_global_sidebar":{"url":"agent/index.html","icon":"agent/styles/images/icon.svg"}}}},"modules":{"common":{"location":{"cti_global_sidebar":{"url":"index.html","icon":"styles/images/icon.svg"}}},"support_ticket":{}},"features":["db"],"actions":false,"omni":false,"products":["freshdesk"],"platform":"3.0","isInstall":false,"oauth_configs_list":[],"subscribed_modules":null,"endpoint_urls":null,"product_types":{},"currentHost":{"subscribed_modules":null,"endpoint_urls":null,"org_domain":null,"product_types":{}},"isAuthorized":true,"v2":[]}
2026-05-20 22:31:19.431 +0700 [debug] (oauth.js) Fetching oauth configs of product : modules
2026-05-20 22:31:19.431 +0700 [debug] (iframe.js) Checking is authorized for all oauths 
2026-05-20 22:31:19.432 +0700 [debug] (data.js) Read {"freshd_101_101_migrate_oauth_status":true,"report_hash":"30478baa5f016c0669623a6ab098e65d9a583be2f593b779f835c1bfbe5c089c"}
2026-05-20 22:31:19.433 +0700 [debug] (data.js) Read {"freshd_101_101_migrate_oauth_status":true,"report_hash":"30478baa5f016c0669623a6ab098e65d9a583be2f593b779f835c1bfbe5c089c"}
2026-05-20 22:31:19.433 +0700 [debug] (iframe.js) Responding to product with {"configs":{},"displayName":"freshdesk-app","product":{"freshdesk":{"location":{"cti_global_sidebar":{"url":"agent/index.html","icon":"agent/styles/images/icon.svg"}}}},"modules":{"common":{"location":{"cti_global_sidebar":{"url":"index.html","icon":"styles/images/icon.svg"}}},"support_ticket":{}},"features":["db"],"actions":false,"omni":false,"products":["freshdesk"],"platform":"3.0","isInstall":false,"oauth_configs_list":[],"subscribed_modules":null,"endpoint_urls":null,"product_types":{},"currentHost":{"subscribed_modules":null,"endpoint_urls":null,"org_domain":null,"product_types":{}},"isAuthorized":true,"v2":[]}
2026-05-20 22:31:19.440 +0700 [debug] (http.js) Failed to parse URL: , error: Invalid URL
2026-05-20 22:31:20.866 +0700 [debug] (coverage.js) Writing coverage.
2026-05-20 22:31:22.867 +0700 [debug] (coverage.js) Writing coverage.
2026-05-20 22:31:24.939 +0700 [debug] (oauth.js) Fetching oauth configs of product : modules
2026-05-20 22:31:24.940 +0700 [debug] (iframe.js) Checking is authorized for all oauths 
2026-05-20 22:31:24.941 +0700 [debug] (data.js) Read {"freshd_101_101_migrate_oauth_status":true,"report_hash":"30478baa5f016c0669623a6ab098e65d9a583be2f593b779f835c1bfbe5c089c"}
2026-05-20 22:31:24.942 +0700 [debug] (data.js) Read {"freshd_101_101_migrate_oauth_status":true,"report_hash":"30478baa5f016c0669623a6ab098e65d9a583be2f593b779f835c1bfbe5c089c"}
2026-05-20 22:31:24.942 +0700 [debug] (iframe.js) Responding to product with {"configs":{},"displayName":"freshdesk-app","product":{"freshdesk":{"location":{"cti_global_sidebar":{"url":"agent/index.html","icon":"agent/styles/images/icon.svg"}}}},"modules":{"common":{"location":{"cti_global_sidebar":{"url":"index.html","icon":"styles/images/icon.svg"}}},"support_ticket":{}},"features":["db"],"actions":false,"omni":false,"products":["freshdesk"],"platform":"3.0","isInstall":false,"oauth_configs_list":[],"subscribed_modules":null,"endpoint_urls":null,"product_types":{},"currentHost":{"subscribed_modules":null,"endpoint_urls":null,"org_domain":null,"product_types":{}},"isAuthorized":true,"v2":[]}
2026-05-20 22:31:26.864 +0700 [debug] (coverage.js) Writing coverage.
2026-05-20 22:31:36.043 +0700 [debug] (coverage.js) Writing coverage.
2026-05-20 22:38:13.574 +0700 [debug] (watcher.js) Broadcasted "{"file":"app/scripts/app.js"}" to all listeners.
2026-05-20 22:38:13.653 +0700 [debug] (iframe.js) Responding with contents of /index.html
2026-05-20 22:38:13.711 +0700 [debug] (iframe.js) Responding with contents of /scripts/app.js
2026-05-20 22:38:13.713 +0700 [debug] (coverage.js) Instrumenting /Users/kevin/freshdesk-app/app/scripts/app.js
2026-05-20 22:38:15.281 +0700 [info] 
NOTE: We recommend a coverage of 80% for apps that are to be published in the public marketplace.
2026-05-20 22:52:15.324 +0700 [debug] (configs.js) loaded default configs as "{"updates":{"manifest_url":"https://cdn.freshdev.io/assets/fdk/updates.json","changelog_url":"https://cdn.freshdev.io/assets/fdk/change-log.json","period":24},"log":{"level":"info"},"javascript":{"ecma_version":2020},"request":{"timeout":15000,"maxFilesPerRequest":5},"global_apps":{"enabled":true},"easel":{"enabled":false},"job":{"timeout":120000}}"
2026-05-20 22:52:15.328 +0700 [debug] (configs.js) loaded global configs as "{"global_apps":{"enabled":"true"},"request":{"timeout":15000},"job":{"timeout":120000}}"
2026-05-20 22:52:15.328 +0700 [debug] (configs.js) loaded local configs as "{"request":{"timeout":15000},"job":{"timeout":120000},"global_apps":{"enabled":"true"}}"
2026-05-20 22:52:15.328 +0700 [debug] (configs.js) loaded env configs as "{"updates":{},"log":{},"javascript":{},"request":{"timeout":15000,"maxFilesPerRequest":5},"job":{"timeout":120000}}"
2026-05-20 22:52:15.328 +0700 [debug] (configs.js) loaded resolved configs as "{"updates":{"manifest_url":"https://cdn.freshdev.io/assets/fdk/updates.json","changelog_url":"https://cdn.freshdev.io/assets/fdk/change-log.json","period":24},"log":{"level":"info"},"javascript":{"ecma_version":2020},"request":{"timeout":15000,"maxFilesPerRequest":5},"global_apps":{"enabled":"true"},"easel":{"enabled":false},"job":{"timeout":120000}}"
2026-05-20 22:52:15.328 +0700 [debug] (logger.js) Starting FDK in node v24.11.1 on darwin
2026-05-20 22:52:15.328 +0700 [debug] (sequelize.js) setting up sqilite at "/Users/kevin/freshdesk-app/.fdk/store.sqlite"
2026-05-20 22:52:15.328 +0700 [debug] (data.js) Read {"version_details":{"cli":{"deprecated":{"version":"<9","message":"This FDK version has been deprecated. There will be no further feature updates to this version. For a seamless app-building experience, ensure to move to the latest FDK version. For more information, see https://developers.freshworks.com/docs/app-sdk/v2.3/freshdesk/migration-guide/#migrate-to-the-latest-platform-version."},"forced":{"version":"7.0.0","command":"npm install https://dl.freshdev.io/cli/fdk-7.0.0.tgz -g","message":"Your FDK version has been forced updated to v7.0.0, please visit https://community.developers.freshworks.com/t/fdk-v7-0-announcing-node-js-v12-and-es6-support/3606 to know more"},"latest":{"version":"10.1.2","command":"npm install https://cdn.freshdev.io/fdk/latest-v24.tgz -g","message":"You are on the latest FDK version. For information on the features available as part of this FDK version, see https://developers.freshworks.com/docs/?tab=modules."}},"addon":{"version":"2.2.7","url":"https://cdn.freshdev.io/assets/fdk/addons/addon.zip"}},"last_updated":{"time_stamp":1779285176837}}
2026-05-20 22:52:15.328 +0700 [debug] (updater.js) last check less than 24 hours ago, not looking for updates
2026-05-20 22:52:15.330 +0700 [debug] (index.js) running with opts {}
2026-05-20 22:52:15.400 +0700 [debug] (data.js) Read {"version_details":{"cli":{"deprecated":{"version":"<9","message":"This FDK version has been deprecated. There will be no further feature updates to this version. For a seamless app-building experience, ensure to move to the latest FDK version. For more information, see https://developers.freshworks.com/docs/app-sdk/v2.3/freshdesk/migration-guide/#migrate-to-the-latest-platform-version."},"forced":{"version":"7.0.0","command":"npm install https://dl.freshdev.io/cli/fdk-7.0.0.tgz -g","message":"Your FDK version has been forced updated to v7.0.0, please visit https://community.developers.freshworks.com/t/fdk-v7-0-announcing-node-js-v12-and-es6-support/3606 to know more"},"latest":{"version":"10.1.2","command":"npm install https://cdn.freshdev.io/fdk/latest-v24.tgz -g","message":"You are on the latest FDK version. For information on the features available as part of this FDK version, see https://developers.freshworks.com/docs/?tab=modules."}},"addon":{"version":"2.2.7","url":"https://cdn.freshdev.io/assets/fdk/addons/addon.zip"}},"last_updated":{"time_stamp":1779285176837}}
2026-05-20 22:52:15.402 +0700 [debug] (manifest.js) Reloading manifest with {"platform-version":"3.0","modules":{"common":{"location":{"cti_global_sidebar":{"url":"index.html","icon":"styles/images/icon.svg"}}},"support_ticket":{}},"engines":{"node":"24.11.1","fdk":"10.1.2"},"scripts":{"fdk-unit-test":"vitest run --coverage"}}.
2026-05-20 22:52:15.402 +0700 [debug] (manifest.js) Inferred db as features.
2026-05-20 22:52:15.429 +0700 [debug] (data.js) Read {"version_details":{"cli":{"deprecated":{"version":"<9","message":"This FDK version has been deprecated. There will be no further feature updates to this version. For a seamless app-building experience, ensure to move to the latest FDK version. For more information, see https://developers.freshworks.com/docs/app-sdk/v2.3/freshdesk/migration-guide/#migrate-to-the-latest-platform-version."},"forced":{"version":"7.0.0","command":"npm install https://dl.freshdev.io/cli/fdk-7.0.0.tgz -g","message":"Your FDK version has been forced updated to v7.0.0, please visit https://community.developers.freshworks.com/t/fdk-v7-0-announcing-node-js-v12-and-es6-support/3606 to know more"},"latest":{"version":"10.1.2","command":"npm install https://cdn.freshdev.io/fdk/latest-v24.tgz -g","message":"You are on the latest FDK version. For information on the features available as part of this FDK version, see https://developers.freshworks.com/docs/?tab=modules."}},"addon":{"version":"2.2.7","url":"https://cdn.freshdev.io/assets/fdk/addons/addon.zip"}},"last_updated":{"time_stamp":1779285176837}}
2026-05-20 22:52:15.656 +0700 [debug] (coverage.js) INIT: About to merge initial coverage data with 1 files
2026-05-20 22:52:15.656 +0700 [debug] (coverage.js) INIT: After merge - Files in map: 1
2026-05-20 22:52:15.697 +0700 [debug] (index.js) Initializing AJV schemas from individual files
2026-05-20 22:52:15.697 +0700 [debug] (index.js) Compiling schemas...
2026-05-20 22:52:15.704 +0700 [debug] (index.js) All schemas compiled successfully
2026-05-20 22:52:15.734 +0700 [debug] (index.js) loading model at "/Users/kevin/.nvm/versions/node/v24.11.1/lib/node_modules/@freshworks/fdk/lib/models/bigint-pivot.js"
2026-05-20 22:52:15.735 +0700 [debug] (index.js) loading model at "/Users/kevin/.nvm/versions/node/v24.11.1/lib/node_modules/@freshworks/fdk/lib/models/entity-field-choice.js"
2026-05-20 22:52:15.736 +0700 [debug] (index.js) loading model at "/Users/kevin/.nvm/versions/node/v24.11.1/lib/node_modules/@freshworks/fdk/lib/models/entity-field.js"
2026-05-20 22:52:15.736 +0700 [debug] (index.js) loading model at "/Users/kevin/.nvm/versions/node/v24.11.1/lib/node_modules/@freshworks/fdk/lib/models/entity.js"
2026-05-20 22:52:15.736 +0700 [debug] (index.js) loading model at "/Users/kevin/.nvm/versions/node/v24.11.1/lib/node_modules/@freshworks/fdk/lib/models/files.js"
2026-05-20 22:52:15.737 +0700 [debug] (index.js) loading model at "/Users/kevin/.nvm/versions/node/v24.11.1/lib/node_modules/@freshworks/fdk/lib/models/oauth-details.js"
2026-05-20 22:52:15.737 +0700 [debug] (index.js) loading model at "/Users/kevin/.nvm/versions/node/v24.11.1/lib/node_modules/@freshworks/fdk/lib/models/record.js"
2026-05-20 22:52:15.738 +0700 [debug] (index.js) loading model at "/Users/kevin/.nvm/versions/node/v24.11.1/lib/node_modules/@freshworks/fdk/lib/models/string-pivot.js"
2026-05-20 22:52:15.787 +0700 [debug] (index.js) 'schema: ' [object Object]
2026-05-20 22:52:15.792 +0700 [debug] (index.js) 'schema: ' [object Object]
2026-05-20 22:52:15.793 +0700 [debug] (index.js) 'schema: ' [object Object]
2026-05-20 22:52:15.793 +0700 [debug] (index.js) 'schema: ' [object Object]
2026-05-20 22:52:15.794 +0700 [debug] (index.js) 'schema: ' [object Object]
2026-05-20 22:52:15.795 +0700 [debug] (index.js) 'schema: ' [object Object]
2026-05-20 22:52:15.795 +0700 [debug] (index.js) 'schema: ' [object Object]
2026-05-20 22:52:15.798 +0700 [debug] (index.js) 'schema: ' [object Object]
2026-05-20 22:52:15.798 +0700 [debug] (index.js) 'schema: ' [object Object]
2026-05-20 22:52:15.798 +0700 [debug] (index.js) 'schema: ' [object Object]
2026-05-20 22:52:15.801 +0700 [debug] (index.js) 'schema: ' [object Object]
2026-05-20 22:52:15.802 +0700 [debug] (index.js) 'schema: ' [object Object]
2026-05-20 22:52:15.803 +0700 [debug] (index.js) 'schema: ' [object Object]
2026-05-20 22:52:15.804 +0700 [debug] (index.js) 'schema: ' [object Object]
2026-05-20 22:52:15.804 +0700 [debug] (index.js) 'schema: ' [object Object]
2026-05-20 22:52:15.805 +0700 [debug] (index.js) 'schema: ' [object Object]
2026-05-20 22:52:15.806 +0700 [debug] (index.js) 'schema: ' [object Object]
2026-05-20 22:52:15.812 +0700 [debug] (index.js) 'schema: ' [object Object]
2026-05-20 22:52:15.953 +0700 [debug] (data.js) Read {"version_details":{"cli":{"deprecated":{"version":"<9","message":"This FDK version has been deprecated. There will be no further feature updates to this version. For a seamless app-building experience, ensure to move to the latest FDK version. For more information, see https://developers.freshworks.com/docs/app-sdk/v2.3/freshdesk/migration-guide/#migrate-to-the-latest-platform-version."},"forced":{"version":"7.0.0","command":"npm install https://dl.freshdev.io/cli/fdk-7.0.0.tgz -g","message":"Your FDK version has been forced updated to v7.0.0, please visit https://community.developers.freshworks.com/t/fdk-v7-0-announcing-node-js-v12-and-es6-support/3606 to know more"},"latest":{"version":"10.1.2","command":"npm install https://cdn.freshdev.io/fdk/latest-v24.tgz -g","message":"You are on the latest FDK version. For information on the features available as part of this FDK version, see https://developers.freshworks.com/docs/?tab=modules."}},"addon":{"version":"2.2.7","url":"https://cdn.freshdev.io/assets/fdk/addons/addon.zip"}},"last_updated":{"time_stamp":1779285176837}}
2026-05-20 22:52:16.573 +0700 [debug] (validate.js) asked to skip the following validations, 
2026-05-20 22:52:16.573 +0700 [debug] (validate.js) running validator actions
2026-05-20 22:52:16.573 +0700 [debug] (validate.js) running validator requests
2026-05-20 22:52:16.573 +0700 [debug] (validate.js) running validator app-dir
2026-05-20 22:52:16.573 +0700 [debug] (validate.js) running validator config-dir
2026-05-20 22:52:16.573 +0700 [debug] (config-dir.js) Checking to see if /Users/kevin/freshdesk-app/config/ exists.
2026-05-20 22:52:16.573 +0700 [debug] (config-dir.js) Fetched the following config files iparams.json
2026-05-20 22:52:16.573 +0700 [debug] (validate.js) running validator custom-objects
2026-05-20 22:52:16.573 +0700 [debug] (validate.js) running validator event
2026-05-20 22:52:16.574 +0700 [debug] (validate.js) running validator iparam
2026-05-20 22:52:16.574 +0700 [debug] (validate.js) running validator lint
2026-05-20 22:52:16.574 +0700 [debug] (lint.js) passed fix flag: undefined
2026-05-20 22:52:16.576 +0700 [debug] (lint.js) Running the following lints on the file app/scripts/app.js : no-eval,no-alert,no-debugger,no-unreachable,no-duplicate-imports,constructor-super,for-direction,no-class-assign,no-new-native-nonconstructor,valid-typeof,no-eq-null,no-var,require-await,no-unreachable-loop,no-redeclare,no-self-assign,no-setter-return,no-shadow-restricted-names,no-this-before-super,no-unsafe-finally,no-unsafe-optional-chaining,no-unused-vars,no-useless-catch,eqeqeq,prefer-const,require-yield,no-global-assign,no-caller,no-process-env,complexity,max-nested-callbacks,handle-callback-err,getter-return,no-async-promise-executor,no-case-declarations,no-compare-neg-zero,no-cond-assign,no-const-assign,no-constant-condition,no-control-regex,no-delete-var,no-dupe-args,no-dupe-class-members,no-dupe-else-if,no-dupe-keys,no-duplicate-case,no-empty,no-empty-character-class,no-empty-pattern,no-ex-assign,no-extra-boolean-cast,no-extra-semi,no-fallthrough,no-func-assign,no-import-assign,no-inner-declarations,no-invalid-regexp,no-irregular-whitespace,no-loss-of-precision,no-misleading-character-class,no-mixed-spaces-and-tabs,no-nonoctal-decimal-escape,no-obj-calls,no-octal,no-prototype-builtins,no-regex-spaces,no-sparse-arrays,no-unexpected-multiline,no-unsafe-negation,no-unused-labels,no-useless-backreference,no-useless-escape,no-with,use-isnan,no-unpkg-cdn,no-proxy-requests,no-unhandled-promise,no-logging-rejections,no-non-client-request-model,no-deprecated-apis,no-cross-scope-assign,no-empty-function
2026-05-20 22:52:16.661 +0700 [debug] (validate.js) running validator manifest
2026-05-20 22:52:16.661 +0700 [debug] (validate.js) skipping validator manifest-dependency
2026-05-20 22:52:16.661 +0700 [debug] (validate.js) running validator manifest-scripts
2026-05-20 22:52:16.661 +0700 [debug] (validate.js) running validator oauth
2026-05-20 22:52:16.661 +0700 [debug] (validate.js) skipping validator pkgsize
2026-05-20 22:52:16.661 +0700 [debug] (validate.js) running validator schema
2026-05-20 22:52:16.661 +0700 [debug] (validate.js) running validator version-check
2026-05-20 22:52:16.661 +0700 [debug] (validate.js) running validator app-settings
2026-05-20 22:52:16.664 +0700 [error] The local server could not be started due to the following issue(s):
2026-05-20 22:52:16.664 +0700 [error] 
2026-05-20 22:52:16.664 +0700 [error] Lint errors:
2026-05-20 22:52:16.664 +0700 [error] [31m✖[39m app/scripts/app.js::121: Async arrow function has no 'await' expression.
2026-05-20 22:52:16.664 +0700 [error] [31m✖[39m app/scripts/app.js::123: Unexpected empty arrow function.
2026-05-20 22:52:16.664 +0700 [error] 
2026-05-20 22:52:16.664 +0700 [warn] Please ensure that the following are addressed for quick review process:
2026-05-20 22:52:16.664 +0700 [warn] [33m⚠[39m app/scripts/app.js::203: refrain from simply logging errors.
2026-05-20 22:52:16.664 +0700 [warn] [33m⚠[39m app/scripts/app.js::208: Async function 'onTriggerDialer' has a complexity of 9. Maximum allowed is 7.
2026-05-20 22:52:16.664 +0700 [warn] [33m⚠[39m app/scripts/app.js::221: Use client.request when making API requests
2026-05-20 22:52:16.664 +0700 [warn] 
2026-05-20 22:52:16.680 +0700 [debug] (report.js) Generating hash for report.json file
2026-05-20 22:56:41.303 +0700 [debug] (configs.js) loaded default configs as "{"updates":{"manifest_url":"https://cdn.freshdev.io/assets/fdk/updates.json","changelog_url":"https://cdn.freshdev.io/assets/fdk/change-log.json","period":24},"log":{"level":"info"},"javascript":{"ecma_version":2020},"request":{"timeout":15000,"maxFilesPerRequest":5},"global_apps":{"enabled":true},"easel":{"enabled":false},"job":{"timeout":120000}}"
2026-05-20 22:56:41.307 +0700 [debug] (configs.js) loaded global configs as "{"global_apps":{"enabled":"true"},"request":{"timeout":15000},"job":{"timeout":120000}}"
2026-05-20 22:56:41.307 +0700 [debug] (configs.js) loaded local configs as "{"request":{"timeout":15000},"job":{"timeout":120000},"global_apps":{"enabled":"true"}}"
2026-05-20 22:56:41.307 +0700 [debug] (configs.js) loaded env configs as "{"updates":{},"log":{},"javascript":{},"request":{"timeout":15000,"maxFilesPerRequest":5},"job":{"timeout":120000}}"
2026-05-20 22:56:41.307 +0700 [debug] (configs.js) loaded resolved configs as "{"updates":{"manifest_url":"https://cdn.freshdev.io/assets/fdk/updates.json","changelog_url":"https://cdn.freshdev.io/assets/fdk/change-log.json","period":24},"log":{"level":"info"},"javascript":{"ecma_version":2020},"request":{"timeout":15000,"maxFilesPerRequest":5},"global_apps":{"enabled":"true"},"easel":{"enabled":false},"job":{"timeout":120000}}"
2026-05-20 22:56:41.307 +0700 [debug] (logger.js) Starting FDK in node v24.11.1 on darwin
2026-05-20 22:56:41.307 +0700 [debug] (sequelize.js) setting up sqilite at "/Users/kevin/freshdesk-app/.fdk/store.sqlite"
2026-05-20 22:56:41.307 +0700 [debug] (data.js) Read {"version_details":{"cli":{"deprecated":{"version":"<9","message":"This FDK version has been deprecated. There will be no further feature updates to this version. For a seamless app-building experience, ensure to move to the latest FDK version. For more information, see https://developers.freshworks.com/docs/app-sdk/v2.3/freshdesk/migration-guide/#migrate-to-the-latest-platform-version."},"forced":{"version":"7.0.0","command":"npm install https://dl.freshdev.io/cli/fdk-7.0.0.tgz -g","message":"Your FDK version has been forced updated to v7.0.0, please visit https://community.developers.freshworks.com/t/fdk-v7-0-announcing-node-js-v12-and-es6-support/3606 to know more"},"latest":{"version":"10.1.2","command":"npm install https://cdn.freshdev.io/fdk/latest-v24.tgz -g","message":"You are on the latest FDK version. For information on the features available as part of this FDK version, see https://developers.freshworks.com/docs/?tab=modules."}},"addon":{"version":"2.2.7","url":"https://cdn.freshdev.io/assets/fdk/addons/addon.zip"}},"last_updated":{"time_stamp":1779285176837}}
2026-05-20 22:56:41.307 +0700 [debug] (updater.js) last check less than 24 hours ago, not looking for updates
2026-05-20 22:56:41.309 +0700 [debug] (index.js) running with opts {}
2026-05-20 22:56:41.379 +0700 [debug] (data.js) Read {"version_details":{"cli":{"deprecated":{"version":"<9","message":"This FDK version has been deprecated. There will be no further feature updates to this version. For a seamless app-building experience, ensure to move to the latest FDK version. For more information, see https://developers.freshworks.com/docs/app-sdk/v2.3/freshdesk/migration-guide/#migrate-to-the-latest-platform-version."},"forced":{"version":"7.0.0","command":"npm install https://dl.freshdev.io/cli/fdk-7.0.0.tgz -g","message":"Your FDK version has been forced updated to v7.0.0, please visit https://community.developers.freshworks.com/t/fdk-v7-0-announcing-node-js-v12-and-es6-support/3606 to know more"},"latest":{"version":"10.1.2","command":"npm install https://cdn.freshdev.io/fdk/latest-v24.tgz -g","message":"You are on the latest FDK version. For information on the features available as part of this FDK version, see https://developers.freshworks.com/docs/?tab=modules."}},"addon":{"version":"2.2.7","url":"https://cdn.freshdev.io/assets/fdk/addons/addon.zip"}},"last_updated":{"time_stamp":1779285176837}}
2026-05-20 22:56:41.381 +0700 [debug] (manifest.js) Reloading manifest with {"platform-version":"3.0","modules":{"common":{"location":{"cti_global_sidebar":{"url":"index.html","icon":"styles/images/icon.svg"}}},"support_ticket":{}},"engines":{"node":"24.11.1","fdk":"10.1.2"},"scripts":{"fdk-unit-test":"vitest run --coverage"}}.
2026-05-20 22:56:41.382 +0700 [debug] (manifest.js) Inferred db as features.
2026-05-20 22:56:41.405 +0700 [debug] (data.js) Read {"version_details":{"cli":{"deprecated":{"version":"<9","message":"This FDK version has been deprecated. There will be no further feature updates to this version. For a seamless app-building experience, ensure to move to the latest FDK version. For more information, see https://developers.freshworks.com/docs/app-sdk/v2.3/freshdesk/migration-guide/#migrate-to-the-latest-platform-version."},"forced":{"version":"7.0.0","command":"npm install https://dl.freshdev.io/cli/fdk-7.0.0.tgz -g","message":"Your FDK version has been forced updated to v7.0.0, please visit https://community.developers.freshworks.com/t/fdk-v7-0-announcing-node-js-v12-and-es6-support/3606 to know more"},"latest":{"version":"10.1.2","command":"npm install https://cdn.freshdev.io/fdk/latest-v24.tgz -g","message":"You are on the latest FDK version. For information on the features available as part of this FDK version, see https://developers.freshworks.com/docs/?tab=modules."}},"addon":{"version":"2.2.7","url":"https://cdn.freshdev.io/assets/fdk/addons/addon.zip"}},"last_updated":{"time_stamp":1779285176837}}
2026-05-20 22:56:41.558 +0700 [debug] (coverage.js) INIT: About to merge initial coverage data with 1 files
2026-05-20 22:56:41.558 +0700 [debug] (coverage.js) INIT: After merge - Files in map: 1
2026-05-20 22:56:41.603 +0700 [debug] (index.js) Initializing AJV schemas from individual files
2026-05-20 22:56:41.603 +0700 [debug] (index.js) Compiling schemas...
2026-05-20 22:56:41.610 +0700 [debug] (index.js) All schemas compiled successfully
2026-05-20 22:56:41.643 +0700 [debug] (index.js) loading model at "/Users/kevin/.nvm/versions/node/v24.11.1/lib/node_modules/@freshworks/fdk/lib/models/bigint-pivot.js"
2026-05-20 22:56:41.644 +0700 [debug] (index.js) loading model at "/Users/kevin/.nvm/versions/node/v24.11.1/lib/node_modules/@freshworks/fdk/lib/models/entity-field-choice.js"
2026-05-20 22:56:41.645 +0700 [debug] (index.js) loading model at "/Users/kevin/.nvm/versions/node/v24.11.1/lib/node_modules/@freshworks/fdk/lib/models/entity-field.js"
2026-05-20 22:56:41.645 +0700 [debug] (index.js) loading model at "/Users/kevin/.nvm/versions/node/v24.11.1/lib/node_modules/@freshworks/fdk/lib/models/entity.js"
2026-05-20 22:56:41.645 +0700 [debug] (index.js) loading model at "/Users/kevin/.nvm/versions/node/v24.11.1/lib/node_modules/@freshworks/fdk/lib/models/files.js"
2026-05-20 22:56:41.646 +0700 [debug] (index.js) loading model at "/Users/kevin/.nvm/versions/node/v24.11.1/lib/node_modules/@freshworks/fdk/lib/models/oauth-details.js"
2026-05-20 22:56:41.646 +0700 [debug] (index.js) loading model at "/Users/kevin/.nvm/versions/node/v24.11.1/lib/node_modules/@freshworks/fdk/lib/models/record.js"
2026-05-20 22:56:41.647 +0700 [debug] (index.js) loading model at "/Users/kevin/.nvm/versions/node/v24.11.1/lib/node_modules/@freshworks/fdk/lib/models/string-pivot.js"
2026-05-20 22:56:41.697 +0700 [debug] (index.js) 'schema: ' [object Object]
2026-05-20 22:56:41.703 +0700 [debug] (index.js) 'schema: ' [object Object]
2026-05-20 22:56:41.704 +0700 [debug] (index.js) 'schema: ' [object Object]
2026-05-20 22:56:41.704 +0700 [debug] (index.js) 'schema: ' [object Object]
2026-05-20 22:56:41.705 +0700 [debug] (index.js) 'schema: ' [object Object]
2026-05-20 22:56:41.706 +0700 [debug] (index.js) 'schema: ' [object Object]
2026-05-20 22:56:41.706 +0700 [debug] (index.js) 'schema: ' [object Object]
2026-05-20 22:56:41.709 +0700 [debug] (index.js) 'schema: ' [object Object]
2026-05-20 22:56:41.709 +0700 [debug] (index.js) 'schema: ' [object Object]
2026-05-20 22:56:41.709 +0700 [debug] (index.js) 'schema: ' [object Object]
2026-05-20 22:56:41.712 +0700 [debug] (index.js) 'schema: ' [object Object]
2026-05-20 22:56:41.713 +0700 [debug] (index.js) 'schema: ' [object Object]
2026-05-20 22:56:41.715 +0700 [debug] (index.js) 'schema: ' [object Object]
2026-05-20 22:56:41.715 +0700 [debug] (index.js) 'schema: ' [object Object]
2026-05-20 22:56:41.715 +0700 [debug] (index.js) 'schema: ' [object Object]
2026-05-20 22:56:41.716 +0700 [debug] (index.js) 'schema: ' [object Object]
2026-05-20 22:56:41.717 +0700 [debug] (index.js) 'schema: ' [object Object]
2026-05-20 22:56:41.723 +0700 [debug] (index.js) 'schema: ' [object Object]
2026-05-20 22:56:41.871 +0700 [debug] (data.js) Read {"version_details":{"cli":{"deprecated":{"version":"<9","message":"This FDK version has been deprecated. There will be no further feature updates to this version. For a seamless app-building experience, ensure to move to the latest FDK version. For more information, see https://developers.freshworks.com/docs/app-sdk/v2.3/freshdesk/migration-guide/#migrate-to-the-latest-platform-version."},"forced":{"version":"7.0.0","command":"npm install https://dl.freshdev.io/cli/fdk-7.0.0.tgz -g","message":"Your FDK version has been forced updated to v7.0.0, please visit https://community.developers.freshworks.com/t/fdk-v7-0-announcing-node-js-v12-and-es6-support/3606 to know more"},"latest":{"version":"10.1.2","command":"npm install https://cdn.freshdev.io/fdk/latest-v24.tgz -g","message":"You are on the latest FDK version. For information on the features available as part of this FDK version, see https://developers.freshworks.com/docs/?tab=modules."}},"addon":{"version":"2.2.7","url":"https://cdn.freshdev.io/assets/fdk/addons/addon.zip"}},"last_updated":{"time_stamp":1779285176837}}
2026-05-20 22:56:42.518 +0700 [debug] (validate.js) asked to skip the following validations, 
2026-05-20 22:56:42.518 +0700 [debug] (validate.js) running validator actions
2026-05-20 22:56:42.518 +0700 [debug] (validate.js) running validator requests
2026-05-20 22:56:42.518 +0700 [debug] (validate.js) running validator app-dir
2026-05-20 22:56:42.518 +0700 [debug] (validate.js) running validator config-dir
2026-05-20 22:56:42.519 +0700 [debug] (config-dir.js) Checking to see if /Users/kevin/freshdesk-app/config/ exists.
2026-05-20 22:56:42.519 +0700 [debug] (config-dir.js) Fetched the following config files iparams.json
2026-05-20 22:56:42.519 +0700 [debug] (validate.js) running validator custom-objects
2026-05-20 22:56:42.519 +0700 [debug] (validate.js) running validator event
2026-05-20 22:56:42.519 +0700 [debug] (validate.js) running validator iparam
2026-05-20 22:56:42.520 +0700 [debug] (validate.js) running validator lint
2026-05-20 22:56:42.520 +0700 [debug] (lint.js) passed fix flag: undefined
2026-05-20 22:56:42.521 +0700 [debug] (lint.js) Running the following lints on the file app/scripts/app.js : no-eval,no-alert,no-debugger,no-unreachable,no-duplicate-imports,constructor-super,for-direction,no-class-assign,no-new-native-nonconstructor,valid-typeof,no-eq-null,no-var,require-await,no-unreachable-loop,no-redeclare,no-self-assign,no-setter-return,no-shadow-restricted-names,no-this-before-super,no-unsafe-finally,no-unsafe-optional-chaining,no-unused-vars,no-useless-catch,eqeqeq,prefer-const,require-yield,no-global-assign,no-caller,no-process-env,complexity,max-nested-callbacks,handle-callback-err,getter-return,no-async-promise-executor,no-case-declarations,no-compare-neg-zero,no-cond-assign,no-const-assign,no-constant-condition,no-control-regex,no-delete-var,no-dupe-args,no-dupe-class-members,no-dupe-else-if,no-dupe-keys,no-duplicate-case,no-empty,no-empty-character-class,no-empty-pattern,no-ex-assign,no-extra-boolean-cast,no-extra-semi,no-fallthrough,no-func-assign,no-import-assign,no-inner-declarations,no-invalid-regexp,no-irregular-whitespace,no-loss-of-precision,no-misleading-character-class,no-mixed-spaces-and-tabs,no-nonoctal-decimal-escape,no-obj-calls,no-octal,no-prototype-builtins,no-regex-spaces,no-sparse-arrays,no-unexpected-multiline,no-unsafe-negation,no-unused-labels,no-useless-backreference,no-useless-escape,no-with,use-isnan,no-unpkg-cdn,no-proxy-requests,no-unhandled-promise,no-logging-rejections,no-non-client-request-model,no-deprecated-apis,no-cross-scope-assign,no-empty-function
2026-05-20 22:56:42.610 +0700 [debug] (validate.js) running validator manifest
2026-05-20 22:56:42.610 +0700 [debug] (validate.js) skipping validator manifest-dependency
2026-05-20 22:56:42.610 +0700 [debug] (validate.js) running validator manifest-scripts
2026-05-20 22:56:42.610 +0700 [debug] (validate.js) running validator oauth
2026-05-20 22:56:42.610 +0700 [debug] (validate.js) skipping validator pkgsize
2026-05-20 22:56:42.610 +0700 [debug] (validate.js) running validator schema
2026-05-20 22:56:42.610 +0700 [debug] (validate.js) running validator version-check
2026-05-20 22:56:42.610 +0700 [debug] (validate.js) running validator app-settings
2026-05-20 22:56:42.613 +0700 [warn] Please ensure that the following are addressed for quick review process:
2026-05-20 22:56:42.613 +0700 [warn] [33m⚠[39m app/scripts/app.js::230: Use client.request when making API requests
2026-05-20 22:56:42.613 +0700 [warn] 
2026-05-20 22:56:42.614 +0700 [debug] (watcher.js) Preparing to watch the following files ./app,./config,./manifest.json
2026-05-20 22:56:42.674 +0700 [debug] (data.js) Read {"freshd_101_101_migrate_oauth_status":true,"report_hash":"db19d9574db57783f710c983140ecd5f514eb88a7be56bd8117ea9fe7fb8757a"}
2026-05-20 22:56:42.675 +0700 [debug] (custom-objects.js) to force or not? undefined
2026-05-20 22:56:42.675 +0700 [debug] (custom-objects.js) beginning to re-sync db
2026-05-20 22:56:42.718 +0700 [debug] (data.js) Read {"freshd_101_101_migrate_oauth_status":true,"report_hash":"db19d9574db57783f710c983140ecd5f514eb88a7be56bd8117ea9fe7fb8757a"}
2026-05-20 22:56:42.719 +0700 [debug] (custom-objects.js) updated local store with latest entity hash
2026-05-20 22:56:42.719 +0700 [debug] (run.js) migrate stored oauth configs from localstore to sqlite
2026-05-20 22:56:42.719 +0700 [debug] (data.js) Read {"freshd_101_101_migrate_oauth_status":true,"report_hash":"db19d9574db57783f710c983140ecd5f514eb88a7be56bd8117ea9fe7fb8757a"}
2026-05-20 22:56:42.719 +0700 [debug] (data.js) Read {"freshd_101_101_migrate_oauth_status":true,"report_hash":"db19d9574db57783f710c983140ecd5f514eb88a7be56bd8117ea9fe7fb8757a"}
2026-05-20 22:56:42.719 +0700 [debug] (oauth.js) migration completed, returning
2026-05-20 22:56:42.719 +0700 [info] Starting local testing server at http://*:10001/    
Append 'dev=true' to your current host URL to start testing    
     
e.g:     
2026-05-20 22:56:42.719 +0700 [info]   https://domain.freshdesk.com/a/tickets/1?dev=true
2026-05-20 22:56:42.719 +0700 [info] 
Quit the server with Control-C.
2026-05-20 22:56:50.603 +0700 [debug] (oauth.js) Fetching oauth configs of product : modules
2026-05-20 22:56:50.604 +0700 [debug] (iframe.js) Checking is authorized for all oauths 
2026-05-20 22:56:50.605 +0700 [debug] (data.js) Read {"freshd_101_101_migrate_oauth_status":true,"report_hash":"db19d9574db57783f710c983140ecd5f514eb88a7be56bd8117ea9fe7fb8757a"}
2026-05-20 22:56:50.607 +0700 [debug] (data.js) Read {"freshd_101_101_migrate_oauth_status":true,"report_hash":"db19d9574db57783f710c983140ecd5f514eb88a7be56bd8117ea9fe7fb8757a"}
2026-05-20 22:56:50.607 +0700 [debug] (iframe.js) Responding to product with {"configs":{},"displayName":"freshdesk-app","product":{"freshdesk":{"location":{"cti_global_sidebar":{"url":"agent/index.html","icon":"agent/styles/images/icon.svg"}}}},"modules":{"common":{"location":{"cti_global_sidebar":{"url":"index.html","icon":"styles/images/icon.svg"}}},"support_ticket":{}},"features":["db"],"actions":false,"omni":false,"products":["freshdesk"],"platform":"3.0","isInstall":false,"oauth_configs_list":[],"subscribed_modules":null,"endpoint_urls":null,"product_types":{},"currentHost":{"subscribed_modules":null,"endpoint_urls":null,"org_domain":null,"product_types":{}},"isAuthorized":true,"v2":[]}
2026-05-20 22:56:51.675 +0700 [debug] (oauth.js) Fetching oauth configs of product : modules
2026-05-20 22:56:51.676 +0700 [debug] (iframe.js) Checking is authorized for all oauths 
2026-05-20 22:56:51.676 +0700 [debug] (data.js) Read {"freshd_101_101_migrate_oauth_status":true,"report_hash":"db19d9574db57783f710c983140ecd5f514eb88a7be56bd8117ea9fe7fb8757a"}
2026-05-20 22:56:51.677 +0700 [debug] (data.js) Read {"freshd_101_101_migrate_oauth_status":true,"report_hash":"db19d9574db57783f710c983140ecd5f514eb88a7be56bd8117ea9fe7fb8757a"}
2026-05-20 22:56:51.677 +0700 [debug] (iframe.js) Responding to product with {"configs":{},"displayName":"freshdesk-app","product":{"freshdesk":{"location":{"cti_global_sidebar":{"url":"agent/index.html","icon":"agent/styles/images/icon.svg"}}}},"modules":{"common":{"location":{"cti_global_sidebar":{"url":"index.html","icon":"styles/images/icon.svg"}}},"support_ticket":{}},"features":["db"],"actions":false,"omni":false,"products":["freshdesk"],"platform":"3.0","isInstall":false,"oauth_configs_list":[],"subscribed_modules":null,"endpoint_urls":null,"product_types":{},"currentHost":{"subscribed_modules":null,"endpoint_urls":null,"org_domain":null,"product_types":{}},"isAuthorized":true,"v2":[]}
2026-05-20 22:56:51.936 +0700 [debug] (oauth.js) Fetching oauth configs of product : modules
2026-05-20 22:56:51.937 +0700 [debug] (iframe.js) Checking is authorized for all oauths 
2026-05-20 22:56:51.937 +0700 [debug] (data.js) Read {"freshd_101_101_migrate_oauth_status":true,"report_hash":"db19d9574db57783f710c983140ecd5f514eb88a7be56bd8117ea9fe7fb8757a"}
2026-05-20 22:56:51.938 +0700 [debug] (data.js) Read {"freshd_101_101_migrate_oauth_status":true,"report_hash":"db19d9574db57783f710c983140ecd5f514eb88a7be56bd8117ea9fe7fb8757a"}
2026-05-20 22:56:51.938 +0700 [debug] (iframe.js) Responding to product with {"configs":{},"displayName":"freshdesk-app","product":{"freshdesk":{"location":{"cti_global_sidebar":{"url":"agent/index.html","icon":"agent/styles/images/icon.svg"}}}},"modules":{"common":{"location":{"cti_global_sidebar":{"url":"index.html","icon":"styles/images/icon.svg"}}},"support_ticket":{}},"features":["db"],"actions":false,"omni":false,"products":["freshdesk"],"platform":"3.0","isInstall":false,"oauth_configs_list":[],"subscribed_modules":null,"endpoint_urls":null,"product_types":{},"currentHost":{"subscribed_modules":null,"endpoint_urls":null,"org_domain":null,"product_types":{}},"isAuthorized":true,"v2":[]}
2026-05-20 22:56:51.966 +0700 [debug] (http.js) Failed to parse URL: , error: Invalid URL
2026-05-20 22:56:51.967 +0700 [debug] (iframe.js) Responding with contents of /index.html
2026-05-20 22:56:52.004 +0700 [debug] (iframe.js) Responding with contents of /scripts/app.js
2026-05-20 22:56:52.004 +0700 [debug] (coverage.js) Instrumenting /Users/kevin/freshdesk-app/app/scripts/app.js
2026-05-20 22:56:52.233 +0700 [debug] (oauth.js) Fetching oauth configs of product : modules
2026-05-20 22:56:52.233 +0700 [debug] (iframe.js) Checking is authorized for all oauths 
2026-05-20 22:56:52.233 +0700 [debug] (data.js) Read {"freshd_101_101_migrate_oauth_status":true,"report_hash":"db19d9574db57783f710c983140ecd5f514eb88a7be56bd8117ea9fe7fb8757a"}
2026-05-20 22:56:52.233 +0700 [debug] (data.js) Read {"freshd_101_101_migrate_oauth_status":true,"report_hash":"db19d9574db57783f710c983140ecd5f514eb88a7be56bd8117ea9fe7fb8757a"}
2026-05-20 22:56:52.233 +0700 [debug] (iframe.js) Responding to product with {"configs":{},"displayName":"freshdesk-app","product":{"freshdesk":{"location":{"cti_global_sidebar":{"url":"agent/index.html","icon":"agent/styles/images/icon.svg"}}}},"modules":{"common":{"location":{"cti_global_sidebar":{"url":"index.html","icon":"styles/images/icon.svg"}}},"support_ticket":{}},"features":["db"],"actions":false,"omni":false,"products":["freshdesk"],"platform":"3.0","isInstall":false,"oauth_configs_list":[],"subscribed_modules":null,"endpoint_urls":null,"product_types":{},"currentHost":{"subscribed_modules":null,"endpoint_urls":null,"org_domain":null,"product_types":{}},"isAuthorized":true,"v2":[]}
2026-05-20 22:56:52.498 +0700 [debug] (oauth.js) Fetching oauth configs of product : modules
2026-05-20 22:56:52.499 +0700 [debug] (iframe.js) Checking is authorized for all oauths 
2026-05-20 22:56:52.500 +0700 [debug] (data.js) Read {"freshd_101_101_migrate_oauth_status":true,"report_hash":"db19d9574db57783f710c983140ecd5f514eb88a7be56bd8117ea9fe7fb8757a"}
2026-05-20 22:56:52.500 +0700 [debug] (data.js) Read {"freshd_101_101_migrate_oauth_status":true,"report_hash":"db19d9574db57783f710c983140ecd5f514eb88a7be56bd8117ea9fe7fb8757a"}
2026-05-20 22:56:52.500 +0700 [debug] (iframe.js) Responding to product with {"configs":{},"displayName":"freshdesk-app","product":{"freshdesk":{"location":{"cti_global_sidebar":{"url":"agent/index.html","icon":"agent/styles/images/icon.svg"}}}},"modules":{"common":{"location":{"cti_global_sidebar":{"url":"index.html","icon":"styles/images/icon.svg"}}},"support_ticket":{}},"features":["db"],"actions":false,"omni":false,"products":["freshdesk"],"platform":"3.0","isInstall":false,"oauth_configs_list":[],"subscribed_modules":null,"endpoint_urls":null,"product_types":{},"currentHost":{"subscribed_modules":null,"endpoint_urls":null,"org_domain":null,"product_types":{}},"isAuthorized":true,"v2":[]}
2026-05-20 22:56:52.786 +0700 [debug] (oauth.js) Fetching oauth configs of product : modules
2026-05-20 22:56:52.786 +0700 [debug] (iframe.js) Checking is authorized for all oauths 
2026-05-20 22:56:52.787 +0700 [debug] (data.js) Read {"freshd_101_101_migrate_oauth_status":true,"report_hash":"db19d9574db57783f710c983140ecd5f514eb88a7be56bd8117ea9fe7fb8757a"}
2026-05-20 22:56:52.787 +0700 [debug] (data.js) Read {"freshd_101_101_migrate_oauth_status":true,"report_hash":"db19d9574db57783f710c983140ecd5f514eb88a7be56bd8117ea9fe7fb8757a"}
2026-05-20 22:56:52.787 +0700 [debug] (iframe.js) Responding to product with {"configs":{},"displayName":"freshdesk-app","product":{"freshdesk":{"location":{"cti_global_sidebar":{"url":"agent/index.html","icon":"agent/styles/images/icon.svg"}}}},"modules":{"common":{"location":{"cti_global_sidebar":{"url":"index.html","icon":"styles/images/icon.svg"}}},"support_ticket":{}},"features":["db"],"actions":false,"omni":false,"products":["freshdesk"],"platform":"3.0","isInstall":false,"oauth_configs_list":[],"subscribed_modules":null,"endpoint_urls":null,"product_types":{},"currentHost":{"subscribed_modules":null,"endpoint_urls":null,"org_domain":null,"product_types":{}},"isAuthorized":true,"v2":[]}
2026-05-20 22:56:53.059 +0700 [debug] (oauth.js) Fetching oauth configs of product : modules
2026-05-20 22:56:53.060 +0700 [debug] (iframe.js) Checking is authorized for all oauths 
2026-05-20 22:56:53.060 +0700 [debug] (data.js) Read {"freshd_101_101_migrate_oauth_status":true,"report_hash":"db19d9574db57783f710c983140ecd5f514eb88a7be56bd8117ea9fe7fb8757a"}
2026-05-20 22:56:53.061 +0700 [debug] (data.js) Read {"freshd_101_101_migrate_oauth_status":true,"report_hash":"db19d9574db57783f710c983140ecd5f514eb88a7be56bd8117ea9fe7fb8757a"}
2026-05-20 22:56:53.062 +0700 [debug] (iframe.js) Responding to product with {"configs":{},"displayName":"freshdesk-app","product":{"freshdesk":{"location":{"cti_global_sidebar":{"url":"agent/index.html","icon":"agent/styles/images/icon.svg"}}}},"modules":{"common":{"location":{"cti_global_sidebar":{"url":"index.html","icon":"styles/images/icon.svg"}}},"support_ticket":{}},"features":["db"],"actions":false,"omni":false,"products":["freshdesk"],"platform":"3.0","isInstall":false,"oauth_configs_list":[],"subscribed_modules":null,"endpoint_urls":null,"product_types":{},"currentHost":{"subscribed_modules":null,"endpoint_urls":null,"org_domain":null,"product_types":{}},"isAuthorized":true,"v2":[]}
2026-05-20 22:56:53.333 +0700 [debug] (oauth.js) Fetching oauth configs of product : modules
2026-05-20 22:56:53.334 +0700 [debug] (iframe.js) Checking is authorized for all oauths 
2026-05-20 22:56:53.335 +0700 [debug] (data.js) Read {"freshd_101_101_migrate_oauth_status":true,"report_hash":"db19d9574db57783f710c983140ecd5f514eb88a7be56bd8117ea9fe7fb8757a"}
2026-05-20 22:56:53.336 +0700 [debug] (data.js) Read {"freshd_101_101_migrate_oauth_status":true,"report_hash":"db19d9574db57783f710c983140ecd5f514eb88a7be56bd8117ea9fe7fb8757a"}
2026-05-20 22:56:53.336 +0700 [debug] (iframe.js) Responding to product with {"configs":{},"displayName":"freshdesk-app","product":{"freshdesk":{"location":{"cti_global_sidebar":{"url":"agent/index.html","icon":"agent/styles/images/icon.svg"}}}},"modules":{"common":{"location":{"cti_global_sidebar":{"url":"index.html","icon":"styles/images/icon.svg"}}},"support_ticket":{}},"features":["db"],"actions":false,"omni":false,"products":["freshdesk"],"platform":"3.0","isInstall":false,"oauth_configs_list":[],"subscribed_modules":null,"endpoint_urls":null,"product_types":{},"currentHost":{"subscribed_modules":null,"endpoint_urls":null,"org_domain":null,"product_types":{}},"isAuthorized":true,"v2":[]}
2026-05-20 22:56:53.344 +0700 [debug] (http.js) Failed to parse URL: , error: Invalid URL
2026-05-20 22:56:54.883 +0700 [debug] (coverage.js) Writing coverage.
2026-05-20 22:56:56.875 +0700 [debug] (coverage.js) Writing coverage.
2026-05-20 23:01:26.838 +0700 [debug] (oauth.js) Fetching oauth configs of product : modules
2026-05-20 23:01:26.839 +0700 [debug] (iframe.js) Checking is authorized for all oauths 
2026-05-20 23:01:26.841 +0700 [debug] (data.js) Read {"freshd_101_101_migrate_oauth_status":true,"report_hash":"db19d9574db57783f710c983140ecd5f514eb88a7be56bd8117ea9fe7fb8757a"}
2026-05-20 23:01:26.843 +0700 [debug] (data.js) Read {"freshd_101_101_migrate_oauth_status":true,"report_hash":"db19d9574db57783f710c983140ecd5f514eb88a7be56bd8117ea9fe7fb8757a"}
2026-05-20 23:01:26.843 +0700 [debug] (iframe.js) Responding to product with {"configs":{},"displayName":"freshdesk-app","product":{"freshdesk":{"location":{"cti_global_sidebar":{"url":"agent/index.html","icon":"agent/styles/images/icon.svg"}}}},"modules":{"common":{"location":{"cti_global_sidebar":{"url":"index.html","icon":"styles/images/icon.svg"}}},"support_ticket":{}},"features":["db"],"actions":false,"omni":false,"products":["freshdesk"],"platform":"3.0","isInstall":false,"oauth_configs_list":[],"subscribed_modules":null,"endpoint_urls":null,"product_types":{},"currentHost":{"subscribed_modules":null,"endpoint_urls":null,"org_domain":null,"product_types":{}},"isAuthorized":true,"v2":[]}
2026-05-20 23:01:27.756 +0700 [debug] (oauth.js) Fetching oauth configs of product : modules
2026-05-20 23:01:27.758 +0700 [debug] (iframe.js) Checking is authorized for all oauths 
2026-05-20 23:01:27.758 +0700 [debug] (data.js) Read {"freshd_101_101_migrate_oauth_status":true,"report_hash":"db19d9574db57783f710c983140ecd5f514eb88a7be56bd8117ea9fe7fb8757a"}
2026-05-20 23:01:27.759 +0700 [debug] (data.js) Read {"freshd_101_101_migrate_oauth_status":true,"report_hash":"db19d9574db57783f710c983140ecd5f514eb88a7be56bd8117ea9fe7fb8757a"}
2026-05-20 23:01:27.759 +0700 [debug] (iframe.js) Responding to product with {"configs":{},"displayName":"freshdesk-app","product":{"freshdesk":{"location":{"cti_global_sidebar":{"url":"agent/index.html","icon":"agent/styles/images/icon.svg"}}}},"modules":{"common":{"location":{"cti_global_sidebar":{"url":"index.html","icon":"styles/images/icon.svg"}}},"support_ticket":{}},"features":["db"],"actions":false,"omni":false,"products":["freshdesk"],"platform":"3.0","isInstall":false,"oauth_configs_list":[],"subscribed_modules":null,"endpoint_urls":null,"product_types":{},"currentHost":{"subscribed_modules":null,"endpoint_urls":null,"org_domain":null,"product_types":{}},"isAuthorized":true,"v2":[]}
2026-05-20 23:01:28.041 +0700 [debug] (oauth.js) Fetching oauth configs of product : modules
2026-05-20 23:01:28.042 +0700 [debug] (iframe.js) Checking is authorized for all oauths 
2026-05-20 23:01:28.043 +0700 [debug] (data.js) Read {"freshd_101_101_migrate_oauth_status":true,"report_hash":"db19d9574db57783f710c983140ecd5f514eb88a7be56bd8117ea9fe7fb8757a"}
2026-05-20 23:01:28.044 +0700 [debug] (data.js) Read {"freshd_101_101_migrate_oauth_status":true,"report_hash":"db19d9574db57783f710c983140ecd5f514eb88a7be56bd8117ea9fe7fb8757a"}
2026-05-20 23:01:28.044 +0700 [debug] (iframe.js) Responding to product with {"configs":{},"displayName":"freshdesk-app","product":{"freshdesk":{"location":{"cti_global_sidebar":{"url":"agent/index.html","icon":"agent/styles/images/icon.svg"}}}},"modules":{"common":{"location":{"cti_global_sidebar":{"url":"index.html","icon":"styles/images/icon.svg"}}},"support_ticket":{}},"features":["db"],"actions":false,"omni":false,"products":["freshdesk"],"platform":"3.0","isInstall":false,"oauth_configs_list":[],"subscribed_modules":null,"endpoint_urls":null,"product_types":{},"currentHost":{"subscribed_modules":null,"endpoint_urls":null,"org_domain":null,"product_types":{}},"isAuthorized":true,"v2":[]}
2026-05-20 23:01:28.063 +0700 [debug] (http.js) Failed to parse URL: , error: Invalid URL
2026-05-20 23:01:28.070 +0700 [debug] (http.js) Failed to parse URL: , error: Invalid URL
2026-05-20 23:01:28.070 +0700 [debug] (iframe.js) Responding with contents of /index.html
2026-05-20 23:01:28.081 +0700 [debug] (iframe.js) Responding with contents of /scripts/app.js
2026-05-20 23:01:28.082 +0700 [debug] (coverage.js) Instrumenting /Users/kevin/freshdesk-app/app/scripts/app.js
2026-05-20 23:01:28.409 +0700 [debug] (oauth.js) Fetching oauth configs of product : modules
2026-05-20 23:01:28.409 +0700 [debug] (iframe.js) Checking is authorized for all oauths 
2026-05-20 23:01:28.410 +0700 [debug] (data.js) Read {"freshd_101_101_migrate_oauth_status":true,"report_hash":"db19d9574db57783f710c983140ecd5f514eb88a7be56bd8117ea9fe7fb8757a"}
2026-05-20 23:01:28.411 +0700 [debug] (data.js) Read {"freshd_101_101_migrate_oauth_status":true,"report_hash":"db19d9574db57783f710c983140ecd5f514eb88a7be56bd8117ea9fe7fb8757a"}
2026-05-20 23:01:28.411 +0700 [debug] (iframe.js) Responding to product with {"configs":{},"displayName":"freshdesk-app","product":{"freshdesk":{"location":{"cti_global_sidebar":{"url":"agent/index.html","icon":"agent/styles/images/icon.svg"}}}},"modules":{"common":{"location":{"cti_global_sidebar":{"url":"index.html","icon":"styles/images/icon.svg"}}},"support_ticket":{}},"features":["db"],"actions":false,"omni":false,"products":["freshdesk"],"platform":"3.0","isInstall":false,"oauth_configs_list":[],"subscribed_modules":null,"endpoint_urls":null,"product_types":{},"currentHost":{"subscribed_modules":null,"endpoint_urls":null,"org_domain":null,"product_types":{}},"isAuthorized":true,"v2":[]}
2026-05-20 23:01:28.684 +0700 [debug] (oauth.js) Fetching oauth configs of product : modules
2026-05-20 23:01:28.685 +0700 [debug] (iframe.js) Checking is authorized for all oauths 
2026-05-20 23:01:28.686 +0700 [debug] (data.js) Read {"freshd_101_101_migrate_oauth_status":true,"report_hash":"db19d9574db57783f710c983140ecd5f514eb88a7be56bd8117ea9fe7fb8757a"}
2026-05-20 23:01:28.686 +0700 [debug] (data.js) Read {"freshd_101_101_migrate_oauth_status":true,"report_hash":"db19d9574db57783f710c983140ecd5f514eb88a7be56bd8117ea9fe7fb8757a"}
2026-05-20 23:01:28.686 +0700 [debug] (iframe.js) Responding to product with {"configs":{},"displayName":"freshdesk-app","product":{"freshdesk":{"location":{"cti_global_sidebar":{"url":"agent/index.html","icon":"agent/styles/images/icon.svg"}}}},"modules":{"common":{"location":{"cti_global_sidebar":{"url":"index.html","icon":"styles/images/icon.svg"}}},"support_ticket":{}},"features":["db"],"actions":false,"omni":false,"products":["freshdesk"],"platform":"3.0","isInstall":false,"oauth_configs_list":[],"subscribed_modules":null,"endpoint_urls":null,"product_types":{},"currentHost":{"subscribed_modules":null,"endpoint_urls":null,"org_domain":null,"product_types":{}},"isAuthorized":true,"v2":[]}
2026-05-20 23:01:29.001 +0700 [debug] (oauth.js) Fetching oauth configs of product : modules
2026-05-20 23:01:29.002 +0700 [debug] (iframe.js) Checking is authorized for all oauths 
2026-05-20 23:01:29.002 +0700 [debug] (data.js) Read {"freshd_101_101_migrate_oauth_status":true,"report_hash":"db19d9574db57783f710c983140ecd5f514eb88a7be56bd8117ea9fe7fb8757a"}
2026-05-20 23:01:29.003 +0700 [debug] (data.js) Read {"freshd_101_101_migrate_oauth_status":true,"report_hash":"db19d9574db57783f710c983140ecd5f514eb88a7be56bd8117ea9fe7fb8757a"}
2026-05-20 23:01:29.003 +0700 [debug] (iframe.js) Responding to product with {"configs":{},"displayName":"freshdesk-app","product":{"freshdesk":{"location":{"cti_global_sidebar":{"url":"agent/index.html","icon":"agent/styles/images/icon.svg"}}}},"modules":{"common":{"location":{"cti_global_sidebar":{"url":"index.html","icon":"styles/images/icon.svg"}}},"support_ticket":{}},"features":["db"],"actions":false,"omni":false,"products":["freshdesk"],"platform":"3.0","isInstall":false,"oauth_configs_list":[],"subscribed_modules":null,"endpoint_urls":null,"product_types":{},"currentHost":{"subscribed_modules":null,"endpoint_urls":null,"org_domain":null,"product_types":{}},"isAuthorized":true,"v2":[]}
2026-05-20 23:01:29.302 +0700 [debug] (oauth.js) Fetching oauth configs of product : modules
2026-05-20 23:01:29.302 +0700 [debug] (iframe.js) Checking is authorized for all oauths 
2026-05-20 23:01:29.303 +0700 [debug] (data.js) Read {"freshd_101_101_migrate_oauth_status":true,"report_hash":"db19d9574db57783f710c983140ecd5f514eb88a7be56bd8117ea9fe7fb8757a"}
2026-05-20 23:01:29.304 +0700 [debug] (data.js) Read {"freshd_101_101_migrate_oauth_status":true,"report_hash":"db19d9574db57783f710c983140ecd5f514eb88a7be56bd8117ea9fe7fb8757a"}
2026-05-20 23:01:29.304 +0700 [debug] (iframe.js) Responding to product with {"configs":{},"displayName":"freshdesk-app","product":{"freshdesk":{"location":{"cti_global_sidebar":{"url":"agent/index.html","icon":"agent/styles/images/icon.svg"}}}},"modules":{"common":{"location":{"cti_global_sidebar":{"url":"index.html","icon":"styles/images/icon.svg"}}},"support_ticket":{}},"features":["db"],"actions":false,"omni":false,"products":["freshdesk"],"platform":"3.0","isInstall":false,"oauth_configs_list":[],"subscribed_modules":null,"endpoint_urls":null,"product_types":{},"currentHost":{"subscribed_modules":null,"endpoint_urls":null,"org_domain":null,"product_types":{}},"isAuthorized":true,"v2":[]}
2026-05-20 23:01:29.730 +0700 [debug] (oauth.js) Fetching oauth configs of product : modules
2026-05-20 23:01:29.731 +0700 [debug] (iframe.js) Checking is authorized for all oauths 
2026-05-20 23:01:29.733 +0700 [debug] (data.js) Read {"freshd_101_101_migrate_oauth_status":true,"report_hash":"db19d9574db57783f710c983140ecd5f514eb88a7be56bd8117ea9fe7fb8757a"}
2026-05-20 23:01:29.734 +0700 [debug] (data.js) Read {"freshd_101_101_migrate_oauth_status":true,"report_hash":"db19d9574db57783f710c983140ecd5f514eb88a7be56bd8117ea9fe7fb8757a"}
2026-05-20 23:01:29.734 +0700 [debug] (iframe.js) Responding to product with {"configs":{},"displayName":"freshdesk-app","product":{"freshdesk":{"location":{"cti_global_sidebar":{"url":"agent/index.html","icon":"agent/styles/images/icon.svg"}}}},"modules":{"common":{"location":{"cti_global_sidebar":{"url":"index.html","icon":"styles/images/icon.svg"}}},"support_ticket":{}},"features":["db"],"actions":false,"omni":false,"products":["freshdesk"],"platform":"3.0","isInstall":false,"oauth_configs_list":[],"subscribed_modules":null,"endpoint_urls":null,"product_types":{},"currentHost":{"subscribed_modules":null,"endpoint_urls":null,"org_domain":null,"product_types":{}},"isAuthorized":true,"v2":[]}
2026-05-20 23:01:30.837 +0700 [debug] (coverage.js) Writing coverage.
2026-05-20 23:01:32.168 +0700 [debug] (coverage.js) Writing coverage.
2026-05-20 23:01:34.173 +0700 [debug] (coverage.js) Writing coverage.
2026-05-20 23:01:36.171 +0700 [debug] (coverage.js) Writing coverage.
2026-05-20 23:01:44.162 +0700 [debug] (oauth.js) Fetching oauth configs of product : modules
2026-05-20 23:01:44.163 +0700 [debug] (iframe.js) Checking is authorized for all oauths 
2026-05-20 23:01:44.164 +0700 [debug] (data.js) Read {"freshd_101_101_migrate_oauth_status":true,"report_hash":"db19d9574db57783f710c983140ecd5f514eb88a7be56bd8117ea9fe7fb8757a"}
2026-05-20 23:01:44.166 +0700 [debug] (data.js) Read {"freshd_101_101_migrate_oauth_status":true,"report_hash":"db19d9574db57783f710c983140ecd5f514eb88a7be56bd8117ea9fe7fb8757a"}
2026-05-20 23:01:44.166 +0700 [debug] (iframe.js) Responding to product with {"configs":{},"displayName":"freshdesk-app","product":{"freshdesk":{"location":{"cti_global_sidebar":{"url":"agent/index.html","icon":"agent/styles/images/icon.svg"}}}},"modules":{"common":{"location":{"cti_global_sidebar":{"url":"index.html","icon":"styles/images/icon.svg"}}},"support_ticket":{}},"features":["db"],"actions":false,"omni":false,"products":["freshdesk"],"platform":"3.0","isInstall":false,"oauth_configs_list":[],"subscribed_modules":null,"endpoint_urls":null,"product_types":{},"currentHost":{"subscribed_modules":null,"endpoint_urls":null,"org_domain":null,"product_types":{}},"isAuthorized":true,"v2":[]}
2026-05-20 23:01:46.174 +0700 [debug] (coverage.js) Writing coverage.
2026-05-20 23:11:03.866 +0700 [debug] (watcher.js) Broadcasted "{"file":"app/scripts/app.js"}" to all listeners.
2026-05-20 23:11:03.890 +0700 [debug] (iframe.js) Responding with contents of /index.html
2026-05-20 23:11:03.935 +0700 [debug] (iframe.js) Responding with contents of /scripts/app.js
2026-05-20 23:11:03.936 +0700 [debug] (coverage.js) Instrumenting /Users/kevin/freshdesk-app/app/scripts/app.js
2026-05-20 23:11:06.874 +0700 [debug] (coverage.js) Writing coverage.
2026-05-20 23:11:08.875 +0700 [debug] (coverage.js) Writing coverage.
2026-05-20 23:11:25.890 +0700 [info] 
NOTE: We recommend a coverage of 80% for apps that are to be published in the public marketplace.
2026-05-20 23:11:31.553 +0700 [debug] (configs.js) loaded default configs as "{"updates":{"manifest_url":"https://cdn.freshdev.io/assets/fdk/updates.json","changelog_url":"https://cdn.freshdev.io/assets/fdk/change-log.json","period":24},"log":{"level":"info"},"javascript":{"ecma_version":2020},"request":{"timeout":15000,"maxFilesPerRequest":5},"global_apps":{"enabled":true},"easel":{"enabled":false},"job":{"timeout":120000}}"
2026-05-20 23:11:31.556 +0700 [debug] (configs.js) loaded global configs as "{"global_apps":{"enabled":"true"},"request":{"timeout":15000},"job":{"timeout":120000}}"
2026-05-20 23:11:31.556 +0700 [debug] (configs.js) loaded local configs as "{"request":{"timeout":15000},"job":{"timeout":120000},"global_apps":{"enabled":"true"}}"
2026-05-20 23:11:31.556 +0700 [debug] (configs.js) loaded env configs as "{"updates":{},"log":{},"javascript":{},"request":{"timeout":15000,"maxFilesPerRequest":5},"job":{"timeout":120000}}"
2026-05-20 23:11:31.556 +0700 [debug] (configs.js) loaded resolved configs as "{"updates":{"manifest_url":"https://cdn.freshdev.io/assets/fdk/updates.json","changelog_url":"https://cdn.freshdev.io/assets/fdk/change-log.json","period":24},"log":{"level":"info"},"javascript":{"ecma_version":2020},"request":{"timeout":15000,"maxFilesPerRequest":5},"global_apps":{"enabled":"true"},"easel":{"enabled":false},"job":{"timeout":120000}}"
2026-05-20 23:11:31.556 +0700 [debug] (logger.js) Starting FDK in node v24.11.1 on darwin
2026-05-20 23:11:31.556 +0700 [debug] (sequelize.js) setting up sqilite at "/Users/kevin/freshdesk-app/.fdk/store.sqlite"
2026-05-20 23:11:31.556 +0700 [debug] (data.js) Read {"version_details":{"cli":{"deprecated":{"version":"<9","message":"This FDK version has been deprecated. There will be no further feature updates to this version. For a seamless app-building experience, ensure to move to the latest FDK version. For more information, see https://developers.freshworks.com/docs/app-sdk/v2.3/freshdesk/migration-guide/#migrate-to-the-latest-platform-version."},"forced":{"version":"7.0.0","command":"npm install https://dl.freshdev.io/cli/fdk-7.0.0.tgz -g","message":"Your FDK version has been forced updated to v7.0.0, please visit https://community.developers.freshworks.com/t/fdk-v7-0-announcing-node-js-v12-and-es6-support/3606 to know more"},"latest":{"version":"10.1.2","command":"npm install https://cdn.freshdev.io/fdk/latest-v24.tgz -g","message":"You are on the latest FDK version. For information on the features available as part of this FDK version, see https://developers.freshworks.com/docs/?tab=modules."}},"addon":{"version":"2.2.7","url":"https://cdn.freshdev.io/assets/fdk/addons/addon.zip"}},"last_updated":{"time_stamp":1779285176837}}
2026-05-20 23:11:31.556 +0700 [debug] (updater.js) last check less than 24 hours ago, not looking for updates
2026-05-20 23:11:31.558 +0700 [debug] (index.js) running with opts {}
2026-05-20 23:11:31.628 +0700 [debug] (data.js) Read {"version_details":{"cli":{"deprecated":{"version":"<9","message":"This FDK version has been deprecated. There will be no further feature updates to this version. For a seamless app-building experience, ensure to move to the latest FDK version. For more information, see https://developers.freshworks.com/docs/app-sdk/v2.3/freshdesk/migration-guide/#migrate-to-the-latest-platform-version."},"forced":{"version":"7.0.0","command":"npm install https://dl.freshdev.io/cli/fdk-7.0.0.tgz -g","message":"Your FDK version has been forced updated to v7.0.0, please visit https://community.developers.freshworks.com/t/fdk-v7-0-announcing-node-js-v12-and-es6-support/3606 to know more"},"latest":{"version":"10.1.2","command":"npm install https://cdn.freshdev.io/fdk/latest-v24.tgz -g","message":"You are on the latest FDK version. For information on the features available as part of this FDK version, see https://developers.freshworks.com/docs/?tab=modules."}},"addon":{"version":"2.2.7","url":"https://cdn.freshdev.io/assets/fdk/addons/addon.zip"}},"last_updated":{"time_stamp":1779285176837}}
2026-05-20 23:11:31.630 +0700 [debug] (manifest.js) Reloading manifest with {"platform-version":"3.0","modules":{"common":{"location":{"cti_global_sidebar":{"url":"index.html","icon":"styles/images/icon.svg"}}},"support_ticket":{}},"engines":{"node":"24.11.1","fdk":"10.1.2"},"scripts":{"fdk-unit-test":"vitest run --coverage"}}.
2026-05-20 23:11:31.630 +0700 [debug] (manifest.js) Inferred db as features.
2026-05-20 23:11:31.655 +0700 [debug] (data.js) Read {"version_details":{"cli":{"deprecated":{"version":"<9","message":"This FDK version has been deprecated. There will be no further feature updates to this version. For a seamless app-building experience, ensure to move to the latest FDK version. For more information, see https://developers.freshworks.com/docs/app-sdk/v2.3/freshdesk/migration-guide/#migrate-to-the-latest-platform-version."},"forced":{"version":"7.0.0","command":"npm install https://dl.freshdev.io/cli/fdk-7.0.0.tgz -g","message":"Your FDK version has been forced updated to v7.0.0, please visit https://community.developers.freshworks.com/t/fdk-v7-0-announcing-node-js-v12-and-es6-support/3606 to know more"},"latest":{"version":"10.1.2","command":"npm install https://cdn.freshdev.io/fdk/latest-v24.tgz -g","message":"You are on the latest FDK version. For information on the features available as part of this FDK version, see https://developers.freshworks.com/docs/?tab=modules."}},"addon":{"version":"2.2.7","url":"https://cdn.freshdev.io/assets/fdk/addons/addon.zip"}},"last_updated":{"time_stamp":1779285176837}}
2026-05-20 23:11:31.845 +0700 [debug] (coverage.js) INIT: About to merge initial coverage data with 1 files
2026-05-20 23:11:31.845 +0700 [debug] (coverage.js) INIT: After merge - Files in map: 1
2026-05-20 23:11:31.896 +0700 [debug] (index.js) Initializing AJV schemas from individual files
2026-05-20 23:11:31.896 +0700 [debug] (index.js) Compiling schemas...
2026-05-20 23:11:31.904 +0700 [debug] (index.js) All schemas compiled successfully
2026-05-20 23:11:31.938 +0700 [debug] (index.js) loading model at "/Users/kevin/.nvm/versions/node/v24.11.1/lib/node_modules/@freshworks/fdk/lib/models/bigint-pivot.js"
2026-05-20 23:11:31.939 +0700 [debug] (index.js) loading model at "/Users/kevin/.nvm/versions/node/v24.11.1/lib/node_modules/@freshworks/fdk/lib/models/entity-field-choice.js"
2026-05-20 23:11:31.939 +0700 [debug] (index.js) loading model at "/Users/kevin/.nvm/versions/node/v24.11.1/lib/node_modules/@freshworks/fdk/lib/models/entity-field.js"
2026-05-20 23:11:31.940 +0700 [debug] (index.js) loading model at "/Users/kevin/.nvm/versions/node/v24.11.1/lib/node_modules/@freshworks/fdk/lib/models/entity.js"
2026-05-20 23:11:31.940 +0700 [debug] (index.js) loading model at "/Users/kevin/.nvm/versions/node/v24.11.1/lib/node_modules/@freshworks/fdk/lib/models/files.js"
2026-05-20 23:11:31.940 +0700 [debug] (index.js) loading model at "/Users/kevin/.nvm/versions/node/v24.11.1/lib/node_modules/@freshworks/fdk/lib/models/oauth-details.js"
2026-05-20 23:11:31.941 +0700 [debug] (index.js) loading model at "/Users/kevin/.nvm/versions/node/v24.11.1/lib/node_modules/@freshworks/fdk/lib/models/record.js"
2026-05-20 23:11:31.942 +0700 [debug] (index.js) loading model at "/Users/kevin/.nvm/versions/node/v24.11.1/lib/node_modules/@freshworks/fdk/lib/models/string-pivot.js"
2026-05-20 23:11:31.996 +0700 [debug] (index.js) 'schema: ' [object Object]
2026-05-20 23:11:32.003 +0700 [debug] (index.js) 'schema: ' [object Object]
2026-05-20 23:11:32.003 +0700 [debug] (index.js) 'schema: ' [object Object]
2026-05-20 23:11:32.004 +0700 [debug] (index.js) 'schema: ' [object Object]
2026-05-20 23:11:32.005 +0700 [debug] (index.js) 'schema: ' [object Object]
2026-05-20 23:11:32.005 +0700 [debug] (index.js) 'schema: ' [object Object]
2026-05-20 23:11:32.006 +0700 [debug] (index.js) 'schema: ' [object Object]
2026-05-20 23:11:32.009 +0700 [debug] (index.js) 'schema: ' [object Object]
2026-05-20 23:11:32.009 +0700 [debug] (index.js) 'schema: ' [object Object]
2026-05-20 23:11:32.009 +0700 [debug] (index.js) 'schema: ' [object Object]
2026-05-20 23:11:32.012 +0700 [debug] (index.js) 'schema: ' [object Object]
2026-05-20 23:11:32.013 +0700 [debug] (index.js) 'schema: ' [object Object]
2026-05-20 23:11:32.015 +0700 [debug] (index.js) 'schema: ' [object Object]
2026-05-20 23:11:32.015 +0700 [debug] (index.js) 'schema: ' [object Object]
2026-05-20 23:11:32.015 +0700 [debug] (index.js) 'schema: ' [object Object]
2026-05-20 23:11:32.016 +0700 [debug] (index.js) 'schema: ' [object Object]
2026-05-20 23:11:32.017 +0700 [debug] (index.js) 'schema: ' [object Object]
2026-05-20 23:11:32.024 +0700 [debug] (index.js) 'schema: ' [object Object]
2026-05-20 23:11:32.178 +0700 [debug] (data.js) Read {"version_details":{"cli":{"deprecated":{"version":"<9","message":"This FDK version has been deprecated. There will be no further feature updates to this version. For a seamless app-building experience, ensure to move to the latest FDK version. For more information, see https://developers.freshworks.com/docs/app-sdk/v2.3/freshdesk/migration-guide/#migrate-to-the-latest-platform-version."},"forced":{"version":"7.0.0","command":"npm install https://dl.freshdev.io/cli/fdk-7.0.0.tgz -g","message":"Your FDK version has been forced updated to v7.0.0, please visit https://community.developers.freshworks.com/t/fdk-v7-0-announcing-node-js-v12-and-es6-support/3606 to know more"},"latest":{"version":"10.1.2","command":"npm install https://cdn.freshdev.io/fdk/latest-v24.tgz -g","message":"You are on the latest FDK version. For information on the features available as part of this FDK version, see https://developers.freshworks.com/docs/?tab=modules."}},"addon":{"version":"2.2.7","url":"https://cdn.freshdev.io/assets/fdk/addons/addon.zip"}},"last_updated":{"time_stamp":1779285176837}}
2026-05-20 23:11:32.841 +0700 [debug] (validate.js) asked to skip the following validations, 
2026-05-20 23:11:32.841 +0700 [debug] (validate.js) running validator actions
2026-05-20 23:11:32.841 +0700 [debug] (validate.js) running validator requests
2026-05-20 23:11:32.842 +0700 [debug] (validate.js) running validator app-dir
2026-05-20 23:11:32.842 +0700 [debug] (validate.js) running validator config-dir
2026-05-20 23:11:32.842 +0700 [debug] (config-dir.js) Checking to see if /Users/kevin/freshdesk-app/config/ exists.
2026-05-20 23:11:32.842 +0700 [debug] (config-dir.js) Fetched the following config files iparams.json
2026-05-20 23:11:32.842 +0700 [debug] (validate.js) running validator custom-objects
2026-05-20 23:11:32.842 +0700 [debug] (validate.js) running validator event
2026-05-20 23:11:32.842 +0700 [debug] (validate.js) running validator iparam
2026-05-20 23:11:32.843 +0700 [debug] (validate.js) running validator lint
2026-05-20 23:11:32.843 +0700 [debug] (lint.js) passed fix flag: undefined
2026-05-20 23:11:32.844 +0700 [debug] (lint.js) Running the following lints on the file app/scripts/app.js : no-eval,no-alert,no-debugger,no-unreachable,no-duplicate-imports,constructor-super,for-direction,no-class-assign,no-new-native-nonconstructor,valid-typeof,no-eq-null,no-var,require-await,no-unreachable-loop,no-redeclare,no-self-assign,no-setter-return,no-shadow-restricted-names,no-this-before-super,no-unsafe-finally,no-unsafe-optional-chaining,no-unused-vars,no-useless-catch,eqeqeq,prefer-const,require-yield,no-global-assign,no-caller,no-process-env,complexity,max-nested-callbacks,handle-callback-err,getter-return,no-async-promise-executor,no-case-declarations,no-compare-neg-zero,no-cond-assign,no-const-assign,no-constant-condition,no-control-regex,no-delete-var,no-dupe-args,no-dupe-class-members,no-dupe-else-if,no-dupe-keys,no-duplicate-case,no-empty,no-empty-character-class,no-empty-pattern,no-ex-assign,no-extra-boolean-cast,no-extra-semi,no-fallthrough,no-func-assign,no-import-assign,no-inner-declarations,no-invalid-regexp,no-irregular-whitespace,no-loss-of-precision,no-misleading-character-class,no-mixed-spaces-and-tabs,no-nonoctal-decimal-escape,no-obj-calls,no-octal,no-prototype-builtins,no-regex-spaces,no-sparse-arrays,no-unexpected-multiline,no-unsafe-negation,no-unused-labels,no-useless-backreference,no-useless-escape,no-with,use-isnan,no-unpkg-cdn,no-proxy-requests,no-unhandled-promise,no-logging-rejections,no-non-client-request-model,no-deprecated-apis,no-cross-scope-assign,no-empty-function
2026-05-20 23:11:32.937 +0700 [debug] (validate.js) running validator manifest
2026-05-20 23:11:32.938 +0700 [debug] (validate.js) skipping validator manifest-dependency
2026-05-20 23:11:32.938 +0700 [debug] (validate.js) running validator manifest-scripts
2026-05-20 23:11:32.938 +0700 [debug] (validate.js) running validator oauth
2026-05-20 23:11:32.938 +0700 [debug] (validate.js) skipping validator pkgsize
2026-05-20 23:11:32.938 +0700 [debug] (validate.js) running validator schema
2026-05-20 23:11:32.938 +0700 [debug] (validate.js) running validator version-check
2026-05-20 23:11:32.938 +0700 [debug] (validate.js) running validator app-settings
2026-05-20 23:11:32.941 +0700 [warn] Please ensure that the following are addressed for quick review process:
2026-05-20 23:11:32.941 +0700 [warn] [33m⚠[39m app/scripts/app.js::230: Use client.request when making API requests
2026-05-20 23:11:32.941 +0700 [warn] 
2026-05-20 23:11:32.941 +0700 [debug] (watcher.js) Preparing to watch the following files ./app,./config,./manifest.json
2026-05-20 23:11:32.995 +0700 [debug] (data.js) Read {"freshd_101_101_migrate_oauth_status":true,"report_hash":"f4b35cce06750374f635529f9c8f593db51023a88609f53f1f0abbea63dc459a"}
2026-05-20 23:11:32.995 +0700 [debug] (custom-objects.js) to force or not? undefined
2026-05-20 23:11:32.995 +0700 [debug] (custom-objects.js) beginning to re-sync db
2026-05-20 23:11:33.038 +0700 [debug] (data.js) Read {"freshd_101_101_migrate_oauth_status":true,"report_hash":"f4b35cce06750374f635529f9c8f593db51023a88609f53f1f0abbea63dc459a"}
2026-05-20 23:11:33.038 +0700 [debug] (custom-objects.js) updated local store with latest entity hash
2026-05-20 23:11:33.038 +0700 [debug] (run.js) migrate stored oauth configs from localstore to sqlite
2026-05-20 23:11:33.038 +0700 [debug] (data.js) Read {"freshd_101_101_migrate_oauth_status":true,"report_hash":"f4b35cce06750374f635529f9c8f593db51023a88609f53f1f0abbea63dc459a"}
2026-05-20 23:11:33.038 +0700 [debug] (data.js) Read {"freshd_101_101_migrate_oauth_status":true,"report_hash":"f4b35cce06750374f635529f9c8f593db51023a88609f53f1f0abbea63dc459a"}
2026-05-20 23:11:33.038 +0700 [debug] (oauth.js) migration completed, returning
2026-05-20 23:11:33.038 +0700 [info] Starting local testing server at http://*:10001/    
Append 'dev=true' to your current host URL to start testing    
     
e.g:     
2026-05-20 23:11:33.039 +0700 [info]   https://domain.freshdesk.com/a/tickets/1?dev=true
2026-05-20 23:11:33.039 +0700 [info] 
Quit the server with Control-C.
2026-05-20 23:12:03.442 +0700 [debug] (oauth.js) Fetching oauth configs of product : modules
2026-05-20 23:12:03.444 +0700 [debug] (iframe.js) Checking is authorized for all oauths 
2026-05-20 23:12:03.446 +0700 [debug] (data.js) Read {"freshd_101_101_migrate_oauth_status":true,"report_hash":"f4b35cce06750374f635529f9c8f593db51023a88609f53f1f0abbea63dc459a"}
2026-05-20 23:12:03.448 +0700 [debug] (data.js) Read {"freshd_101_101_migrate_oauth_status":true,"report_hash":"f4b35cce06750374f635529f9c8f593db51023a88609f53f1f0abbea63dc459a"}
2026-05-20 23:12:03.448 +0700 [debug] (iframe.js) Responding to product with {"configs":{},"displayName":"freshdesk-app","product":{"freshdesk":{"location":{"cti_global_sidebar":{"url":"agent/index.html","icon":"agent/styles/images/icon.svg"}}}},"modules":{"common":{"location":{"cti_global_sidebar":{"url":"index.html","icon":"styles/images/icon.svg"}}},"support_ticket":{}},"features":["db"],"actions":false,"omni":false,"products":["freshdesk"],"platform":"3.0","isInstall":false,"oauth_configs_list":[],"subscribed_modules":null,"endpoint_urls":null,"product_types":{},"currentHost":{"subscribed_modules":null,"endpoint_urls":null,"org_domain":null,"product_types":{}},"isAuthorized":true,"v2":[]}
2026-05-20 23:12:04.375 +0700 [debug] (oauth.js) Fetching oauth configs of product : modules
2026-05-20 23:12:04.375 +0700 [debug] (iframe.js) Checking is authorized for all oauths 
2026-05-20 23:12:04.376 +0700 [debug] (data.js) Read {"freshd_101_101_migrate_oauth_status":true,"report_hash":"f4b35cce06750374f635529f9c8f593db51023a88609f53f1f0abbea63dc459a"}
2026-05-20 23:12:04.377 +0700 [debug] (data.js) Read {"freshd_101_101_migrate_oauth_status":true,"report_hash":"f4b35cce06750374f635529f9c8f593db51023a88609f53f1f0abbea63dc459a"}
2026-05-20 23:12:04.377 +0700 [debug] (iframe.js) Responding to product with {"configs":{},"displayName":"freshdesk-app","product":{"freshdesk":{"location":{"cti_global_sidebar":{"url":"agent/index.html","icon":"agent/styles/images/icon.svg"}}}},"modules":{"common":{"location":{"cti_global_sidebar":{"url":"index.html","icon":"styles/images/icon.svg"}}},"support_ticket":{}},"features":["db"],"actions":false,"omni":false,"products":["freshdesk"],"platform":"3.0","isInstall":false,"oauth_configs_list":[],"subscribed_modules":null,"endpoint_urls":null,"product_types":{},"currentHost":{"subscribed_modules":null,"endpoint_urls":null,"org_domain":null,"product_types":{}},"isAuthorized":true,"v2":[]}
2026-05-20 23:12:04.648 +0700 [debug] (oauth.js) Fetching oauth configs of product : modules
2026-05-20 23:12:04.649 +0700 [debug] (iframe.js) Checking is authorized for all oauths 
2026-05-20 23:12:04.649 +0700 [debug] (data.js) Read {"freshd_101_101_migrate_oauth_status":true,"report_hash":"f4b35cce06750374f635529f9c8f593db51023a88609f53f1f0abbea63dc459a"}
2026-05-20 23:12:04.651 +0700 [debug] (data.js) Read {"freshd_101_101_migrate_oauth_status":true,"report_hash":"f4b35cce06750374f635529f9c8f593db51023a88609f53f1f0abbea63dc459a"}
2026-05-20 23:12:04.651 +0700 [debug] (iframe.js) Responding to product with {"configs":{},"displayName":"freshdesk-app","product":{"freshdesk":{"location":{"cti_global_sidebar":{"url":"agent/index.html","icon":"agent/styles/images/icon.svg"}}}},"modules":{"common":{"location":{"cti_global_sidebar":{"url":"index.html","icon":"styles/images/icon.svg"}}},"support_ticket":{}},"features":["db"],"actions":false,"omni":false,"products":["freshdesk"],"platform":"3.0","isInstall":false,"oauth_configs_list":[],"subscribed_modules":null,"endpoint_urls":null,"product_types":{},"currentHost":{"subscribed_modules":null,"endpoint_urls":null,"org_domain":null,"product_types":{}},"isAuthorized":true,"v2":[]}
2026-05-20 23:12:04.668 +0700 [debug] (http.js) Failed to parse URL: , error: Invalid URL
2026-05-20 23:12:04.677 +0700 [debug] (http.js) Failed to parse URL: , error: Invalid URL
2026-05-20 23:12:04.678 +0700 [debug] (iframe.js) Responding with contents of /index.html
2026-05-20 23:12:04.695 +0700 [debug] (iframe.js) Responding with contents of /scripts/app.js
2026-05-20 23:12:04.697 +0700 [debug] (coverage.js) Instrumenting /Users/kevin/freshdesk-app/app/scripts/app.js
2026-05-20 23:12:04.941 +0700 [debug] (oauth.js) Fetching oauth configs of product : modules
2026-05-20 23:12:04.941 +0700 [debug] (iframe.js) Checking is authorized for all oauths 
2026-05-20 23:12:04.942 +0700 [debug] (data.js) Read {"freshd_101_101_migrate_oauth_status":true,"report_hash":"f4b35cce06750374f635529f9c8f593db51023a88609f53f1f0abbea63dc459a"}
2026-05-20 23:12:04.942 +0700 [debug] (data.js) Read {"freshd_101_101_migrate_oauth_status":true,"report_hash":"f4b35cce06750374f635529f9c8f593db51023a88609f53f1f0abbea63dc459a"}
2026-05-20 23:12:04.942 +0700 [debug] (iframe.js) Responding to product with {"configs":{},"displayName":"freshdesk-app","product":{"freshdesk":{"location":{"cti_global_sidebar":{"url":"agent/index.html","icon":"agent/styles/images/icon.svg"}}}},"modules":{"common":{"location":{"cti_global_sidebar":{"url":"index.html","icon":"styles/images/icon.svg"}}},"support_ticket":{}},"features":["db"],"actions":false,"omni":false,"products":["freshdesk"],"platform":"3.0","isInstall":false,"oauth_configs_list":[],"subscribed_modules":null,"endpoint_urls":null,"product_types":{},"currentHost":{"subscribed_modules":null,"endpoint_urls":null,"org_domain":null,"product_types":{}},"isAuthorized":true,"v2":[]}
2026-05-20 23:12:05.212 +0700 [debug] (oauth.js) Fetching oauth configs of product : modules
2026-05-20 23:12:05.213 +0700 [debug] (iframe.js) Checking is authorized for all oauths 
2026-05-20 23:12:05.213 +0700 [debug] (data.js) Read {"freshd_101_101_migrate_oauth_status":true,"report_hash":"f4b35cce06750374f635529f9c8f593db51023a88609f53f1f0abbea63dc459a"}
2026-05-20 23:12:05.214 +0700 [debug] (data.js) Read {"freshd_101_101_migrate_oauth_status":true,"report_hash":"f4b35cce06750374f635529f9c8f593db51023a88609f53f1f0abbea63dc459a"}
2026-05-20 23:12:05.214 +0700 [debug] (iframe.js) Responding to product with {"configs":{},"displayName":"freshdesk-app","product":{"freshdesk":{"location":{"cti_global_sidebar":{"url":"agent/index.html","icon":"agent/styles/images/icon.svg"}}}},"modules":{"common":{"location":{"cti_global_sidebar":{"url":"index.html","icon":"styles/images/icon.svg"}}},"support_ticket":{}},"features":["db"],"actions":false,"omni":false,"products":["freshdesk"],"platform":"3.0","isInstall":false,"oauth_configs_list":[],"subscribed_modules":null,"endpoint_urls":null,"product_types":{},"currentHost":{"subscribed_modules":null,"endpoint_urls":null,"org_domain":null,"product_types":{}},"isAuthorized":true,"v2":[]}
2026-05-20 23:12:05.485 +0700 [debug] (oauth.js) Fetching oauth configs of product : modules
2026-05-20 23:12:05.486 +0700 [debug] (iframe.js) Checking is authorized for all oauths 
2026-05-20 23:12:05.487 +0700 [debug] (data.js) Read {"freshd_101_101_migrate_oauth_status":true,"report_hash":"f4b35cce06750374f635529f9c8f593db51023a88609f53f1f0abbea63dc459a"}
2026-05-20 23:12:05.488 +0700 [debug] (data.js) Read {"freshd_101_101_migrate_oauth_status":true,"report_hash":"f4b35cce06750374f635529f9c8f593db51023a88609f53f1f0abbea63dc459a"}
2026-05-20 23:12:05.488 +0700 [debug] (iframe.js) Responding to product with {"configs":{},"displayName":"freshdesk-app","product":{"freshdesk":{"location":{"cti_global_sidebar":{"url":"agent/index.html","icon":"agent/styles/images/icon.svg"}}}},"modules":{"common":{"location":{"cti_global_sidebar":{"url":"index.html","icon":"styles/images/icon.svg"}}},"support_ticket":{}},"features":["db"],"actions":false,"omni":false,"products":["freshdesk"],"platform":"3.0","isInstall":false,"oauth_configs_list":[],"subscribed_modules":null,"endpoint_urls":null,"product_types":{},"currentHost":{"subscribed_modules":null,"endpoint_urls":null,"org_domain":null,"product_types":{}},"isAuthorized":true,"v2":[]}
2026-05-20 23:12:05.757 +0700 [debug] (oauth.js) Fetching oauth configs of product : modules
2026-05-20 23:12:05.758 +0700 [debug] (iframe.js) Checking is authorized for all oauths 
2026-05-20 23:12:05.758 +0700 [debug] (data.js) Read {"freshd_101_101_migrate_oauth_status":true,"report_hash":"f4b35cce06750374f635529f9c8f593db51023a88609f53f1f0abbea63dc459a"}
2026-05-20 23:12:05.759 +0700 [debug] (data.js) Read {"freshd_101_101_migrate_oauth_status":true,"report_hash":"f4b35cce06750374f635529f9c8f593db51023a88609f53f1f0abbea63dc459a"}
2026-05-20 23:12:05.759 +0700 [debug] (iframe.js) Responding to product with {"configs":{},"displayName":"freshdesk-app","product":{"freshdesk":{"location":{"cti_global_sidebar":{"url":"agent/index.html","icon":"agent/styles/images/icon.svg"}}}},"modules":{"common":{"location":{"cti_global_sidebar":{"url":"index.html","icon":"styles/images/icon.svg"}}},"support_ticket":{}},"features":["db"],"actions":false,"omni":false,"products":["freshdesk"],"platform":"3.0","isInstall":false,"oauth_configs_list":[],"subscribed_modules":null,"endpoint_urls":null,"product_types":{},"currentHost":{"subscribed_modules":null,"endpoint_urls":null,"org_domain":null,"product_types":{}},"isAuthorized":true,"v2":[]}
2026-05-20 23:12:06.021 +0700 [debug] (oauth.js) Fetching oauth configs of product : modules
2026-05-20 23:12:06.021 +0700 [debug] (iframe.js) Checking is authorized for all oauths 
2026-05-20 23:12:06.021 +0700 [debug] (data.js) Read {"freshd_101_101_migrate_oauth_status":true,"report_hash":"f4b35cce06750374f635529f9c8f593db51023a88609f53f1f0abbea63dc459a"}
2026-05-20 23:12:06.022 +0700 [debug] (data.js) Read {"freshd_101_101_migrate_oauth_status":true,"report_hash":"f4b35cce06750374f635529f9c8f593db51023a88609f53f1f0abbea63dc459a"}
2026-05-20 23:12:06.022 +0700 [debug] (iframe.js) Responding to product with {"configs":{},"displayName":"freshdesk-app","product":{"freshdesk":{"location":{"cti_global_sidebar":{"url":"agent/index.html","icon":"agent/styles/images/icon.svg"}}}},"modules":{"common":{"location":{"cti_global_sidebar":{"url":"index.html","icon":"styles/images/icon.svg"}}},"support_ticket":{}},"features":["db"],"actions":false,"omni":false,"products":["freshdesk"],"platform":"3.0","isInstall":false,"oauth_configs_list":[],"subscribed_modules":null,"endpoint_urls":null,"product_types":{},"currentHost":{"subscribed_modules":null,"endpoint_urls":null,"org_domain":null,"product_types":{}},"isAuthorized":true,"v2":[]}
2026-05-20 23:12:06.882 +0700 [debug] (coverage.js) Writing coverage.
2026-05-20 23:12:08.814 +0700 [debug] (coverage.js) Writing coverage.
2026-05-20 23:12:13.352 +0700 [debug] (oauth.js) Fetching oauth configs of product : modules
2026-05-20 23:12:13.353 +0700 [debug] (iframe.js) Checking is authorized for all oauths 
2026-05-20 23:12:13.353 +0700 [debug] (data.js) Read {"freshd_101_101_migrate_oauth_status":true,"report_hash":"f4b35cce06750374f635529f9c8f593db51023a88609f53f1f0abbea63dc459a"}
2026-05-20 23:12:13.355 +0700 [debug] (data.js) Read {"freshd_101_101_migrate_oauth_status":true,"report_hash":"f4b35cce06750374f635529f9c8f593db51023a88609f53f1f0abbea63dc459a"}
2026-05-20 23:12:13.355 +0700 [debug] (iframe.js) Responding to product with {"configs":{},"displayName":"freshdesk-app","product":{"freshdesk":{"location":{"cti_global_sidebar":{"url":"agent/index.html","icon":"agent/styles/images/icon.svg"}}}},"modules":{"common":{"location":{"cti_global_sidebar":{"url":"index.html","icon":"styles/images/icon.svg"}}},"support_ticket":{}},"features":["db"],"actions":false,"omni":false,"products":["freshdesk"],"platform":"3.0","isInstall":false,"oauth_configs_list":[],"subscribed_modules":null,"endpoint_urls":null,"product_types":{},"currentHost":{"subscribed_modules":null,"endpoint_urls":null,"org_domain":null,"product_types":{}},"isAuthorized":true,"v2":[]}
2026-05-20 23:12:14.819 +0700 [debug] (coverage.js) Writing coverage.
2026-05-20 23:12:16.813 +0700 [debug] (coverage.js) Writing coverage.
2026-05-20 23:13:18.430 +0700 [debug] (oauth.js) Fetching oauth configs of product : modules
2026-05-20 23:13:18.431 +0700 [debug] (iframe.js) Checking is authorized for all oauths 
2026-05-20 23:13:18.434 +0700 [debug] (data.js) Read {"freshd_101_101_migrate_oauth_status":true,"report_hash":"f4b35cce06750374f635529f9c8f593db51023a88609f53f1f0abbea63dc459a"}
2026-05-20 23:13:18.437 +0700 [debug] (data.js) Read {"freshd_101_101_migrate_oauth_status":true,"report_hash":"f4b35cce06750374f635529f9c8f593db51023a88609f53f1f0abbea63dc459a"}
2026-05-20 23:13:18.437 +0700 [debug] (iframe.js) Responding to product with {"configs":{},"displayName":"freshdesk-app","product":{"freshdesk":{"location":{"cti_global_sidebar":{"url":"agent/index.html","icon":"agent/styles/images/icon.svg"}}}},"modules":{"common":{"location":{"cti_global_sidebar":{"url":"index.html","icon":"styles/images/icon.svg"}}},"support_ticket":{}},"features":["db"],"actions":false,"omni":false,"products":["freshdesk"],"platform":"3.0","isInstall":false,"oauth_configs_list":[],"subscribed_modules":null,"endpoint_urls":null,"product_types":{},"currentHost":{"subscribed_modules":null,"endpoint_urls":null,"org_domain":null,"product_types":{}},"isAuthorized":true,"v2":[]}
2026-05-20 23:13:19.140 +0700 [debug] (oauth.js) Fetching oauth configs of product : modules
2026-05-20 23:13:19.140 +0700 [debug] (iframe.js) Checking is authorized for all oauths 
2026-05-20 23:13:19.141 +0700 [debug] (data.js) Read {"freshd_101_101_migrate_oauth_status":true,"report_hash":"f4b35cce06750374f635529f9c8f593db51023a88609f53f1f0abbea63dc459a"}
2026-05-20 23:13:19.142 +0700 [debug] (data.js) Read {"freshd_101_101_migrate_oauth_status":true,"report_hash":"f4b35cce06750374f635529f9c8f593db51023a88609f53f1f0abbea63dc459a"}
2026-05-20 23:13:19.142 +0700 [debug] (iframe.js) Responding to product with {"configs":{},"displayName":"freshdesk-app","product":{"freshdesk":{"location":{"cti_global_sidebar":{"url":"agent/index.html","icon":"agent/styles/images/icon.svg"}}}},"modules":{"common":{"location":{"cti_global_sidebar":{"url":"index.html","icon":"styles/images/icon.svg"}}},"support_ticket":{}},"features":["db"],"actions":false,"omni":false,"products":["freshdesk"],"platform":"3.0","isInstall":false,"oauth_configs_list":[],"subscribed_modules":null,"endpoint_urls":null,"product_types":{},"currentHost":{"subscribed_modules":null,"endpoint_urls":null,"org_domain":null,"product_types":{}},"isAuthorized":true,"v2":[]}
2026-05-20 23:13:19.409 +0700 [debug] (oauth.js) Fetching oauth configs of product : modules
2026-05-20 23:13:19.409 +0700 [debug] (iframe.js) Checking is authorized for all oauths 
2026-05-20 23:13:19.410 +0700 [debug] (data.js) Read {"freshd_101_101_migrate_oauth_status":true,"report_hash":"f4b35cce06750374f635529f9c8f593db51023a88609f53f1f0abbea63dc459a"}
2026-05-20 23:13:19.411 +0700 [debug] (data.js) Read {"freshd_101_101_migrate_oauth_status":true,"report_hash":"f4b35cce06750374f635529f9c8f593db51023a88609f53f1f0abbea63dc459a"}
2026-05-20 23:13:19.411 +0700 [debug] (iframe.js) Responding to product with {"configs":{},"displayName":"freshdesk-app","product":{"freshdesk":{"location":{"cti_global_sidebar":{"url":"agent/index.html","icon":"agent/styles/images/icon.svg"}}}},"modules":{"common":{"location":{"cti_global_sidebar":{"url":"index.html","icon":"styles/images/icon.svg"}}},"support_ticket":{}},"features":["db"],"actions":false,"omni":false,"products":["freshdesk"],"platform":"3.0","isInstall":false,"oauth_configs_list":[],"subscribed_modules":null,"endpoint_urls":null,"product_types":{},"currentHost":{"subscribed_modules":null,"endpoint_urls":null,"org_domain":null,"product_types":{}},"isAuthorized":true,"v2":[]}
2026-05-20 23:13:19.432 +0700 [debug] (http.js) Failed to parse URL: , error: Invalid URL
2026-05-20 23:13:19.438 +0700 [debug] (http.js) Failed to parse URL: , error: Invalid URL
2026-05-20 23:13:19.439 +0700 [debug] (iframe.js) Responding with contents of /index.html
2026-05-20 23:13:19.448 +0700 [debug] (iframe.js) Responding with contents of /scripts/app.js
2026-05-20 23:13:19.448 +0700 [debug] (coverage.js) Instrumenting /Users/kevin/freshdesk-app/app/scripts/app.js
2026-05-20 23:13:19.702 +0700 [debug] (oauth.js) Fetching oauth configs of product : modules
2026-05-20 23:13:19.702 +0700 [debug] (iframe.js) Checking is authorized for all oauths 
2026-05-20 23:13:19.703 +0700 [debug] (data.js) Read {"freshd_101_101_migrate_oauth_status":true,"report_hash":"f4b35cce06750374f635529f9c8f593db51023a88609f53f1f0abbea63dc459a"}
2026-05-20 23:13:19.704 +0700 [debug] (data.js) Read {"freshd_101_101_migrate_oauth_status":true,"report_hash":"f4b35cce06750374f635529f9c8f593db51023a88609f53f1f0abbea63dc459a"}
2026-05-20 23:13:19.704 +0700 [debug] (iframe.js) Responding to product with {"configs":{},"displayName":"freshdesk-app","product":{"freshdesk":{"location":{"cti_global_sidebar":{"url":"agent/index.html","icon":"agent/styles/images/icon.svg"}}}},"modules":{"common":{"location":{"cti_global_sidebar":{"url":"index.html","icon":"styles/images/icon.svg"}}},"support_ticket":{}},"features":["db"],"actions":false,"omni":false,"products":["freshdesk"],"platform":"3.0","isInstall":false,"oauth_configs_list":[],"subscribed_modules":null,"endpoint_urls":null,"product_types":{},"currentHost":{"subscribed_modules":null,"endpoint_urls":null,"org_domain":null,"product_types":{}},"isAuthorized":true,"v2":[]}
2026-05-20 23:13:20.002 +0700 [debug] (oauth.js) Fetching oauth configs of product : modules
2026-05-20 23:13:20.003 +0700 [debug] (iframe.js) Checking is authorized for all oauths 
2026-05-20 23:13:20.004 +0700 [debug] (data.js) Read {"freshd_101_101_migrate_oauth_status":true,"report_hash":"f4b35cce06750374f635529f9c8f593db51023a88609f53f1f0abbea63dc459a"}
2026-05-20 23:13:20.004 +0700 [debug] (data.js) Read {"freshd_101_101_migrate_oauth_status":true,"report_hash":"f4b35cce06750374f635529f9c8f593db51023a88609f53f1f0abbea63dc459a"}
2026-05-20 23:13:20.004 +0700 [debug] (iframe.js) Responding to product with {"configs":{},"displayName":"freshdesk-app","product":{"freshdesk":{"location":{"cti_global_sidebar":{"url":"agent/index.html","icon":"agent/styles/images/icon.svg"}}}},"modules":{"common":{"location":{"cti_global_sidebar":{"url":"index.html","icon":"styles/images/icon.svg"}}},"support_ticket":{}},"features":["db"],"actions":false,"omni":false,"products":["freshdesk"],"platform":"3.0","isInstall":false,"oauth_configs_list":[],"subscribed_modules":null,"endpoint_urls":null,"product_types":{},"currentHost":{"subscribed_modules":null,"endpoint_urls":null,"org_domain":null,"product_types":{}},"isAuthorized":true,"v2":[]}
2026-05-20 23:13:20.267 +0700 [debug] (oauth.js) Fetching oauth configs of product : modules
2026-05-20 23:13:20.267 +0700 [debug] (iframe.js) Checking is authorized for all oauths 
2026-05-20 23:13:20.268 +0700 [debug] (data.js) Read {"freshd_101_101_migrate_oauth_status":true,"report_hash":"f4b35cce06750374f635529f9c8f593db51023a88609f53f1f0abbea63dc459a"}
2026-05-20 23:13:20.268 +0700 [debug] (data.js) Read {"freshd_101_101_migrate_oauth_status":true,"report_hash":"f4b35cce06750374f635529f9c8f593db51023a88609f53f1f0abbea63dc459a"}
2026-05-20 23:13:20.268 +0700 [debug] (iframe.js) Responding to product with {"configs":{},"displayName":"freshdesk-app","product":{"freshdesk":{"location":{"cti_global_sidebar":{"url":"agent/index.html","icon":"agent/styles/images/icon.svg"}}}},"modules":{"common":{"location":{"cti_global_sidebar":{"url":"index.html","icon":"styles/images/icon.svg"}}},"support_ticket":{}},"features":["db"],"actions":false,"omni":false,"products":["freshdesk"],"platform":"3.0","isInstall":false,"oauth_configs_list":[],"subscribed_modules":null,"endpoint_urls":null,"product_types":{},"currentHost":{"subscribed_modules":null,"endpoint_urls":null,"org_domain":null,"product_types":{}},"isAuthorized":true,"v2":[]}
2026-05-20 23:13:20.536 +0700 [debug] (oauth.js) Fetching oauth configs of product : modules
2026-05-20 23:13:20.536 +0700 [debug] (iframe.js) Checking is authorized for all oauths 
2026-05-20 23:13:20.537 +0700 [debug] (data.js) Read {"freshd_101_101_migrate_oauth_status":true,"report_hash":"f4b35cce06750374f635529f9c8f593db51023a88609f53f1f0abbea63dc459a"}
2026-05-20 23:13:20.538 +0700 [debug] (data.js) Read {"freshd_101_101_migrate_oauth_status":true,"report_hash":"f4b35cce06750374f635529f9c8f593db51023a88609f53f1f0abbea63dc459a"}
2026-05-20 23:13:20.539 +0700 [debug] (iframe.js) Responding to product with {"configs":{},"displayName":"freshdesk-app","product":{"freshdesk":{"location":{"cti_global_sidebar":{"url":"agent/index.html","icon":"agent/styles/images/icon.svg"}}}},"modules":{"common":{"location":{"cti_global_sidebar":{"url":"index.html","icon":"styles/images/icon.svg"}}},"support_ticket":{}},"features":["db"],"actions":false,"omni":false,"products":["freshdesk"],"platform":"3.0","isInstall":false,"oauth_configs_list":[],"subscribed_modules":null,"endpoint_urls":null,"product_types":{},"currentHost":{"subscribed_modules":null,"endpoint_urls":null,"org_domain":null,"product_types":{}},"isAuthorized":true,"v2":[]}
2026-05-20 23:13:20.877 +0700 [debug] (oauth.js) Fetching oauth configs of product : modules
2026-05-20 23:13:20.878 +0700 [debug] (iframe.js) Checking is authorized for all oauths 
2026-05-20 23:13:20.878 +0700 [debug] (data.js) Read {"freshd_101_101_migrate_oauth_status":true,"report_hash":"f4b35cce06750374f635529f9c8f593db51023a88609f53f1f0abbea63dc459a"}
2026-05-20 23:13:20.879 +0700 [debug] (data.js) Read {"freshd_101_101_migrate_oauth_status":true,"report_hash":"f4b35cce06750374f635529f9c8f593db51023a88609f53f1f0abbea63dc459a"}
2026-05-20 23:13:20.879 +0700 [debug] (iframe.js) Responding to product with {"configs":{},"displayName":"freshdesk-app","product":{"freshdesk":{"location":{"cti_global_sidebar":{"url":"agent/index.html","icon":"agent/styles/images/icon.svg"}}}},"modules":{"common":{"location":{"cti_global_sidebar":{"url":"index.html","icon":"styles/images/icon.svg"}}},"support_ticket":{}},"features":["db"],"actions":false,"omni":false,"products":["freshdesk"],"platform":"3.0","isInstall":false,"oauth_configs_list":[],"subscribed_modules":null,"endpoint_urls":null,"product_types":{},"currentHost":{"subscribed_modules":null,"endpoint_urls":null,"org_domain":null,"product_types":{}},"isAuthorized":true,"v2":[]}
2026-05-20 23:13:21.871 +0700 [debug] (coverage.js) Writing coverage.
2026-05-20 23:13:32.748 +0700 [debug] (oauth.js) Fetching oauth configs of product : modules
2026-05-20 23:13:32.748 +0700 [debug] (iframe.js) Checking is authorized for all oauths 
2026-05-20 23:13:32.749 +0700 [debug] (data.js) Read {"freshd_101_101_migrate_oauth_status":true,"report_hash":"f4b35cce06750374f635529f9c8f593db51023a88609f53f1f0abbea63dc459a"}
2026-05-20 23:13:32.750 +0700 [debug] (data.js) Read {"freshd_101_101_migrate_oauth_status":true,"report_hash":"f4b35cce06750374f635529f9c8f593db51023a88609f53f1f0abbea63dc459a"}
2026-05-20 23:13:32.750 +0700 [debug] (iframe.js) Responding to product with {"configs":{},"displayName":"freshdesk-app","product":{"freshdesk":{"location":{"cti_global_sidebar":{"url":"agent/index.html","icon":"agent/styles/images/icon.svg"}}}},"modules":{"common":{"location":{"cti_global_sidebar":{"url":"index.html","icon":"styles/images/icon.svg"}}},"support_ticket":{}},"features":["db"],"actions":false,"omni":false,"products":["freshdesk"],"platform":"3.0","isInstall":false,"oauth_configs_list":[],"subscribed_modules":null,"endpoint_urls":null,"product_types":{},"currentHost":{"subscribed_modules":null,"endpoint_urls":null,"org_domain":null,"product_types":{}},"isAuthorized":true,"v2":[]}
2026-05-20 23:13:33.438 +0700 [debug] (oauth.js) Fetching oauth configs of product : modules
2026-05-20 23:13:33.439 +0700 [debug] (iframe.js) Checking is authorized for all oauths 
2026-05-20 23:13:33.439 +0700 [debug] (data.js) Read {"freshd_101_101_migrate_oauth_status":true,"report_hash":"f4b35cce06750374f635529f9c8f593db51023a88609f53f1f0abbea63dc459a"}
2026-05-20 23:13:33.440 +0700 [debug] (data.js) Read {"freshd_101_101_migrate_oauth_status":true,"report_hash":"f4b35cce06750374f635529f9c8f593db51023a88609f53f1f0abbea63dc459a"}
2026-05-20 23:13:33.440 +0700 [debug] (iframe.js) Responding to product with {"configs":{},"displayName":"freshdesk-app","product":{"freshdesk":{"location":{"cti_global_sidebar":{"url":"agent/index.html","icon":"agent/styles/images/icon.svg"}}}},"modules":{"common":{"location":{"cti_global_sidebar":{"url":"index.html","icon":"styles/images/icon.svg"}}},"support_ticket":{}},"features":["db"],"actions":false,"omni":false,"products":["freshdesk"],"platform":"3.0","isInstall":false,"oauth_configs_list":[],"subscribed_modules":null,"endpoint_urls":null,"product_types":{},"currentHost":{"subscribed_modules":null,"endpoint_urls":null,"org_domain":null,"product_types":{}},"isAuthorized":true,"v2":[]}
2026-05-20 23:13:33.818 +0700 [debug] (oauth.js) Fetching oauth configs of product : modules
2026-05-20 23:13:33.818 +0700 [debug] (iframe.js) Checking is authorized for all oauths 
2026-05-20 23:13:33.819 +0700 [debug] (data.js) Read {"freshd_101_101_migrate_oauth_status":true,"report_hash":"f4b35cce06750374f635529f9c8f593db51023a88609f53f1f0abbea63dc459a"}
2026-05-20 23:13:33.819 +0700 [debug] (data.js) Read {"freshd_101_101_migrate_oauth_status":true,"report_hash":"f4b35cce06750374f635529f9c8f593db51023a88609f53f1f0abbea63dc459a"}
2026-05-20 23:13:33.820 +0700 [debug] (iframe.js) Responding to product with {"configs":{},"displayName":"freshdesk-app","product":{"freshdesk":{"location":{"cti_global_sidebar":{"url":"agent/index.html","icon":"agent/styles/images/icon.svg"}}}},"modules":{"common":{"location":{"cti_global_sidebar":{"url":"index.html","icon":"styles/images/icon.svg"}}},"support_ticket":{}},"features":["db"],"actions":false,"omni":false,"products":["freshdesk"],"platform":"3.0","isInstall":false,"oauth_configs_list":[],"subscribed_modules":null,"endpoint_urls":null,"product_types":{},"currentHost":{"subscribed_modules":null,"endpoint_urls":null,"org_domain":null,"product_types":{}},"isAuthorized":true,"v2":[]}
2026-05-20 23:13:33.835 +0700 [debug] (http.js) Failed to parse URL: , error: Invalid URL
2026-05-20 23:13:33.842 +0700 [debug] (http.js) Failed to parse URL: , error: Invalid URL
2026-05-20 23:13:33.842 +0700 [debug] (iframe.js) Responding with contents of /index.html
2026-05-20 23:13:33.849 +0700 [debug] (iframe.js) Responding with contents of /scripts/app.js
2026-05-20 23:13:33.850 +0700 [debug] (coverage.js) Instrumenting /Users/kevin/freshdesk-app/app/scripts/app.js
2026-05-20 23:13:34.104 +0700 [debug] (oauth.js) Fetching oauth configs of product : modules
2026-05-20 23:13:34.105 +0700 [debug] (iframe.js) Checking is authorized for all oauths 
2026-05-20 23:13:34.106 +0700 [debug] (data.js) Read {"freshd_101_101_migrate_oauth_status":true,"report_hash":"f4b35cce06750374f635529f9c8f593db51023a88609f53f1f0abbea63dc459a"}
2026-05-20 23:13:34.107 +0700 [debug] (data.js) Read {"freshd_101_101_migrate_oauth_status":true,"report_hash":"f4b35cce06750374f635529f9c8f593db51023a88609f53f1f0abbea63dc459a"}
2026-05-20 23:13:34.107 +0700 [debug] (iframe.js) Responding to product with {"configs":{},"displayName":"freshdesk-app","product":{"freshdesk":{"location":{"cti_global_sidebar":{"url":"agent/index.html","icon":"agent/styles/images/icon.svg"}}}},"modules":{"common":{"location":{"cti_global_sidebar":{"url":"index.html","icon":"styles/images/icon.svg"}}},"support_ticket":{}},"features":["db"],"actions":false,"omni":false,"products":["freshdesk"],"platform":"3.0","isInstall":false,"oauth_configs_list":[],"subscribed_modules":null,"endpoint_urls":null,"product_types":{},"currentHost":{"subscribed_modules":null,"endpoint_urls":null,"org_domain":null,"product_types":{}},"isAuthorized":true,"v2":[]}
2026-05-20 23:13:34.405 +0700 [debug] (oauth.js) Fetching oauth configs of product : modules
2026-05-20 23:13:34.405 +0700 [debug] (iframe.js) Checking is authorized for all oauths 
2026-05-20 23:13:34.406 +0700 [debug] (data.js) Read {"freshd_101_101_migrate_oauth_status":true,"report_hash":"f4b35cce06750374f635529f9c8f593db51023a88609f53f1f0abbea63dc459a"}
2026-05-20 23:13:34.406 +0700 [debug] (data.js) Read {"freshd_101_101_migrate_oauth_status":true,"report_hash":"f4b35cce06750374f635529f9c8f593db51023a88609f53f1f0abbea63dc459a"}
2026-05-20 23:13:34.406 +0700 [debug] (iframe.js) Responding to product with {"configs":{},"displayName":"freshdesk-app","product":{"freshdesk":{"location":{"cti_global_sidebar":{"url":"agent/index.html","icon":"agent/styles/images/icon.svg"}}}},"modules":{"common":{"location":{"cti_global_sidebar":{"url":"index.html","icon":"styles/images/icon.svg"}}},"support_ticket":{}},"features":["db"],"actions":false,"omni":false,"products":["freshdesk"],"platform":"3.0","isInstall":false,"oauth_configs_list":[],"subscribed_modules":null,"endpoint_urls":null,"product_types":{},"currentHost":{"subscribed_modules":null,"endpoint_urls":null,"org_domain":null,"product_types":{}},"isAuthorized":true,"v2":[]}
2026-05-20 23:13:34.689 +0700 [debug] (oauth.js) Fetching oauth configs of product : modules
2026-05-20 23:13:34.690 +0700 [debug] (iframe.js) Checking is authorized for all oauths 
2026-05-20 23:13:34.690 +0700 [debug] (data.js) Read {"freshd_101_101_migrate_oauth_status":true,"report_hash":"f4b35cce06750374f635529f9c8f593db51023a88609f53f1f0abbea63dc459a"}
2026-05-20 23:13:34.691 +0700 [debug] (data.js) Read {"freshd_101_101_migrate_oauth_status":true,"report_hash":"f4b35cce06750374f635529f9c8f593db51023a88609f53f1f0abbea63dc459a"}
2026-05-20 23:13:34.691 +0700 [debug] (iframe.js) Responding to product with {"configs":{},"displayName":"freshdesk-app","product":{"freshdesk":{"location":{"cti_global_sidebar":{"url":"agent/index.html","icon":"agent/styles/images/icon.svg"}}}},"modules":{"common":{"location":{"cti_global_sidebar":{"url":"index.html","icon":"styles/images/icon.svg"}}},"support_ticket":{}},"features":["db"],"actions":false,"omni":false,"products":["freshdesk"],"platform":"3.0","isInstall":false,"oauth_configs_list":[],"subscribed_modules":null,"endpoint_urls":null,"product_types":{},"currentHost":{"subscribed_modules":null,"endpoint_urls":null,"org_domain":null,"product_types":{}},"isAuthorized":true,"v2":[]}
2026-05-20 23:13:35.055 +0700 [debug] (oauth.js) Fetching oauth configs of product : modules
2026-05-20 23:13:35.055 +0700 [debug] (iframe.js) Checking is authorized for all oauths 
2026-05-20 23:13:35.056 +0700 [debug] (data.js) Read {"freshd_101_101_migrate_oauth_status":true,"report_hash":"f4b35cce06750374f635529f9c8f593db51023a88609f53f1f0abbea63dc459a"}
2026-05-20 23:13:35.057 +0700 [debug] (data.js) Read {"freshd_101_101_migrate_oauth_status":true,"report_hash":"f4b35cce06750374f635529f9c8f593db51023a88609f53f1f0abbea63dc459a"}
2026-05-20 23:13:35.058 +0700 [debug] (iframe.js) Responding to product with {"configs":{},"displayName":"freshdesk-app","product":{"freshdesk":{"location":{"cti_global_sidebar":{"url":"agent/index.html","icon":"agent/styles/images/icon.svg"}}}},"modules":{"common":{"location":{"cti_global_sidebar":{"url":"index.html","icon":"styles/images/icon.svg"}}},"support_ticket":{}},"features":["db"],"actions":false,"omni":false,"products":["freshdesk"],"platform":"3.0","isInstall":false,"oauth_configs_list":[],"subscribed_modules":null,"endpoint_urls":null,"product_types":{},"currentHost":{"subscribed_modules":null,"endpoint_urls":null,"org_domain":null,"product_types":{}},"isAuthorized":true,"v2":[]}
2026-05-20 23:13:35.322 +0700 [debug] (oauth.js) Fetching oauth configs of product : modules
2026-05-20 23:13:35.323 +0700 [debug] (iframe.js) Checking is authorized for all oauths 
2026-05-20 23:13:35.323 +0700 [debug] (data.js) Read {"freshd_101_101_migrate_oauth_status":true,"report_hash":"f4b35cce06750374f635529f9c8f593db51023a88609f53f1f0abbea63dc459a"}
2026-05-20 23:13:35.324 +0700 [debug] (data.js) Read {"freshd_101_101_migrate_oauth_status":true,"report_hash":"f4b35cce06750374f635529f9c8f593db51023a88609f53f1f0abbea63dc459a"}
2026-05-20 23:13:35.324 +0700 [debug] (iframe.js) Responding to product with {"configs":{},"displayName":"freshdesk-app","product":{"freshdesk":{"location":{"cti_global_sidebar":{"url":"agent/index.html","icon":"agent/styles/images/icon.svg"}}}},"modules":{"common":{"location":{"cti_global_sidebar":{"url":"index.html","icon":"styles/images/icon.svg"}}},"support_ticket":{}},"features":["db"],"actions":false,"omni":false,"products":["freshdesk"],"platform":"3.0","isInstall":false,"oauth_configs_list":[],"subscribed_modules":null,"endpoint_urls":null,"product_types":{},"currentHost":{"subscribed_modules":null,"endpoint_urls":null,"org_domain":null,"product_types":{}},"isAuthorized":true,"v2":[]}
2026-05-20 23:13:36.870 +0700 [debug] (coverage.js) Writing coverage.
2026-05-20 23:32:33.905 +0700 [debug] (watcher.js) Broadcasted "{"file":"app/scripts/app.js"}" to all listeners.
2026-05-20 23:32:50.766 +0700 [debug] (watcher.js) Broadcasted "{"file":"app/scripts/app.js"}" to all listeners.
2026-05-20 23:46:39.676 +0700 [info] 
NOTE: We recommend a coverage of 80% for apps that are to be published in the public marketplace.
2026-05-20 23:46:45.398 +0700 [debug] (configs.js) loaded default configs as "{"updates":{"manifest_url":"https://cdn.freshdev.io/assets/fdk/updates.json","changelog_url":"https://cdn.freshdev.io/assets/fdk/change-log.json","period":24},"log":{"level":"info"},"javascript":{"ecma_version":2020},"request":{"timeout":15000,"maxFilesPerRequest":5},"global_apps":{"enabled":true},"easel":{"enabled":false},"job":{"timeout":120000}}"
2026-05-20 23:46:45.404 +0700 [debug] (configs.js) loaded global configs as "{"global_apps":{"enabled":"true"},"request":{"timeout":15000},"job":{"timeout":120000}}"
2026-05-20 23:46:45.404 +0700 [debug] (configs.js) loaded local configs as "{"request":{"timeout":15000},"job":{"timeout":120000},"global_apps":{"enabled":"true"}}"
2026-05-20 23:46:45.404 +0700 [debug] (configs.js) loaded env configs as "{"updates":{},"log":{},"javascript":{},"request":{"timeout":15000,"maxFilesPerRequest":5},"job":{"timeout":120000}}"
2026-05-20 23:46:45.404 +0700 [debug] (configs.js) loaded resolved configs as "{"updates":{"manifest_url":"https://cdn.freshdev.io/assets/fdk/updates.json","changelog_url":"https://cdn.freshdev.io/assets/fdk/change-log.json","period":24},"log":{"level":"info"},"javascript":{"ecma_version":2020},"request":{"timeout":15000,"maxFilesPerRequest":5},"global_apps":{"enabled":"true"},"easel":{"enabled":false},"job":{"timeout":120000}}"
2026-05-20 23:46:45.404 +0700 [debug] (logger.js) Starting FDK in node v24.11.1 on darwin
2026-05-20 23:46:45.404 +0700 [debug] (sequelize.js) setting up sqilite at "/Users/kevin/freshdesk-app/.fdk/store.sqlite"
2026-05-20 23:46:45.404 +0700 [debug] (data.js) Read {"version_details":{"cli":{"deprecated":{"version":"<9","message":"This FDK version has been deprecated. There will be no further feature updates to this version. For a seamless app-building experience, ensure to move to the latest FDK version. For more information, see https://developers.freshworks.com/docs/app-sdk/v2.3/freshdesk/migration-guide/#migrate-to-the-latest-platform-version."},"forced":{"version":"7.0.0","command":"npm install https://dl.freshdev.io/cli/fdk-7.0.0.tgz -g","message":"Your FDK version has been forced updated to v7.0.0, please visit https://community.developers.freshworks.com/t/fdk-v7-0-announcing-node-js-v12-and-es6-support/3606 to know more"},"latest":{"version":"10.1.2","command":"npm install https://cdn.freshdev.io/fdk/latest-v24.tgz -g","message":"You are on the latest FDK version. For information on the features available as part of this FDK version, see https://developers.freshworks.com/docs/?tab=modules."}},"addon":{"version":"2.2.7","url":"https://cdn.freshdev.io/assets/fdk/addons/addon.zip"}},"last_updated":{"time_stamp":1779285176837}}
2026-05-20 23:46:45.404 +0700 [debug] (updater.js) last check less than 24 hours ago, not looking for updates
2026-05-20 23:46:45.406 +0700 [debug] (index.js) running with opts {}
2026-05-20 23:46:45.482 +0700 [debug] (data.js) Read {"version_details":{"cli":{"deprecated":{"version":"<9","message":"This FDK version has been deprecated. There will be no further feature updates to this version. For a seamless app-building experience, ensure to move to the latest FDK version. For more information, see https://developers.freshworks.com/docs/app-sdk/v2.3/freshdesk/migration-guide/#migrate-to-the-latest-platform-version."},"forced":{"version":"7.0.0","command":"npm install https://dl.freshdev.io/cli/fdk-7.0.0.tgz -g","message":"Your FDK version has been forced updated to v7.0.0, please visit https://community.developers.freshworks.com/t/fdk-v7-0-announcing-node-js-v12-and-es6-support/3606 to know more"},"latest":{"version":"10.1.2","command":"npm install https://cdn.freshdev.io/fdk/latest-v24.tgz -g","message":"You are on the latest FDK version. For information on the features available as part of this FDK version, see https://developers.freshworks.com/docs/?tab=modules."}},"addon":{"version":"2.2.7","url":"https://cdn.freshdev.io/assets/fdk/addons/addon.zip"}},"last_updated":{"time_stamp":1779285176837}}
2026-05-20 23:46:45.484 +0700 [debug] (manifest.js) Reloading manifest with {"platform-version":"3.0","modules":{"common":{"location":{"cti_global_sidebar":{"url":"index.html","icon":"styles/images/icon.svg"}}},"support_ticket":{}},"engines":{"node":"24.11.1","fdk":"10.1.2"},"scripts":{"fdk-unit-test":"vitest run --coverage"}}.
2026-05-20 23:46:45.484 +0700 [debug] (manifest.js) Inferred db as features.
2026-05-20 23:46:45.511 +0700 [debug] (data.js) Read {"version_details":{"cli":{"deprecated":{"version":"<9","message":"This FDK version has been deprecated. There will be no further feature updates to this version. For a seamless app-building experience, ensure to move to the latest FDK version. For more information, see https://developers.freshworks.com/docs/app-sdk/v2.3/freshdesk/migration-guide/#migrate-to-the-latest-platform-version."},"forced":{"version":"7.0.0","command":"npm install https://dl.freshdev.io/cli/fdk-7.0.0.tgz -g","message":"Your FDK version has been forced updated to v7.0.0, please visit https://community.developers.freshworks.com/t/fdk-v7-0-announcing-node-js-v12-and-es6-support/3606 to know more"},"latest":{"version":"10.1.2","command":"npm install https://cdn.freshdev.io/fdk/latest-v24.tgz -g","message":"You are on the latest FDK version. For information on the features available as part of this FDK version, see https://developers.freshworks.com/docs/?tab=modules."}},"addon":{"version":"2.2.7","url":"https://cdn.freshdev.io/assets/fdk/addons/addon.zip"}},"last_updated":{"time_stamp":1779285176837}}
2026-05-20 23:46:45.668 +0700 [debug] (coverage.js) INIT: About to merge initial coverage data with 1 files
2026-05-20 23:46:45.668 +0700 [debug] (coverage.js) INIT: After merge - Files in map: 1
2026-05-20 23:46:45.709 +0700 [debug] (index.js) Initializing AJV schemas from individual files
2026-05-20 23:46:45.709 +0700 [debug] (index.js) Compiling schemas...
2026-05-20 23:46:45.716 +0700 [debug] (index.js) All schemas compiled successfully
2026-05-20 23:46:45.749 +0700 [debug] (index.js) loading model at "/Users/kevin/.nvm/versions/node/v24.11.1/lib/node_modules/@freshworks/fdk/lib/models/bigint-pivot.js"
2026-05-20 23:46:45.750 +0700 [debug] (index.js) loading model at "/Users/kevin/.nvm/versions/node/v24.11.1/lib/node_modules/@freshworks/fdk/lib/models/entity-field-choice.js"
2026-05-20 23:46:45.751 +0700 [debug] (index.js) loading model at "/Users/kevin/.nvm/versions/node/v24.11.1/lib/node_modules/@freshworks/fdk/lib/models/entity-field.js"
2026-05-20 23:46:45.751 +0700 [debug] (index.js) loading model at "/Users/kevin/.nvm/versions/node/v24.11.1/lib/node_modules/@freshworks/fdk/lib/models/entity.js"
2026-05-20 23:46:45.752 +0700 [debug] (index.js) loading model at "/Users/kevin/.nvm/versions/node/v24.11.1/lib/node_modules/@freshworks/fdk/lib/models/files.js"
2026-05-20 23:46:45.752 +0700 [debug] (index.js) loading model at "/Users/kevin/.nvm/versions/node/v24.11.1/lib/node_modules/@freshworks/fdk/lib/models/oauth-details.js"
2026-05-20 23:46:45.752 +0700 [debug] (index.js) loading model at "/Users/kevin/.nvm/versions/node/v24.11.1/lib/node_modules/@freshworks/fdk/lib/models/record.js"
2026-05-20 23:46:45.755 +0700 [debug] (index.js) loading model at "/Users/kevin/.nvm/versions/node/v24.11.1/lib/node_modules/@freshworks/fdk/lib/models/string-pivot.js"
2026-05-20 23:46:45.807 +0700 [debug] (index.js) 'schema: ' [object Object]
2026-05-20 23:46:45.821 +0700 [debug] (index.js) 'schema: ' [object Object]
2026-05-20 23:46:45.822 +0700 [debug] (index.js) 'schema: ' [object Object]
2026-05-20 23:46:45.822 +0700 [debug] (index.js) 'schema: ' [object Object]
2026-05-20 23:46:45.823 +0700 [debug] (index.js) 'schema: ' [object Object]
2026-05-20 23:46:45.824 +0700 [debug] (index.js) 'schema: ' [object Object]
2026-05-20 23:46:45.824 +0700 [debug] (index.js) 'schema: ' [object Object]
2026-05-20 23:46:45.827 +0700 [debug] (index.js) 'schema: ' [object Object]
2026-05-20 23:46:45.827 +0700 [debug] (index.js) 'schema: ' [object Object]
2026-05-20 23:46:45.828 +0700 [debug] (index.js) 'schema: ' [object Object]
2026-05-20 23:46:45.830 +0700 [debug] (index.js) 'schema: ' [object Object]
2026-05-20 23:46:45.831 +0700 [debug] (index.js) 'schema: ' [object Object]
2026-05-20 23:46:45.833 +0700 [debug] (index.js) 'schema: ' [object Object]
2026-05-20 23:46:45.833 +0700 [debug] (index.js) 'schema: ' [object Object]
2026-05-20 23:46:45.833 +0700 [debug] (index.js) 'schema: ' [object Object]
2026-05-20 23:46:45.834 +0700 [debug] (index.js) 'schema: ' [object Object]
2026-05-20 23:46:45.835 +0700 [debug] (index.js) 'schema: ' [object Object]
2026-05-20 23:46:45.841 +0700 [debug] (index.js) 'schema: ' [object Object]
2026-05-20 23:46:46.014 +0700 [debug] (data.js) Read {"version_details":{"cli":{"deprecated":{"version":"<9","message":"This FDK version has been deprecated. There will be no further feature updates to this version. For a seamless app-building experience, ensure to move to the latest FDK version. For more information, see https://developers.freshworks.com/docs/app-sdk/v2.3/freshdesk/migration-guide/#migrate-to-the-latest-platform-version."},"forced":{"version":"7.0.0","command":"npm install https://dl.freshdev.io/cli/fdk-7.0.0.tgz -g","message":"Your FDK version has been forced updated to v7.0.0, please visit https://community.developers.freshworks.com/t/fdk-v7-0-announcing-node-js-v12-and-es6-support/3606 to know more"},"latest":{"version":"10.1.2","command":"npm install https://cdn.freshdev.io/fdk/latest-v24.tgz -g","message":"You are on the latest FDK version. For information on the features available as part of this FDK version, see https://developers.freshworks.com/docs/?tab=modules."}},"addon":{"version":"2.2.7","url":"https://cdn.freshdev.io/assets/fdk/addons/addon.zip"}},"last_updated":{"time_stamp":1779285176837}}
2026-05-20 23:46:46.774 +0700 [debug] (validate.js) asked to skip the following validations, 
2026-05-20 23:46:46.774 +0700 [debug] (validate.js) running validator actions
2026-05-20 23:46:46.774 +0700 [debug] (validate.js) running validator requests
2026-05-20 23:46:46.774 +0700 [debug] (validate.js) running validator app-dir
2026-05-20 23:46:46.775 +0700 [debug] (validate.js) running validator config-dir
2026-05-20 23:46:46.775 +0700 [debug] (config-dir.js) Checking to see if /Users/kevin/freshdesk-app/config/ exists.
2026-05-20 23:46:46.775 +0700 [debug] (config-dir.js) Fetched the following config files iparams.json
2026-05-20 23:46:46.775 +0700 [debug] (validate.js) running validator custom-objects
2026-05-20 23:46:46.775 +0700 [debug] (validate.js) running validator event
2026-05-20 23:46:46.775 +0700 [debug] (validate.js) running validator iparam
2026-05-20 23:46:46.776 +0700 [debug] (validate.js) running validator lint
2026-05-20 23:46:46.776 +0700 [debug] (lint.js) passed fix flag: undefined
2026-05-20 23:46:46.777 +0700 [debug] (lint.js) Running the following lints on the file app/scripts/app.js : no-eval,no-alert,no-debugger,no-unreachable,no-duplicate-imports,constructor-super,for-direction,no-class-assign,no-new-native-nonconstructor,valid-typeof,no-eq-null,no-var,require-await,no-unreachable-loop,no-redeclare,no-self-assign,no-setter-return,no-shadow-restricted-names,no-this-before-super,no-unsafe-finally,no-unsafe-optional-chaining,no-unused-vars,no-useless-catch,eqeqeq,prefer-const,require-yield,no-global-assign,no-caller,no-process-env,complexity,max-nested-callbacks,handle-callback-err,getter-return,no-async-promise-executor,no-case-declarations,no-compare-neg-zero,no-cond-assign,no-const-assign,no-constant-condition,no-control-regex,no-delete-var,no-dupe-args,no-dupe-class-members,no-dupe-else-if,no-dupe-keys,no-duplicate-case,no-empty,no-empty-character-class,no-empty-pattern,no-ex-assign,no-extra-boolean-cast,no-extra-semi,no-fallthrough,no-func-assign,no-import-assign,no-inner-declarations,no-invalid-regexp,no-irregular-whitespace,no-loss-of-precision,no-misleading-character-class,no-mixed-spaces-and-tabs,no-nonoctal-decimal-escape,no-obj-calls,no-octal,no-prototype-builtins,no-regex-spaces,no-sparse-arrays,no-unexpected-multiline,no-unsafe-negation,no-unused-labels,no-useless-backreference,no-useless-escape,no-with,use-isnan,no-unpkg-cdn,no-proxy-requests,no-unhandled-promise,no-logging-rejections,no-non-client-request-model,no-deprecated-apis,no-cross-scope-assign,no-empty-function
2026-05-20 23:46:46.874 +0700 [debug] (validate.js) running validator manifest
2026-05-20 23:46:46.874 +0700 [debug] (validate.js) skipping validator manifest-dependency
2026-05-20 23:46:46.874 +0700 [debug] (validate.js) running validator manifest-scripts
2026-05-20 23:46:46.874 +0700 [debug] (validate.js) running validator oauth
2026-05-20 23:46:46.874 +0700 [debug] (validate.js) skipping validator pkgsize
2026-05-20 23:46:46.874 +0700 [debug] (validate.js) running validator schema
2026-05-20 23:46:46.874 +0700 [debug] (validate.js) running validator version-check
2026-05-20 23:46:46.874 +0700 [debug] (validate.js) running validator app-settings
2026-05-20 23:46:46.877 +0700 [warn] Please ensure that the following are addressed for quick review process:
2026-05-20 23:46:46.877 +0700 [warn] [33m⚠[39m app/scripts/app.js::226: Use client.request when making API requests
2026-05-20 23:46:46.877 +0700 [warn] 
2026-05-20 23:46:46.878 +0700 [debug] (watcher.js) Preparing to watch the following files ./app,./config,./manifest.json
2026-05-20 23:46:46.945 +0700 [debug] (data.js) Read {"freshd_101_101_migrate_oauth_status":true,"report_hash":"27cf9a4a6497bb535e80c318f821d8387dec6c81304f8c33aaa941bb8d5153f0"}
2026-05-20 23:46:46.946 +0700 [debug] (custom-objects.js) to force or not? undefined
2026-05-20 23:46:46.946 +0700 [debug] (custom-objects.js) beginning to re-sync db
2026-05-20 23:46:46.990 +0700 [debug] (data.js) Read {"freshd_101_101_migrate_oauth_status":true,"report_hash":"27cf9a4a6497bb535e80c318f821d8387dec6c81304f8c33aaa941bb8d5153f0"}
2026-05-20 23:46:46.990 +0700 [debug] (custom-objects.js) updated local store with latest entity hash
2026-05-20 23:46:46.990 +0700 [debug] (run.js) migrate stored oauth configs from localstore to sqlite
2026-05-20 23:46:46.991 +0700 [debug] (data.js) Read {"freshd_101_101_migrate_oauth_status":true,"report_hash":"27cf9a4a6497bb535e80c318f821d8387dec6c81304f8c33aaa941bb8d5153f0"}
2026-05-20 23:46:46.991 +0700 [debug] (data.js) Read {"freshd_101_101_migrate_oauth_status":true,"report_hash":"27cf9a4a6497bb535e80c318f821d8387dec6c81304f8c33aaa941bb8d5153f0"}
2026-05-20 23:46:46.991 +0700 [debug] (oauth.js) migration completed, returning
2026-05-20 23:46:46.991 +0700 [info] Starting local testing server at http://*:10001/    
Append 'dev=true' to your current host URL to start testing    
     
e.g:     
2026-05-20 23:46:46.991 +0700 [info]   https://domain.freshdesk.com/a/tickets/1?dev=true
2026-05-20 23:46:46.991 +0700 [info] 
Quit the server with Control-C.
2026-05-20 23:47:38.983 +0700 [debug] (oauth.js) Fetching oauth configs of product : modules
2026-05-20 23:47:38.985 +0700 [debug] (iframe.js) Checking is authorized for all oauths 
2026-05-20 23:47:38.986 +0700 [debug] (data.js) Read {"freshd_101_101_migrate_oauth_status":true,"report_hash":"27cf9a4a6497bb535e80c318f821d8387dec6c81304f8c33aaa941bb8d5153f0"}
2026-05-20 23:47:38.989 +0700 [debug] (data.js) Read {"freshd_101_101_migrate_oauth_status":true,"report_hash":"27cf9a4a6497bb535e80c318f821d8387dec6c81304f8c33aaa941bb8d5153f0"}
2026-05-20 23:47:38.989 +0700 [debug] (iframe.js) Responding to product with {"configs":{},"displayName":"freshdesk-app","product":{"freshdesk":{"location":{"cti_global_sidebar":{"url":"agent/index.html","icon":"agent/styles/images/icon.svg"}}}},"modules":{"common":{"location":{"cti_global_sidebar":{"url":"index.html","icon":"styles/images/icon.svg"}}},"support_ticket":{}},"features":["db"],"actions":false,"omni":false,"products":["freshdesk"],"platform":"3.0","isInstall":false,"oauth_configs_list":[],"subscribed_modules":null,"endpoint_urls":null,"product_types":{},"currentHost":{"subscribed_modules":null,"endpoint_urls":null,"org_domain":null,"product_types":{}},"isAuthorized":true,"v2":[]}
2026-05-20 23:47:39.814 +0700 [debug] (oauth.js) Fetching oauth configs of product : modules
2026-05-20 23:47:39.815 +0700 [debug] (iframe.js) Checking is authorized for all oauths 
2026-05-20 23:47:39.815 +0700 [debug] (data.js) Read {"freshd_101_101_migrate_oauth_status":true,"report_hash":"27cf9a4a6497bb535e80c318f821d8387dec6c81304f8c33aaa941bb8d5153f0"}
2026-05-20 23:47:39.817 +0700 [debug] (data.js) Read {"freshd_101_101_migrate_oauth_status":true,"report_hash":"27cf9a4a6497bb535e80c318f821d8387dec6c81304f8c33aaa941bb8d5153f0"}
2026-05-20 23:47:39.817 +0700 [debug] (iframe.js) Responding to product with {"configs":{},"displayName":"freshdesk-app","product":{"freshdesk":{"location":{"cti_global_sidebar":{"url":"agent/index.html","icon":"agent/styles/images/icon.svg"}}}},"modules":{"common":{"location":{"cti_global_sidebar":{"url":"index.html","icon":"styles/images/icon.svg"}}},"support_ticket":{}},"features":["db"],"actions":false,"omni":false,"products":["freshdesk"],"platform":"3.0","isInstall":false,"oauth_configs_list":[],"subscribed_modules":null,"endpoint_urls":null,"product_types":{},"currentHost":{"subscribed_modules":null,"endpoint_urls":null,"org_domain":null,"product_types":{}},"isAuthorized":true,"v2":[]}
2026-05-20 23:47:40.088 +0700 [debug] (oauth.js) Fetching oauth configs of product : modules
2026-05-20 23:47:40.089 +0700 [debug] (iframe.js) Checking is authorized for all oauths 
2026-05-20 23:47:40.090 +0700 [debug] (data.js) Read {"freshd_101_101_migrate_oauth_status":true,"report_hash":"27cf9a4a6497bb535e80c318f821d8387dec6c81304f8c33aaa941bb8d5153f0"}
2026-05-20 23:47:40.091 +0700 [debug] (data.js) Read {"freshd_101_101_migrate_oauth_status":true,"report_hash":"27cf9a4a6497bb535e80c318f821d8387dec6c81304f8c33aaa941bb8d5153f0"}
2026-05-20 23:47:40.092 +0700 [debug] (iframe.js) Responding to product with {"configs":{},"displayName":"freshdesk-app","product":{"freshdesk":{"location":{"cti_global_sidebar":{"url":"agent/index.html","icon":"agent/styles/images/icon.svg"}}}},"modules":{"common":{"location":{"cti_global_sidebar":{"url":"index.html","icon":"styles/images/icon.svg"}}},"support_ticket":{}},"features":["db"],"actions":false,"omni":false,"products":["freshdesk"],"platform":"3.0","isInstall":false,"oauth_configs_list":[],"subscribed_modules":null,"endpoint_urls":null,"product_types":{},"currentHost":{"subscribed_modules":null,"endpoint_urls":null,"org_domain":null,"product_types":{}},"isAuthorized":true,"v2":[]}
2026-05-20 23:47:40.118 +0700 [debug] (http.js) Failed to parse URL: , error: Invalid URL
2026-05-20 23:47:40.119 +0700 [debug] (iframe.js) Responding with contents of /index.html
2026-05-20 23:47:40.177 +0700 [debug] (iframe.js) Responding with contents of /scripts/app.js
2026-05-20 23:47:40.178 +0700 [debug] (coverage.js) Instrumenting /Users/kevin/freshdesk-app/app/scripts/app.js
2026-05-20 23:47:40.375 +0700 [debug] (oauth.js) Fetching oauth configs of product : modules
2026-05-20 23:47:40.375 +0700 [debug] (iframe.js) Checking is authorized for all oauths 
2026-05-20 23:47:40.375 +0700 [debug] (data.js) Read {"freshd_101_101_migrate_oauth_status":true,"report_hash":"27cf9a4a6497bb535e80c318f821d8387dec6c81304f8c33aaa941bb8d5153f0"}
2026-05-20 23:47:40.376 +0700 [debug] (data.js) Read {"freshd_101_101_migrate_oauth_status":true,"report_hash":"27cf9a4a6497bb535e80c318f821d8387dec6c81304f8c33aaa941bb8d5153f0"}
2026-05-20 23:47:40.376 +0700 [debug] (iframe.js) Responding to product with {"configs":{},"displayName":"freshdesk-app","product":{"freshdesk":{"location":{"cti_global_sidebar":{"url":"agent/index.html","icon":"agent/styles/images/icon.svg"}}}},"modules":{"common":{"location":{"cti_global_sidebar":{"url":"index.html","icon":"styles/images/icon.svg"}}},"support_ticket":{}},"features":["db"],"actions":false,"omni":false,"products":["freshdesk"],"platform":"3.0","isInstall":false,"oauth_configs_list":[],"subscribed_modules":null,"endpoint_urls":null,"product_types":{},"currentHost":{"subscribed_modules":null,"endpoint_urls":null,"org_domain":null,"product_types":{}},"isAuthorized":true,"v2":[]}
2026-05-20 23:47:40.651 +0700 [debug] (oauth.js) Fetching oauth configs of product : modules
2026-05-20 23:47:40.652 +0700 [debug] (iframe.js) Checking is authorized for all oauths 
2026-05-20 23:47:40.653 +0700 [debug] (data.js) Read {"freshd_101_101_migrate_oauth_status":true,"report_hash":"27cf9a4a6497bb535e80c318f821d8387dec6c81304f8c33aaa941bb8d5153f0"}
2026-05-20 23:47:40.654 +0700 [debug] (data.js) Read {"freshd_101_101_migrate_oauth_status":true,"report_hash":"27cf9a4a6497bb535e80c318f821d8387dec6c81304f8c33aaa941bb8d5153f0"}
2026-05-20 23:47:40.654 +0700 [debug] (iframe.js) Responding to product with {"configs":{},"displayName":"freshdesk-app","product":{"freshdesk":{"location":{"cti_global_sidebar":{"url":"agent/index.html","icon":"agent/styles/images/icon.svg"}}}},"modules":{"common":{"location":{"cti_global_sidebar":{"url":"index.html","icon":"styles/images/icon.svg"}}},"support_ticket":{}},"features":["db"],"actions":false,"omni":false,"products":["freshdesk"],"platform":"3.0","isInstall":false,"oauth_configs_list":[],"subscribed_modules":null,"endpoint_urls":null,"product_types":{},"currentHost":{"subscribed_modules":null,"endpoint_urls":null,"org_domain":null,"product_types":{}},"isAuthorized":true,"v2":[]}
2026-05-20 23:47:40.956 +0700 [debug] (oauth.js) Fetching oauth configs of product : modules
2026-05-20 23:47:40.957 +0700 [debug] (iframe.js) Checking is authorized for all oauths 
2026-05-20 23:47:40.958 +0700 [debug] (data.js) Read {"freshd_101_101_migrate_oauth_status":true,"report_hash":"27cf9a4a6497bb535e80c318f821d8387dec6c81304f8c33aaa941bb8d5153f0"}
2026-05-20 23:47:40.959 +0700 [debug] (data.js) Read {"freshd_101_101_migrate_oauth_status":true,"report_hash":"27cf9a4a6497bb535e80c318f821d8387dec6c81304f8c33aaa941bb8d5153f0"}
2026-05-20 23:47:40.959 +0700 [debug] (iframe.js) Responding to product with {"configs":{},"displayName":"freshdesk-app","product":{"freshdesk":{"location":{"cti_global_sidebar":{"url":"agent/index.html","icon":"agent/styles/images/icon.svg"}}}},"modules":{"common":{"location":{"cti_global_sidebar":{"url":"index.html","icon":"styles/images/icon.svg"}}},"support_ticket":{}},"features":["db"],"actions":false,"omni":false,"products":["freshdesk"],"platform":"3.0","isInstall":false,"oauth_configs_list":[],"subscribed_modules":null,"endpoint_urls":null,"product_types":{},"currentHost":{"subscribed_modules":null,"endpoint_urls":null,"org_domain":null,"product_types":{}},"isAuthorized":true,"v2":[]}
2026-05-20 23:47:41.235 +0700 [debug] (oauth.js) Fetching oauth configs of product : modules
2026-05-20 23:47:41.235 +0700 [debug] (iframe.js) Checking is authorized for all oauths 
2026-05-20 23:47:41.236 +0700 [debug] (data.js) Read {"freshd_101_101_migrate_oauth_status":true,"report_hash":"27cf9a4a6497bb535e80c318f821d8387dec6c81304f8c33aaa941bb8d5153f0"}
2026-05-20 23:47:41.237 +0700 [debug] (data.js) Read {"freshd_101_101_migrate_oauth_status":true,"report_hash":"27cf9a4a6497bb535e80c318f821d8387dec6c81304f8c33aaa941bb8d5153f0"}
2026-05-20 23:47:41.237 +0700 [debug] (iframe.js) Responding to product with {"configs":{},"displayName":"freshdesk-app","product":{"freshdesk":{"location":{"cti_global_sidebar":{"url":"agent/index.html","icon":"agent/styles/images/icon.svg"}}}},"modules":{"common":{"location":{"cti_global_sidebar":{"url":"index.html","icon":"styles/images/icon.svg"}}},"support_ticket":{}},"features":["db"],"actions":false,"omni":false,"products":["freshdesk"],"platform":"3.0","isInstall":false,"oauth_configs_list":[],"subscribed_modules":null,"endpoint_urls":null,"product_types":{},"currentHost":{"subscribed_modules":null,"endpoint_urls":null,"org_domain":null,"product_types":{}},"isAuthorized":true,"v2":[]}
2026-05-20 23:47:41.544 +0700 [debug] (oauth.js) Fetching oauth configs of product : modules
2026-05-20 23:47:41.545 +0700 [debug] (iframe.js) Checking is authorized for all oauths 
2026-05-20 23:47:41.545 +0700 [debug] (data.js) Read {"freshd_101_101_migrate_oauth_status":true,"report_hash":"27cf9a4a6497bb535e80c318f821d8387dec6c81304f8c33aaa941bb8d5153f0"}
2026-05-20 23:47:41.546 +0700 [debug] (data.js) Read {"freshd_101_101_migrate_oauth_status":true,"report_hash":"27cf9a4a6497bb535e80c318f821d8387dec6c81304f8c33aaa941bb8d5153f0"}
2026-05-20 23:47:41.546 +0700 [debug] (iframe.js) Responding to product with {"configs":{},"displayName":"freshdesk-app","product":{"freshdesk":{"location":{"cti_global_sidebar":{"url":"agent/index.html","icon":"agent/styles/images/icon.svg"}}}},"modules":{"common":{"location":{"cti_global_sidebar":{"url":"index.html","icon":"styles/images/icon.svg"}}},"support_ticket":{}},"features":["db"],"actions":false,"omni":false,"products":["freshdesk"],"platform":"3.0","isInstall":false,"oauth_configs_list":[],"subscribed_modules":null,"endpoint_urls":null,"product_types":{},"currentHost":{"subscribed_modules":null,"endpoint_urls":null,"org_domain":null,"product_types":{}},"isAuthorized":true,"v2":[]}
2026-05-20 23:47:41.570 +0700 [debug] (http.js) Failed to parse URL: , error: Invalid URL
2026-05-20 23:47:42.886 +0700 [debug] (coverage.js) Writing coverage.
2026-05-20 23:49:40.066 +0700 [debug] (oauth.js) Fetching oauth configs of product : modules
2026-05-20 23:49:40.067 +0700 [debug] (iframe.js) Checking is authorized for all oauths 
2026-05-20 23:49:40.069 +0700 [debug] (data.js) Read {"freshd_101_101_migrate_oauth_status":true,"report_hash":"27cf9a4a6497bb535e80c318f821d8387dec6c81304f8c33aaa941bb8d5153f0"}
2026-05-20 23:49:40.071 +0700 [debug] (data.js) Read {"freshd_101_101_migrate_oauth_status":true,"report_hash":"27cf9a4a6497bb535e80c318f821d8387dec6c81304f8c33aaa941bb8d5153f0"}
2026-05-20 23:49:40.071 +0700 [debug] (iframe.js) Responding to product with {"configs":{},"displayName":"freshdesk-app","product":{"freshdesk":{"location":{"cti_global_sidebar":{"url":"agent/index.html","icon":"agent/styles/images/icon.svg"}}}},"modules":{"common":{"location":{"cti_global_sidebar":{"url":"index.html","icon":"styles/images/icon.svg"}}},"support_ticket":{}},"features":["db"],"actions":false,"omni":false,"products":["freshdesk"],"platform":"3.0","isInstall":false,"oauth_configs_list":[],"subscribed_modules":null,"endpoint_urls":null,"product_types":{},"currentHost":{"subscribed_modules":null,"endpoint_urls":null,"org_domain":null,"product_types":{}},"isAuthorized":true,"v2":[]}
2026-05-20 23:49:40.896 +0700 [debug] (oauth.js) Fetching oauth configs of product : modules
2026-05-20 23:49:40.896 +0700 [debug] (iframe.js) Checking is authorized for all oauths 
2026-05-20 23:49:40.897 +0700 [debug] (data.js) Read {"freshd_101_101_migrate_oauth_status":true,"report_hash":"27cf9a4a6497bb535e80c318f821d8387dec6c81304f8c33aaa941bb8d5153f0"}
2026-05-20 23:49:40.898 +0700 [debug] (data.js) Read {"freshd_101_101_migrate_oauth_status":true,"report_hash":"27cf9a4a6497bb535e80c318f821d8387dec6c81304f8c33aaa941bb8d5153f0"}
2026-05-20 23:49:40.898 +0700 [debug] (iframe.js) Responding to product with {"configs":{},"displayName":"freshdesk-app","product":{"freshdesk":{"location":{"cti_global_sidebar":{"url":"agent/index.html","icon":"agent/styles/images/icon.svg"}}}},"modules":{"common":{"location":{"cti_global_sidebar":{"url":"index.html","icon":"styles/images/icon.svg"}}},"support_ticket":{}},"features":["db"],"actions":false,"omni":false,"products":["freshdesk"],"platform":"3.0","isInstall":false,"oauth_configs_list":[],"subscribed_modules":null,"endpoint_urls":null,"product_types":{},"currentHost":{"subscribed_modules":null,"endpoint_urls":null,"org_domain":null,"product_types":{}},"isAuthorized":true,"v2":[]}
2026-05-20 23:49:41.170 +0700 [debug] (oauth.js) Fetching oauth configs of product : modules
2026-05-20 23:49:41.171 +0700 [debug] (iframe.js) Checking is authorized for all oauths 
2026-05-20 23:49:41.172 +0700 [debug] (data.js) Read {"freshd_101_101_migrate_oauth_status":true,"report_hash":"27cf9a4a6497bb535e80c318f821d8387dec6c81304f8c33aaa941bb8d5153f0"}
2026-05-20 23:49:41.173 +0700 [debug] (data.js) Read {"freshd_101_101_migrate_oauth_status":true,"report_hash":"27cf9a4a6497bb535e80c318f821d8387dec6c81304f8c33aaa941bb8d5153f0"}
2026-05-20 23:49:41.173 +0700 [debug] (iframe.js) Responding to product with {"configs":{},"displayName":"freshdesk-app","product":{"freshdesk":{"location":{"cti_global_sidebar":{"url":"agent/index.html","icon":"agent/styles/images/icon.svg"}}}},"modules":{"common":{"location":{"cti_global_sidebar":{"url":"index.html","icon":"styles/images/icon.svg"}}},"support_ticket":{}},"features":["db"],"actions":false,"omni":false,"products":["freshdesk"],"platform":"3.0","isInstall":false,"oauth_configs_list":[],"subscribed_modules":null,"endpoint_urls":null,"product_types":{},"currentHost":{"subscribed_modules":null,"endpoint_urls":null,"org_domain":null,"product_types":{}},"isAuthorized":true,"v2":[]}
2026-05-20 23:49:41.196 +0700 [debug] (http.js) Failed to parse URL: , error: Invalid URL
2026-05-20 23:49:41.205 +0700 [debug] (http.js) Failed to parse URL: , error: Invalid URL
2026-05-20 23:49:41.205 +0700 [debug] (iframe.js) Responding with contents of /index.html
2026-05-20 23:49:41.223 +0700 [debug] (iframe.js) Responding with contents of /scripts/app.js
2026-05-20 23:49:41.223 +0700 [debug] (coverage.js) Instrumenting /Users/kevin/freshdesk-app/app/scripts/app.js
2026-05-20 23:49:41.471 +0700 [debug] (oauth.js) Fetching oauth configs of product : modules
2026-05-20 23:49:41.472 +0700 [debug] (iframe.js) Checking is authorized for all oauths 
2026-05-20 23:49:41.473 +0700 [debug] (data.js) Read {"freshd_101_101_migrate_oauth_status":true,"report_hash":"27cf9a4a6497bb535e80c318f821d8387dec6c81304f8c33aaa941bb8d5153f0"}
2026-05-20 23:49:41.474 +0700 [debug] (data.js) Read {"freshd_101_101_migrate_oauth_status":true,"report_hash":"27cf9a4a6497bb535e80c318f821d8387dec6c81304f8c33aaa941bb8d5153f0"}
2026-05-20 23:49:41.474 +0700 [debug] (iframe.js) Responding to product with {"configs":{},"displayName":"freshdesk-app","product":{"freshdesk":{"location":{"cti_global_sidebar":{"url":"agent/index.html","icon":"agent/styles/images/icon.svg"}}}},"modules":{"common":{"location":{"cti_global_sidebar":{"url":"index.html","icon":"styles/images/icon.svg"}}},"support_ticket":{}},"features":["db"],"actions":false,"omni":false,"products":["freshdesk"],"platform":"3.0","isInstall":false,"oauth_configs_list":[],"subscribed_modules":null,"endpoint_urls":null,"product_types":{},"currentHost":{"subscribed_modules":null,"endpoint_urls":null,"org_domain":null,"product_types":{}},"isAuthorized":true,"v2":[]}
2026-05-20 23:49:41.760 +0700 [debug] (oauth.js) Fetching oauth configs of product : modules
2026-05-20 23:49:41.761 +0700 [debug] (iframe.js) Checking is authorized for all oauths 
2026-05-20 23:49:41.761 +0700 [debug] (data.js) Read {"freshd_101_101_migrate_oauth_status":true,"report_hash":"27cf9a4a6497bb535e80c318f821d8387dec6c81304f8c33aaa941bb8d5153f0"}
2026-05-20 23:49:41.762 +0700 [debug] (data.js) Read {"freshd_101_101_migrate_oauth_status":true,"report_hash":"27cf9a4a6497bb535e80c318f821d8387dec6c81304f8c33aaa941bb8d5153f0"}
2026-05-20 23:49:41.762 +0700 [debug] (iframe.js) Responding to product with {"configs":{},"displayName":"freshdesk-app","product":{"freshdesk":{"location":{"cti_global_sidebar":{"url":"agent/index.html","icon":"agent/styles/images/icon.svg"}}}},"modules":{"common":{"location":{"cti_global_sidebar":{"url":"index.html","icon":"styles/images/icon.svg"}}},"support_ticket":{}},"features":["db"],"actions":false,"omni":false,"products":["freshdesk"],"platform":"3.0","isInstall":false,"oauth_configs_list":[],"subscribed_modules":null,"endpoint_urls":null,"product_types":{},"currentHost":{"subscribed_modules":null,"endpoint_urls":null,"org_domain":null,"product_types":{}},"isAuthorized":true,"v2":[]}
2026-05-20 23:49:42.111 +0700 [debug] (oauth.js) Fetching oauth configs of product : modules
2026-05-20 23:49:42.112 +0700 [debug] (iframe.js) Checking is authorized for all oauths 
2026-05-20 23:49:42.113 +0700 [debug] (data.js) Read {"freshd_101_101_migrate_oauth_status":true,"report_hash":"27cf9a4a6497bb535e80c318f821d8387dec6c81304f8c33aaa941bb8d5153f0"}
2026-05-20 23:49:42.114 +0700 [debug] (data.js) Read {"freshd_101_101_migrate_oauth_status":true,"report_hash":"27cf9a4a6497bb535e80c318f821d8387dec6c81304f8c33aaa941bb8d5153f0"}
2026-05-20 23:49:42.114 +0700 [debug] (iframe.js) Responding to product with {"configs":{},"displayName":"freshdesk-app","product":{"freshdesk":{"location":{"cti_global_sidebar":{"url":"agent/index.html","icon":"agent/styles/images/icon.svg"}}}},"modules":{"common":{"location":{"cti_global_sidebar":{"url":"index.html","icon":"styles/images/icon.svg"}}},"support_ticket":{}},"features":["db"],"actions":false,"omni":false,"products":["freshdesk"],"platform":"3.0","isInstall":false,"oauth_configs_list":[],"subscribed_modules":null,"endpoint_urls":null,"product_types":{},"currentHost":{"subscribed_modules":null,"endpoint_urls":null,"org_domain":null,"product_types":{}},"isAuthorized":true,"v2":[]}
2026-05-20 23:49:42.387 +0700 [debug] (oauth.js) Fetching oauth configs of product : modules
2026-05-20 23:49:42.388 +0700 [debug] (iframe.js) Checking is authorized for all oauths 
2026-05-20 23:49:42.388 +0700 [debug] (data.js) Read {"freshd_101_101_migrate_oauth_status":true,"report_hash":"27cf9a4a6497bb535e80c318f821d8387dec6c81304f8c33aaa941bb8d5153f0"}
2026-05-20 23:49:42.389 +0700 [debug] (data.js) Read {"freshd_101_101_migrate_oauth_status":true,"report_hash":"27cf9a4a6497bb535e80c318f821d8387dec6c81304f8c33aaa941bb8d5153f0"}
2026-05-20 23:49:42.389 +0700 [debug] (iframe.js) Responding to product with {"configs":{},"displayName":"freshdesk-app","product":{"freshdesk":{"location":{"cti_global_sidebar":{"url":"agent/index.html","icon":"agent/styles/images/icon.svg"}}}},"modules":{"common":{"location":{"cti_global_sidebar":{"url":"index.html","icon":"styles/images/icon.svg"}}},"support_ticket":{}},"features":["db"],"actions":false,"omni":false,"products":["freshdesk"],"platform":"3.0","isInstall":false,"oauth_configs_list":[],"subscribed_modules":null,"endpoint_urls":null,"product_types":{},"currentHost":{"subscribed_modules":null,"endpoint_urls":null,"org_domain":null,"product_types":{}},"isAuthorized":true,"v2":[]}
2026-05-20 23:49:42.675 +0700 [debug] (oauth.js) Fetching oauth configs of product : modules
2026-05-20 23:49:42.676 +0700 [debug] (iframe.js) Checking is authorized for all oauths 
2026-05-20 23:49:42.677 +0700 [debug] (data.js) Read {"freshd_101_101_migrate_oauth_status":true,"report_hash":"27cf9a4a6497bb535e80c318f821d8387dec6c81304f8c33aaa941bb8d5153f0"}
2026-05-20 23:49:42.678 +0700 [debug] (data.js) Read {"freshd_101_101_migrate_oauth_status":true,"report_hash":"27cf9a4a6497bb535e80c318f821d8387dec6c81304f8c33aaa941bb8d5153f0"}
2026-05-20 23:49:42.678 +0700 [debug] (iframe.js) Responding to product with {"configs":{},"displayName":"freshdesk-app","product":{"freshdesk":{"location":{"cti_global_sidebar":{"url":"agent/index.html","icon":"agent/styles/images/icon.svg"}}}},"modules":{"common":{"location":{"cti_global_sidebar":{"url":"index.html","icon":"styles/images/icon.svg"}}},"support_ticket":{}},"features":["db"],"actions":false,"omni":false,"products":["freshdesk"],"platform":"3.0","isInstall":false,"oauth_configs_list":[],"subscribed_modules":null,"endpoint_urls":null,"product_types":{},"currentHost":{"subscribed_modules":null,"endpoint_urls":null,"org_domain":null,"product_types":{}},"isAuthorized":true,"v2":[]}
2026-05-20 23:49:43.931 +0700 [debug] (coverage.js) Writing coverage.
2026-05-20 23:51:44.355 +0700 [debug] (oauth.js) Fetching oauth configs of product : modules
2026-05-20 23:51:44.356 +0700 [debug] (iframe.js) Checking is authorized for all oauths 
2026-05-20 23:51:44.357 +0700 [debug] (data.js) Read {"freshd_101_101_migrate_oauth_status":true,"report_hash":"27cf9a4a6497bb535e80c318f821d8387dec6c81304f8c33aaa941bb8d5153f0"}
2026-05-20 23:51:44.359 +0700 [debug] (data.js) Read {"freshd_101_101_migrate_oauth_status":true,"report_hash":"27cf9a4a6497bb535e80c318f821d8387dec6c81304f8c33aaa941bb8d5153f0"}
2026-05-20 23:51:44.360 +0700 [debug] (iframe.js) Responding to product with {"configs":{},"displayName":"freshdesk-app","product":{"freshdesk":{"location":{"cti_global_sidebar":{"url":"agent/index.html","icon":"agent/styles/images/icon.svg"}}}},"modules":{"common":{"location":{"cti_global_sidebar":{"url":"index.html","icon":"styles/images/icon.svg"}}},"support_ticket":{}},"features":["db"],"actions":false,"omni":false,"products":["freshdesk"],"platform":"3.0","isInstall":false,"oauth_configs_list":[],"subscribed_modules":null,"endpoint_urls":null,"product_types":{},"currentHost":{"subscribed_modules":null,"endpoint_urls":null,"org_domain":null,"product_types":{}},"isAuthorized":true,"v2":[]}
2026-05-20 23:51:45.399 +0700 [debug] (oauth.js) Fetching oauth configs of product : modules
2026-05-20 23:51:45.399 +0700 [debug] (iframe.js) Checking is authorized for all oauths 
2026-05-20 23:51:45.399 +0700 [debug] (data.js) Read {"freshd_101_101_migrate_oauth_status":true,"report_hash":"27cf9a4a6497bb535e80c318f821d8387dec6c81304f8c33aaa941bb8d5153f0"}
2026-05-20 23:51:45.400 +0700 [debug] (data.js) Read {"freshd_101_101_migrate_oauth_status":true,"report_hash":"27cf9a4a6497bb535e80c318f821d8387dec6c81304f8c33aaa941bb8d5153f0"}
2026-05-20 23:51:45.400 +0700 [debug] (iframe.js) Responding to product with {"configs":{},"displayName":"freshdesk-app","product":{"freshdesk":{"location":{"cti_global_sidebar":{"url":"agent/index.html","icon":"agent/styles/images/icon.svg"}}}},"modules":{"common":{"location":{"cti_global_sidebar":{"url":"index.html","icon":"styles/images/icon.svg"}}},"support_ticket":{}},"features":["db"],"actions":false,"omni":false,"products":["freshdesk"],"platform":"3.0","isInstall":false,"oauth_configs_list":[],"subscribed_modules":null,"endpoint_urls":null,"product_types":{},"currentHost":{"subscribed_modules":null,"endpoint_urls":null,"org_domain":null,"product_types":{}},"isAuthorized":true,"v2":[]}
2026-05-20 23:51:45.670 +0700 [debug] (oauth.js) Fetching oauth configs of product : modules
2026-05-20 23:51:45.670 +0700 [debug] (iframe.js) Checking is authorized for all oauths 
2026-05-20 23:51:45.671 +0700 [debug] (data.js) Read {"freshd_101_101_migrate_oauth_status":true,"report_hash":"27cf9a4a6497bb535e80c318f821d8387dec6c81304f8c33aaa941bb8d5153f0"}
2026-05-20 23:51:45.672 +0700 [debug] (data.js) Read {"freshd_101_101_migrate_oauth_status":true,"report_hash":"27cf9a4a6497bb535e80c318f821d8387dec6c81304f8c33aaa941bb8d5153f0"}
2026-05-20 23:51:45.672 +0700 [debug] (iframe.js) Responding to product with {"configs":{},"displayName":"freshdesk-app","product":{"freshdesk":{"location":{"cti_global_sidebar":{"url":"agent/index.html","icon":"agent/styles/images/icon.svg"}}}},"modules":{"common":{"location":{"cti_global_sidebar":{"url":"index.html","icon":"styles/images/icon.svg"}}},"support_ticket":{}},"features":["db"],"actions":false,"omni":false,"products":["freshdesk"],"platform":"3.0","isInstall":false,"oauth_configs_list":[],"subscribed_modules":null,"endpoint_urls":null,"product_types":{},"currentHost":{"subscribed_modules":null,"endpoint_urls":null,"org_domain":null,"product_types":{}},"isAuthorized":true,"v2":[]}
2026-05-20 23:51:45.688 +0700 [debug] (http.js) Failed to parse URL: , error: Invalid URL
2026-05-20 23:51:45.704 +0700 [debug] (http.js) Failed to parse URL: , error: Invalid URL
2026-05-20 23:51:45.708 +0700 [debug] (iframe.js) Responding with contents of /index.html
2026-05-20 23:51:45.725 +0700 [debug] (iframe.js) Responding with contents of /scripts/app.js
2026-05-20 23:51:45.726 +0700 [debug] (coverage.js) Instrumenting /Users/kevin/freshdesk-app/app/scripts/app.js
2026-05-20 23:51:45.984 +0700 [debug] (oauth.js) Fetching oauth configs of product : modules
2026-05-20 23:51:45.984 +0700 [debug] (iframe.js) Checking is authorized for all oauths 
2026-05-20 23:51:45.985 +0700 [debug] (data.js) Read {"freshd_101_101_migrate_oauth_status":true,"report_hash":"27cf9a4a6497bb535e80c318f821d8387dec6c81304f8c33aaa941bb8d5153f0"}
2026-05-20 23:51:45.986 +0700 [debug] (data.js) Read {"freshd_101_101_migrate_oauth_status":true,"report_hash":"27cf9a4a6497bb535e80c318f821d8387dec6c81304f8c33aaa941bb8d5153f0"}
2026-05-20 23:51:45.986 +0700 [debug] (iframe.js) Responding to product with {"configs":{},"displayName":"freshdesk-app","product":{"freshdesk":{"location":{"cti_global_sidebar":{"url":"agent/index.html","icon":"agent/styles/images/icon.svg"}}}},"modules":{"common":{"location":{"cti_global_sidebar":{"url":"index.html","icon":"styles/images/icon.svg"}}},"support_ticket":{}},"features":["db"],"actions":false,"omni":false,"products":["freshdesk"],"platform":"3.0","isInstall":false,"oauth_configs_list":[],"subscribed_modules":null,"endpoint_urls":null,"product_types":{},"currentHost":{"subscribed_modules":null,"endpoint_urls":null,"org_domain":null,"product_types":{}},"isAuthorized":true,"v2":[]}
2026-05-20 23:51:46.254 +0700 [debug] (oauth.js) Fetching oauth configs of product : modules
2026-05-20 23:51:46.254 +0700 [debug] (iframe.js) Checking is authorized for all oauths 
2026-05-20 23:51:46.255 +0700 [debug] (data.js) Read {"freshd_101_101_migrate_oauth_status":true,"report_hash":"27cf9a4a6497bb535e80c318f821d8387dec6c81304f8c33aaa941bb8d5153f0"}
2026-05-20 23:51:46.256 +0700 [debug] (data.js) Read {"freshd_101_101_migrate_oauth_status":true,"report_hash":"27cf9a4a6497bb535e80c318f821d8387dec6c81304f8c33aaa941bb8d5153f0"}
2026-05-20 23:51:46.256 +0700 [debug] (iframe.js) Responding to product with {"configs":{},"displayName":"freshdesk-app","product":{"freshdesk":{"location":{"cti_global_sidebar":{"url":"agent/index.html","icon":"agent/styles/images/icon.svg"}}}},"modules":{"common":{"location":{"cti_global_sidebar":{"url":"index.html","icon":"styles/images/icon.svg"}}},"support_ticket":{}},"features":["db"],"actions":false,"omni":false,"products":["freshdesk"],"platform":"3.0","isInstall":false,"oauth_configs_list":[],"subscribed_modules":null,"endpoint_urls":null,"product_types":{},"currentHost":{"subscribed_modules":null,"endpoint_urls":null,"org_domain":null,"product_types":{}},"isAuthorized":true,"v2":[]}
2026-05-20 23:51:46.531 +0700 [debug] (oauth.js) Fetching oauth configs of product : modules
2026-05-20 23:51:46.531 +0700 [debug] (iframe.js) Checking is authorized for all oauths 
2026-05-20 23:51:46.532 +0700 [debug] (data.js) Read {"freshd_101_101_migrate_oauth_status":true,"report_hash":"27cf9a4a6497bb535e80c318f821d8387dec6c81304f8c33aaa941bb8d5153f0"}
2026-05-20 23:51:46.532 +0700 [debug] (data.js) Read {"freshd_101_101_migrate_oauth_status":true,"report_hash":"27cf9a4a6497bb535e80c318f821d8387dec6c81304f8c33aaa941bb8d5153f0"}
2026-05-20 23:51:46.533 +0700 [debug] (iframe.js) Responding to product with {"configs":{},"displayName":"freshdesk-app","product":{"freshdesk":{"location":{"cti_global_sidebar":{"url":"agent/index.html","icon":"agent/styles/images/icon.svg"}}}},"modules":{"common":{"location":{"cti_global_sidebar":{"url":"index.html","icon":"styles/images/icon.svg"}}},"support_ticket":{}},"features":["db"],"actions":false,"omni":false,"products":["freshdesk"],"platform":"3.0","isInstall":false,"oauth_configs_list":[],"subscribed_modules":null,"endpoint_urls":null,"product_types":{},"currentHost":{"subscribed_modules":null,"endpoint_urls":null,"org_domain":null,"product_types":{}},"isAuthorized":true,"v2":[]}
2026-05-20 23:51:46.880 +0700 [debug] (oauth.js) Fetching oauth configs of product : modules
2026-05-20 23:51:46.880 +0700 [debug] (iframe.js) Checking is authorized for all oauths 
2026-05-20 23:51:46.881 +0700 [debug] (data.js) Read {"freshd_101_101_migrate_oauth_status":true,"report_hash":"27cf9a4a6497bb535e80c318f821d8387dec6c81304f8c33aaa941bb8d5153f0"}
2026-05-20 23:51:46.881 +0700 [debug] (data.js) Read {"freshd_101_101_migrate_oauth_status":true,"report_hash":"27cf9a4a6497bb535e80c318f821d8387dec6c81304f8c33aaa941bb8d5153f0"}
2026-05-20 23:51:46.881 +0700 [debug] (iframe.js) Responding to product with {"configs":{},"displayName":"freshdesk-app","product":{"freshdesk":{"location":{"cti_global_sidebar":{"url":"agent/index.html","icon":"agent/styles/images/icon.svg"}}}},"modules":{"common":{"location":{"cti_global_sidebar":{"url":"index.html","icon":"styles/images/icon.svg"}}},"support_ticket":{}},"features":["db"],"actions":false,"omni":false,"products":["freshdesk"],"platform":"3.0","isInstall":false,"oauth_configs_list":[],"subscribed_modules":null,"endpoint_urls":null,"product_types":{},"currentHost":{"subscribed_modules":null,"endpoint_urls":null,"org_domain":null,"product_types":{}},"isAuthorized":true,"v2":[]}
2026-05-20 23:51:47.152 +0700 [debug] (oauth.js) Fetching oauth configs of product : modules
2026-05-20 23:51:47.153 +0700 [debug] (iframe.js) Checking is authorized for all oauths 
2026-05-20 23:51:47.153 +0700 [debug] (data.js) Read {"freshd_101_101_migrate_oauth_status":true,"report_hash":"27cf9a4a6497bb535e80c318f821d8387dec6c81304f8c33aaa941bb8d5153f0"}
2026-05-20 23:51:47.154 +0700 [debug] (data.js) Read {"freshd_101_101_migrate_oauth_status":true,"report_hash":"27cf9a4a6497bb535e80c318f821d8387dec6c81304f8c33aaa941bb8d5153f0"}
2026-05-20 23:51:47.154 +0700 [debug] (iframe.js) Responding to product with {"configs":{},"displayName":"freshdesk-app","product":{"freshdesk":{"location":{"cti_global_sidebar":{"url":"agent/index.html","icon":"agent/styles/images/icon.svg"}}}},"modules":{"common":{"location":{"cti_global_sidebar":{"url":"index.html","icon":"styles/images/icon.svg"}}},"support_ticket":{}},"features":["db"],"actions":false,"omni":false,"products":["freshdesk"],"platform":"3.0","isInstall":false,"oauth_configs_list":[],"subscribed_modules":null,"endpoint_urls":null,"product_types":{},"currentHost":{"subscribed_modules":null,"endpoint_urls":null,"org_domain":null,"product_types":{}},"isAuthorized":true,"v2":[]}
2026-05-20 23:51:47.873 +0700 [debug] (coverage.js) Writing coverage.
2026-05-20 23:52:08.538 +0700 [debug] (oauth.js) Fetching oauth configs of product : modules
2026-05-20 23:52:08.539 +0700 [debug] (iframe.js) Checking is authorized for all oauths 
2026-05-20 23:52:08.540 +0700 [debug] (data.js) Read {"freshd_101_101_migrate_oauth_status":true,"report_hash":"27cf9a4a6497bb535e80c318f821d8387dec6c81304f8c33aaa941bb8d5153f0"}
2026-05-20 23:52:08.542 +0700 [debug] (data.js) Read {"freshd_101_101_migrate_oauth_status":true,"report_hash":"27cf9a4a6497bb535e80c318f821d8387dec6c81304f8c33aaa941bb8d5153f0"}
2026-05-20 23:52:08.542 +0700 [debug] (iframe.js) Responding to product with {"configs":{},"displayName":"freshdesk-app","product":{"freshdesk":{"location":{"cti_global_sidebar":{"url":"agent/index.html","icon":"agent/styles/images/icon.svg"}}}},"modules":{"common":{"location":{"cti_global_sidebar":{"url":"index.html","icon":"styles/images/icon.svg"}}},"support_ticket":{}},"features":["db"],"actions":false,"omni":false,"products":["freshdesk"],"platform":"3.0","isInstall":false,"oauth_configs_list":[],"subscribed_modules":null,"endpoint_urls":null,"product_types":{},"currentHost":{"subscribed_modules":null,"endpoint_urls":null,"org_domain":null,"product_types":{}},"isAuthorized":true,"v2":[]}
2026-05-20 23:52:09.398 +0700 [debug] (oauth.js) Fetching oauth configs of product : modules
2026-05-20 23:52:09.399 +0700 [debug] (iframe.js) Checking is authorized for all oauths 
2026-05-20 23:52:09.400 +0700 [debug] (data.js) Read {"freshd_101_101_migrate_oauth_status":true,"report_hash":"27cf9a4a6497bb535e80c318f821d8387dec6c81304f8c33aaa941bb8d5153f0"}
2026-05-20 23:52:09.401 +0700 [debug] (data.js) Read {"freshd_101_101_migrate_oauth_status":true,"report_hash":"27cf9a4a6497bb535e80c318f821d8387dec6c81304f8c33aaa941bb8d5153f0"}
2026-05-20 23:52:09.401 +0700 [debug] (iframe.js) Responding to product with {"configs":{},"displayName":"freshdesk-app","product":{"freshdesk":{"location":{"cti_global_sidebar":{"url":"agent/index.html","icon":"agent/styles/images/icon.svg"}}}},"modules":{"common":{"location":{"cti_global_sidebar":{"url":"index.html","icon":"styles/images/icon.svg"}}},"support_ticket":{}},"features":["db"],"actions":false,"omni":false,"products":["freshdesk"],"platform":"3.0","isInstall":false,"oauth_configs_list":[],"subscribed_modules":null,"endpoint_urls":null,"product_types":{},"currentHost":{"subscribed_modules":null,"endpoint_urls":null,"org_domain":null,"product_types":{}},"isAuthorized":true,"v2":[]}
2026-05-20 23:52:09.672 +0700 [debug] (oauth.js) Fetching oauth configs of product : modules
2026-05-20 23:52:09.673 +0700 [debug] (iframe.js) Checking is authorized for all oauths 
2026-05-20 23:52:09.673 +0700 [debug] (data.js) Read {"freshd_101_101_migrate_oauth_status":true,"report_hash":"27cf9a4a6497bb535e80c318f821d8387dec6c81304f8c33aaa941bb8d5153f0"}
2026-05-20 23:52:09.674 +0700 [debug] (data.js) Read {"freshd_101_101_migrate_oauth_status":true,"report_hash":"27cf9a4a6497bb535e80c318f821d8387dec6c81304f8c33aaa941bb8d5153f0"}
2026-05-20 23:52:09.674 +0700 [debug] (iframe.js) Responding to product with {"configs":{},"displayName":"freshdesk-app","product":{"freshdesk":{"location":{"cti_global_sidebar":{"url":"agent/index.html","icon":"agent/styles/images/icon.svg"}}}},"modules":{"common":{"location":{"cti_global_sidebar":{"url":"index.html","icon":"styles/images/icon.svg"}}},"support_ticket":{}},"features":["db"],"actions":false,"omni":false,"products":["freshdesk"],"platform":"3.0","isInstall":false,"oauth_configs_list":[],"subscribed_modules":null,"endpoint_urls":null,"product_types":{},"currentHost":{"subscribed_modules":null,"endpoint_urls":null,"org_domain":null,"product_types":{}},"isAuthorized":true,"v2":[]}
2026-05-20 23:52:09.689 +0700 [debug] (http.js) Failed to parse URL: , error: Invalid URL
2026-05-20 23:52:09.696 +0700 [debug] (http.js) Failed to parse URL: , error: Invalid URL
2026-05-20 23:52:09.697 +0700 [debug] (iframe.js) Responding with contents of /index.html
2026-05-20 23:52:09.713 +0700 [debug] (iframe.js) Responding with contents of /scripts/app.js
2026-05-20 23:52:09.714 +0700 [debug] (coverage.js) Instrumenting /Users/kevin/freshdesk-app/app/scripts/app.js
2026-05-20 23:52:09.958 +0700 [debug] (oauth.js) Fetching oauth configs of product : modules
2026-05-20 23:52:09.958 +0700 [debug] (iframe.js) Checking is authorized for all oauths 
2026-05-20 23:52:09.959 +0700 [debug] (data.js) Read {"freshd_101_101_migrate_oauth_status":true,"report_hash":"27cf9a4a6497bb535e80c318f821d8387dec6c81304f8c33aaa941bb8d5153f0"}
2026-05-20 23:52:09.959 +0700 [debug] (data.js) Read {"freshd_101_101_migrate_oauth_status":true,"report_hash":"27cf9a4a6497bb535e80c318f821d8387dec6c81304f8c33aaa941bb8d5153f0"}
2026-05-20 23:52:09.959 +0700 [debug] (iframe.js) Responding to product with {"configs":{},"displayName":"freshdesk-app","product":{"freshdesk":{"location":{"cti_global_sidebar":{"url":"agent/index.html","icon":"agent/styles/images/icon.svg"}}}},"modules":{"common":{"location":{"cti_global_sidebar":{"url":"index.html","icon":"styles/images/icon.svg"}}},"support_ticket":{}},"features":["db"],"actions":false,"omni":false,"products":["freshdesk"],"platform":"3.0","isInstall":false,"oauth_configs_list":[],"subscribed_modules":null,"endpoint_urls":null,"product_types":{},"currentHost":{"subscribed_modules":null,"endpoint_urls":null,"org_domain":null,"product_types":{}},"isAuthorized":true,"v2":[]}
2026-05-20 23:52:10.232 +0700 [debug] (oauth.js) Fetching oauth configs of product : modules
2026-05-20 23:52:10.232 +0700 [debug] (iframe.js) Checking is authorized for all oauths 
2026-05-20 23:52:10.233 +0700 [debug] (data.js) Read {"freshd_101_101_migrate_oauth_status":true,"report_hash":"27cf9a4a6497bb535e80c318f821d8387dec6c81304f8c33aaa941bb8d5153f0"}
2026-05-20 23:52:10.233 +0700 [debug] (data.js) Read {"freshd_101_101_migrate_oauth_status":true,"report_hash":"27cf9a4a6497bb535e80c318f821d8387dec6c81304f8c33aaa941bb8d5153f0"}
2026-05-20 23:52:10.233 +0700 [debug] (iframe.js) Responding to product with {"configs":{},"displayName":"freshdesk-app","product":{"freshdesk":{"location":{"cti_global_sidebar":{"url":"agent/index.html","icon":"agent/styles/images/icon.svg"}}}},"modules":{"common":{"location":{"cti_global_sidebar":{"url":"index.html","icon":"styles/images/icon.svg"}}},"support_ticket":{}},"features":["db"],"actions":false,"omni":false,"products":["freshdesk"],"platform":"3.0","isInstall":false,"oauth_configs_list":[],"subscribed_modules":null,"endpoint_urls":null,"product_types":{},"currentHost":{"subscribed_modules":null,"endpoint_urls":null,"org_domain":null,"product_types":{}},"isAuthorized":true,"v2":[]}
2026-05-20 23:52:10.538 +0700 [debug] (oauth.js) Fetching oauth configs of product : modules
2026-05-20 23:52:10.539 +0700 [debug] (iframe.js) Checking is authorized for all oauths 
2026-05-20 23:52:10.540 +0700 [debug] (data.js) Read {"freshd_101_101_migrate_oauth_status":true,"report_hash":"27cf9a4a6497bb535e80c318f821d8387dec6c81304f8c33aaa941bb8d5153f0"}
2026-05-20 23:52:10.540 +0700 [debug] (data.js) Read {"freshd_101_101_migrate_oauth_status":true,"report_hash":"27cf9a4a6497bb535e80c318f821d8387dec6c81304f8c33aaa941bb8d5153f0"}
2026-05-20 23:52:10.541 +0700 [debug] (iframe.js) Responding to product with {"configs":{},"displayName":"freshdesk-app","product":{"freshdesk":{"location":{"cti_global_sidebar":{"url":"agent/index.html","icon":"agent/styles/images/icon.svg"}}}},"modules":{"common":{"location":{"cti_global_sidebar":{"url":"index.html","icon":"styles/images/icon.svg"}}},"support_ticket":{}},"features":["db"],"actions":false,"omni":false,"products":["freshdesk"],"platform":"3.0","isInstall":false,"oauth_configs_list":[],"subscribed_modules":null,"endpoint_urls":null,"product_types":{},"currentHost":{"subscribed_modules":null,"endpoint_urls":null,"org_domain":null,"product_types":{}},"isAuthorized":true,"v2":[]}
2026-05-20 23:52:10.816 +0700 [debug] (oauth.js) Fetching oauth configs of product : modules
2026-05-20 23:52:10.816 +0700 [debug] (iframe.js) Checking is authorized for all oauths 
2026-05-20 23:52:10.817 +0700 [debug] (data.js) Read {"freshd_101_101_migrate_oauth_status":true,"report_hash":"27cf9a4a6497bb535e80c318f821d8387dec6c81304f8c33aaa941bb8d5153f0"}
2026-05-20 23:52:10.818 +0700 [debug] (data.js) Read {"freshd_101_101_migrate_oauth_status":true,"report_hash":"27cf9a4a6497bb535e80c318f821d8387dec6c81304f8c33aaa941bb8d5153f0"}
2026-05-20 23:52:10.818 +0700 [debug] (iframe.js) Responding to product with {"configs":{},"displayName":"freshdesk-app","product":{"freshdesk":{"location":{"cti_global_sidebar":{"url":"agent/index.html","icon":"agent/styles/images/icon.svg"}}}},"modules":{"common":{"location":{"cti_global_sidebar":{"url":"index.html","icon":"styles/images/icon.svg"}}},"support_ticket":{}},"features":["db"],"actions":false,"omni":false,"products":["freshdesk"],"platform":"3.0","isInstall":false,"oauth_configs_list":[],"subscribed_modules":null,"endpoint_urls":null,"product_types":{},"currentHost":{"subscribed_modules":null,"endpoint_urls":null,"org_domain":null,"product_types":{}},"isAuthorized":true,"v2":[]}
2026-05-20 23:52:11.083 +0700 [debug] (oauth.js) Fetching oauth configs of product : modules
2026-05-20 23:52:11.083 +0700 [debug] (iframe.js) Checking is authorized for all oauths 
2026-05-20 23:52:11.084 +0700 [debug] (data.js) Read {"freshd_101_101_migrate_oauth_status":true,"report_hash":"27cf9a4a6497bb535e80c318f821d8387dec6c81304f8c33aaa941bb8d5153f0"}
2026-05-20 23:52:11.085 +0700 [debug] (data.js) Read {"freshd_101_101_migrate_oauth_status":true,"report_hash":"27cf9a4a6497bb535e80c318f821d8387dec6c81304f8c33aaa941bb8d5153f0"}
2026-05-20 23:52:11.085 +0700 [debug] (iframe.js) Responding to product with {"configs":{},"displayName":"freshdesk-app","product":{"freshdesk":{"location":{"cti_global_sidebar":{"url":"agent/index.html","icon":"agent/styles/images/icon.svg"}}}},"modules":{"common":{"location":{"cti_global_sidebar":{"url":"index.html","icon":"styles/images/icon.svg"}}},"support_ticket":{}},"features":["db"],"actions":false,"omni":false,"products":["freshdesk"],"platform":"3.0","isInstall":false,"oauth_configs_list":[],"subscribed_modules":null,"endpoint_urls":null,"product_types":{},"currentHost":{"subscribed_modules":null,"endpoint_urls":null,"org_domain":null,"product_types":{}},"isAuthorized":true,"v2":[]}
2026-05-20 23:52:11.871 +0700 [debug] (coverage.js) Writing coverage.
2026-05-20 23:53:08.093 +0700 [debug] (oauth.js) Fetching oauth configs of product : modules
2026-05-20 23:53:08.095 +0700 [debug] (iframe.js) Checking is authorized for all oauths 
2026-05-20 23:53:08.097 +0700 [debug] (data.js) Read {"freshd_101_101_migrate_oauth_status":true,"report_hash":"27cf9a4a6497bb535e80c318f821d8387dec6c81304f8c33aaa941bb8d5153f0"}
2026-05-20 23:53:08.099 +0700 [debug] (data.js) Read {"freshd_101_101_migrate_oauth_status":true,"report_hash":"27cf9a4a6497bb535e80c318f821d8387dec6c81304f8c33aaa941bb8d5153f0"}
2026-05-20 23:53:08.099 +0700 [debug] (iframe.js) Responding to product with {"configs":{},"displayName":"freshdesk-app","product":{"freshdesk":{"location":{"cti_global_sidebar":{"url":"agent/index.html","icon":"agent/styles/images/icon.svg"}}}},"modules":{"common":{"location":{"cti_global_sidebar":{"url":"index.html","icon":"styles/images/icon.svg"}}},"support_ticket":{}},"features":["db"],"actions":false,"omni":false,"products":["freshdesk"],"platform":"3.0","isInstall":false,"oauth_configs_list":[],"subscribed_modules":null,"endpoint_urls":null,"product_types":{},"currentHost":{"subscribed_modules":null,"endpoint_urls":null,"org_domain":null,"product_types":{}},"isAuthorized":true,"v2":[]}
2026-05-20 23:53:09.076 +0700 [debug] (oauth.js) Fetching oauth configs of product : modules
2026-05-20 23:53:09.077 +0700 [debug] (iframe.js) Checking is authorized for all oauths 
2026-05-20 23:53:09.077 +0700 [debug] (data.js) Read {"freshd_101_101_migrate_oauth_status":true,"report_hash":"27cf9a4a6497bb535e80c318f821d8387dec6c81304f8c33aaa941bb8d5153f0"}
2026-05-20 23:53:09.078 +0700 [debug] (data.js) Read {"freshd_101_101_migrate_oauth_status":true,"report_hash":"27cf9a4a6497bb535e80c318f821d8387dec6c81304f8c33aaa941bb8d5153f0"}
2026-05-20 23:53:09.078 +0700 [debug] (iframe.js) Responding to product with {"configs":{},"displayName":"freshdesk-app","product":{"freshdesk":{"location":{"cti_global_sidebar":{"url":"agent/index.html","icon":"agent/styles/images/icon.svg"}}}},"modules":{"common":{"location":{"cti_global_sidebar":{"url":"index.html","icon":"styles/images/icon.svg"}}},"support_ticket":{}},"features":["db"],"actions":false,"omni":false,"products":["freshdesk"],"platform":"3.0","isInstall":false,"oauth_configs_list":[],"subscribed_modules":null,"endpoint_urls":null,"product_types":{},"currentHost":{"subscribed_modules":null,"endpoint_urls":null,"org_domain":null,"product_types":{}},"isAuthorized":true,"v2":[]}
2026-05-20 23:53:09.348 +0700 [debug] (oauth.js) Fetching oauth configs of product : modules
2026-05-20 23:53:09.349 +0700 [debug] (iframe.js) Checking is authorized for all oauths 
2026-05-20 23:53:09.349 +0700 [debug] (data.js) Read {"freshd_101_101_migrate_oauth_status":true,"report_hash":"27cf9a4a6497bb535e80c318f821d8387dec6c81304f8c33aaa941bb8d5153f0"}
2026-05-20 23:53:09.350 +0700 [debug] (data.js) Read {"freshd_101_101_migrate_oauth_status":true,"report_hash":"27cf9a4a6497bb535e80c318f821d8387dec6c81304f8c33aaa941bb8d5153f0"}
2026-05-20 23:53:09.350 +0700 [debug] (iframe.js) Responding to product with {"configs":{},"displayName":"freshdesk-app","product":{"freshdesk":{"location":{"cti_global_sidebar":{"url":"agent/index.html","icon":"agent/styles/images/icon.svg"}}}},"modules":{"common":{"location":{"cti_global_sidebar":{"url":"index.html","icon":"styles/images/icon.svg"}}},"support_ticket":{}},"features":["db"],"actions":false,"omni":false,"products":["freshdesk"],"platform":"3.0","isInstall":false,"oauth_configs_list":[],"subscribed_modules":null,"endpoint_urls":null,"product_types":{},"currentHost":{"subscribed_modules":null,"endpoint_urls":null,"org_domain":null,"product_types":{}},"isAuthorized":true,"v2":[]}
2026-05-20 23:53:09.375 +0700 [debug] (http.js) Failed to parse URL: , error: Invalid URL
2026-05-20 23:53:09.382 +0700 [debug] (http.js) Failed to parse URL: , error: Invalid URL
2026-05-20 23:53:09.382 +0700 [debug] (iframe.js) Responding with contents of /index.html
2026-05-20 23:53:09.395 +0700 [debug] (iframe.js) Responding with contents of /scripts/app.js
2026-05-20 23:53:09.396 +0700 [debug] (coverage.js) Instrumenting /Users/kevin/freshdesk-app/app/scripts/app.js
2026-05-20 23:53:09.725 +0700 [debug] (oauth.js) Fetching oauth configs of product : modules
2026-05-20 23:53:09.726 +0700 [debug] (iframe.js) Checking is authorized for all oauths 
2026-05-20 23:53:09.727 +0700 [debug] (data.js) Read {"freshd_101_101_migrate_oauth_status":true,"report_hash":"27cf9a4a6497bb535e80c318f821d8387dec6c81304f8c33aaa941bb8d5153f0"}
2026-05-20 23:53:09.727 +0700 [debug] (data.js) Read {"freshd_101_101_migrate_oauth_status":true,"report_hash":"27cf9a4a6497bb535e80c318f821d8387dec6c81304f8c33aaa941bb8d5153f0"}
2026-05-20 23:53:09.727 +0700 [debug] (iframe.js) Responding to product with {"configs":{},"displayName":"freshdesk-app","product":{"freshdesk":{"location":{"cti_global_sidebar":{"url":"agent/index.html","icon":"agent/styles/images/icon.svg"}}}},"modules":{"common":{"location":{"cti_global_sidebar":{"url":"index.html","icon":"styles/images/icon.svg"}}},"support_ticket":{}},"features":["db"],"actions":false,"omni":false,"products":["freshdesk"],"platform":"3.0","isInstall":false,"oauth_configs_list":[],"subscribed_modules":null,"endpoint_urls":null,"product_types":{},"currentHost":{"subscribed_modules":null,"endpoint_urls":null,"org_domain":null,"product_types":{}},"isAuthorized":true,"v2":[]}
2026-05-20 23:53:10.003 +0700 [debug] (oauth.js) Fetching oauth configs of product : modules
2026-05-20 23:53:10.004 +0700 [debug] (iframe.js) Checking is authorized for all oauths 
2026-05-20 23:53:10.005 +0700 [debug] (data.js) Read {"freshd_101_101_migrate_oauth_status":true,"report_hash":"27cf9a4a6497bb535e80c318f821d8387dec6c81304f8c33aaa941bb8d5153f0"}
2026-05-20 23:53:10.005 +0700 [debug] (data.js) Read {"freshd_101_101_migrate_oauth_status":true,"report_hash":"27cf9a4a6497bb535e80c318f821d8387dec6c81304f8c33aaa941bb8d5153f0"}
2026-05-20 23:53:10.005 +0700 [debug] (iframe.js) Responding to product with {"configs":{},"displayName":"freshdesk-app","product":{"freshdesk":{"location":{"cti_global_sidebar":{"url":"agent/index.html","icon":"agent/styles/images/icon.svg"}}}},"modules":{"common":{"location":{"cti_global_sidebar":{"url":"index.html","icon":"styles/images/icon.svg"}}},"support_ticket":{}},"features":["db"],"actions":false,"omni":false,"products":["freshdesk"],"platform":"3.0","isInstall":false,"oauth_configs_list":[],"subscribed_modules":null,"endpoint_urls":null,"product_types":{},"currentHost":{"subscribed_modules":null,"endpoint_urls":null,"org_domain":null,"product_types":{}},"isAuthorized":true,"v2":[]}
2026-05-20 23:53:10.277 +0700 [debug] (oauth.js) Fetching oauth configs of product : modules
2026-05-20 23:53:10.277 +0700 [debug] (iframe.js) Checking is authorized for all oauths 
2026-05-20 23:53:10.278 +0700 [debug] (data.js) Read {"freshd_101_101_migrate_oauth_status":true,"report_hash":"27cf9a4a6497bb535e80c318f821d8387dec6c81304f8c33aaa941bb8d5153f0"}
2026-05-20 23:53:10.279 +0700 [debug] (data.js) Read {"freshd_101_101_migrate_oauth_status":true,"report_hash":"27cf9a4a6497bb535e80c318f821d8387dec6c81304f8c33aaa941bb8d5153f0"}
2026-05-20 23:53:10.279 +0700 [debug] (iframe.js) Responding to product with {"configs":{},"displayName":"freshdesk-app","product":{"freshdesk":{"location":{"cti_global_sidebar":{"url":"agent/index.html","icon":"agent/styles/images/icon.svg"}}}},"modules":{"common":{"location":{"cti_global_sidebar":{"url":"index.html","icon":"styles/images/icon.svg"}}},"support_ticket":{}},"features":["db"],"actions":false,"omni":false,"products":["freshdesk"],"platform":"3.0","isInstall":false,"oauth_configs_list":[],"subscribed_modules":null,"endpoint_urls":null,"product_types":{},"currentHost":{"subscribed_modules":null,"endpoint_urls":null,"org_domain":null,"product_types":{}},"isAuthorized":true,"v2":[]}
2026-05-20 23:53:10.579 +0700 [debug] (oauth.js) Fetching oauth configs of product : modules
2026-05-20 23:53:10.580 +0700 [debug] (iframe.js) Checking is authorized for all oauths 
2026-05-20 23:53:10.581 +0700 [debug] (data.js) Read {"freshd_101_101_migrate_oauth_status":true,"report_hash":"27cf9a4a6497bb535e80c318f821d8387dec6c81304f8c33aaa941bb8d5153f0"}
2026-05-20 23:53:10.581 +0700 [debug] (data.js) Read {"freshd_101_101_migrate_oauth_status":true,"report_hash":"27cf9a4a6497bb535e80c318f821d8387dec6c81304f8c33aaa941bb8d5153f0"}
2026-05-20 23:53:10.582 +0700 [debug] (iframe.js) Responding to product with {"configs":{},"displayName":"freshdesk-app","product":{"freshdesk":{"location":{"cti_global_sidebar":{"url":"agent/index.html","icon":"agent/styles/images/icon.svg"}}}},"modules":{"common":{"location":{"cti_global_sidebar":{"url":"index.html","icon":"styles/images/icon.svg"}}},"support_ticket":{}},"features":["db"],"actions":false,"omni":false,"products":["freshdesk"],"platform":"3.0","isInstall":false,"oauth_configs_list":[],"subscribed_modules":null,"endpoint_urls":null,"product_types":{},"currentHost":{"subscribed_modules":null,"endpoint_urls":null,"org_domain":null,"product_types":{}},"isAuthorized":true,"v2":[]}
2026-05-20 23:53:10.863 +0700 [debug] (oauth.js) Fetching oauth configs of product : modules
2026-05-20 23:53:10.863 +0700 [debug] (iframe.js) Checking is authorized for all oauths 
2026-05-20 23:53:10.863 +0700 [debug] (data.js) Read {"freshd_101_101_migrate_oauth_status":true,"report_hash":"27cf9a4a6497bb535e80c318f821d8387dec6c81304f8c33aaa941bb8d5153f0"}
2026-05-20 23:53:10.864 +0700 [debug] (data.js) Read {"freshd_101_101_migrate_oauth_status":true,"report_hash":"27cf9a4a6497bb535e80c318f821d8387dec6c81304f8c33aaa941bb8d5153f0"}
2026-05-20 23:53:10.864 +0700 [debug] (iframe.js) Responding to product with {"configs":{},"displayName":"freshdesk-app","product":{"freshdesk":{"location":{"cti_global_sidebar":{"url":"agent/index.html","icon":"agent/styles/images/icon.svg"}}}},"modules":{"common":{"location":{"cti_global_sidebar":{"url":"index.html","icon":"styles/images/icon.svg"}}},"support_ticket":{}},"features":["db"],"actions":false,"omni":false,"products":["freshdesk"],"platform":"3.0","isInstall":false,"oauth_configs_list":[],"subscribed_modules":null,"endpoint_urls":null,"product_types":{},"currentHost":{"subscribed_modules":null,"endpoint_urls":null,"org_domain":null,"product_types":{}},"isAuthorized":true,"v2":[]}
2026-05-20 23:53:11.867 +0700 [debug] (coverage.js) Writing coverage.
2026-05-20 23:55:02.270 +0700 [debug] (watcher.js) Broadcasted "{"file":"app/scripts/app.js"}" to all listeners.
2026-05-20 23:55:02.295 +0700 [debug] (iframe.js) Responding with contents of /index.html
2026-05-20 23:55:02.325 +0700 [debug] (iframe.js) Responding with contents of /scripts/app.js
2026-05-20 23:55:02.326 +0700 [debug] (coverage.js) Instrumenting /Users/kevin/freshdesk-app/app/scripts/app.js
2026-05-20 23:55:03.944 +0700 [info] 
NOTE: We recommend a coverage of 80% for apps that are to be published in the public marketplace.
2026-05-20 23:55:08.190 +0700 [debug] (configs.js) loaded default configs as "{"updates":{"manifest_url":"https://cdn.freshdev.io/assets/fdk/updates.json","changelog_url":"https://cdn.freshdev.io/assets/fdk/change-log.json","period":24},"log":{"level":"info"},"javascript":{"ecma_version":2020},"request":{"timeout":15000,"maxFilesPerRequest":5},"global_apps":{"enabled":true},"easel":{"enabled":false},"job":{"timeout":120000}}"
2026-05-20 23:55:08.191 +0700 [debug] (configs.js) loaded global configs as "{"global_apps":{"enabled":"true"},"request":{"timeout":15000},"job":{"timeout":120000}}"
2026-05-20 23:55:08.191 +0700 [debug] (configs.js) loaded local configs as "{"request":{"timeout":15000},"job":{"timeout":120000},"global_apps":{"enabled":"true"}}"
2026-05-20 23:55:08.191 +0700 [debug] (configs.js) loaded env configs as "{"updates":{},"log":{},"javascript":{},"request":{"timeout":15000,"maxFilesPerRequest":5},"job":{"timeout":120000}}"
2026-05-20 23:55:08.191 +0700 [debug] (configs.js) loaded resolved configs as "{"updates":{"manifest_url":"https://cdn.freshdev.io/assets/fdk/updates.json","changelog_url":"https://cdn.freshdev.io/assets/fdk/change-log.json","period":24},"log":{"level":"info"},"javascript":{"ecma_version":2020},"request":{"timeout":15000,"maxFilesPerRequest":5},"global_apps":{"enabled":"true"},"easel":{"enabled":false},"job":{"timeout":120000}}"
2026-05-20 23:55:08.192 +0700 [debug] (logger.js) Starting FDK in node v24.11.1 on darwin
2026-05-20 23:55:08.192 +0700 [debug] (sequelize.js) setting up sqilite at "/Users/kevin/freshdesk-app/.fdk/store.sqlite"
2026-05-20 23:55:08.192 +0700 [debug] (data.js) Read {"version_details":{"cli":{"deprecated":{"version":"<9","message":"This FDK version has been deprecated. There will be no further feature updates to this version. For a seamless app-building experience, ensure to move to the latest FDK version. For more information, see https://developers.freshworks.com/docs/app-sdk/v2.3/freshdesk/migration-guide/#migrate-to-the-latest-platform-version."},"forced":{"version":"7.0.0","command":"npm install https://dl.freshdev.io/cli/fdk-7.0.0.tgz -g","message":"Your FDK version has been forced updated to v7.0.0, please visit https://community.developers.freshworks.com/t/fdk-v7-0-announcing-node-js-v12-and-es6-support/3606 to know more"},"latest":{"version":"10.1.2","command":"npm install https://cdn.freshdev.io/fdk/latest-v24.tgz -g","message":"You are on the latest FDK version. For information on the features available as part of this FDK version, see https://developers.freshworks.com/docs/?tab=modules."}},"addon":{"version":"2.2.7","url":"https://cdn.freshdev.io/assets/fdk/addons/addon.zip"}},"last_updated":{"time_stamp":1779285176837}}
2026-05-20 23:55:08.192 +0700 [debug] (updater.js) last check less than 24 hours ago, not looking for updates
2026-05-20 23:55:08.193 +0700 [debug] (index.js) running with opts {}
2026-05-20 23:55:08.253 +0700 [debug] (data.js) Read {"version_details":{"cli":{"deprecated":{"version":"<9","message":"This FDK version has been deprecated. There will be no further feature updates to this version. For a seamless app-building experience, ensure to move to the latest FDK version. For more information, see https://developers.freshworks.com/docs/app-sdk/v2.3/freshdesk/migration-guide/#migrate-to-the-latest-platform-version."},"forced":{"version":"7.0.0","command":"npm install https://dl.freshdev.io/cli/fdk-7.0.0.tgz -g","message":"Your FDK version has been forced updated to v7.0.0, please visit https://community.developers.freshworks.com/t/fdk-v7-0-announcing-node-js-v12-and-es6-support/3606 to know more"},"latest":{"version":"10.1.2","command":"npm install https://cdn.freshdev.io/fdk/latest-v24.tgz -g","message":"You are on the latest FDK version. For information on the features available as part of this FDK version, see https://developers.freshworks.com/docs/?tab=modules."}},"addon":{"version":"2.2.7","url":"https://cdn.freshdev.io/assets/fdk/addons/addon.zip"}},"last_updated":{"time_stamp":1779285176837}}
2026-05-20 23:55:08.254 +0700 [debug] (manifest.js) Reloading manifest with {"platform-version":"3.0","modules":{"common":{"location":{"cti_global_sidebar":{"url":"index.html","icon":"styles/images/icon.svg"}}},"support_ticket":{}},"engines":{"node":"24.11.1","fdk":"10.1.2"},"scripts":{"fdk-unit-test":"vitest run --coverage"}}.
2026-05-20 23:55:08.255 +0700 [debug] (manifest.js) Inferred db as features.
2026-05-20 23:55:08.279 +0700 [debug] (data.js) Read {"version_details":{"cli":{"deprecated":{"version":"<9","message":"This FDK version has been deprecated. There will be no further feature updates to this version. For a seamless app-building experience, ensure to move to the latest FDK version. For more information, see https://developers.freshworks.com/docs/app-sdk/v2.3/freshdesk/migration-guide/#migrate-to-the-latest-platform-version."},"forced":{"version":"7.0.0","command":"npm install https://dl.freshdev.io/cli/fdk-7.0.0.tgz -g","message":"Your FDK version has been forced updated to v7.0.0, please visit https://community.developers.freshworks.com/t/fdk-v7-0-announcing-node-js-v12-and-es6-support/3606 to know more"},"latest":{"version":"10.1.2","command":"npm install https://cdn.freshdev.io/fdk/latest-v24.tgz -g","message":"You are on the latest FDK version. For information on the features available as part of this FDK version, see https://developers.freshworks.com/docs/?tab=modules."}},"addon":{"version":"2.2.7","url":"https://cdn.freshdev.io/assets/fdk/addons/addon.zip"}},"last_updated":{"time_stamp":1779285176837}}
2026-05-20 23:55:08.425 +0700 [debug] (coverage.js) INIT: About to merge initial coverage data with 1 files
2026-05-20 23:55:08.426 +0700 [debug] (coverage.js) INIT: After merge - Files in map: 1
2026-05-20 23:55:08.467 +0700 [debug] (index.js) Initializing AJV schemas from individual files
2026-05-20 23:55:08.467 +0700 [debug] (index.js) Compiling schemas...
2026-05-20 23:55:08.474 +0700 [debug] (index.js) All schemas compiled successfully
2026-05-20 23:55:08.505 +0700 [debug] (index.js) loading model at "/Users/kevin/.nvm/versions/node/v24.11.1/lib/node_modules/@freshworks/fdk/lib/models/bigint-pivot.js"
2026-05-20 23:55:08.506 +0700 [debug] (index.js) loading model at "/Users/kevin/.nvm/versions/node/v24.11.1/lib/node_modules/@freshworks/fdk/lib/models/entity-field-choice.js"
2026-05-20 23:55:08.506 +0700 [debug] (index.js) loading model at "/Users/kevin/.nvm/versions/node/v24.11.1/lib/node_modules/@freshworks/fdk/lib/models/entity-field.js"
2026-05-20 23:55:08.506 +0700 [debug] (index.js) loading model at "/Users/kevin/.nvm/versions/node/v24.11.1/lib/node_modules/@freshworks/fdk/lib/models/entity.js"
2026-05-20 23:55:08.507 +0700 [debug] (index.js) loading model at "/Users/kevin/.nvm/versions/node/v24.11.1/lib/node_modules/@freshworks/fdk/lib/models/files.js"
2026-05-20 23:55:08.507 +0700 [debug] (index.js) loading model at "/Users/kevin/.nvm/versions/node/v24.11.1/lib/node_modules/@freshworks/fdk/lib/models/oauth-details.js"
2026-05-20 23:55:08.508 +0700 [debug] (index.js) loading model at "/Users/kevin/.nvm/versions/node/v24.11.1/lib/node_modules/@freshworks/fdk/lib/models/record.js"
2026-05-20 23:55:08.510 +0700 [debug] (index.js) loading model at "/Users/kevin/.nvm/versions/node/v24.11.1/lib/node_modules/@freshworks/fdk/lib/models/string-pivot.js"
2026-05-20 23:55:08.561 +0700 [debug] (index.js) 'schema: ' [object Object]
2026-05-20 23:55:08.564 +0700 [debug] (index.js) 'schema: ' [object Object]
2026-05-20 23:55:08.565 +0700 [debug] (index.js) 'schema: ' [object Object]
2026-05-20 23:55:08.565 +0700 [debug] (index.js) 'schema: ' [object Object]
2026-05-20 23:55:08.566 +0700 [debug] (index.js) 'schema: ' [object Object]
2026-05-20 23:55:08.567 +0700 [debug] (index.js) 'schema: ' [object Object]
2026-05-20 23:55:08.567 +0700 [debug] (index.js) 'schema: ' [object Object]
2026-05-20 23:55:08.570 +0700 [debug] (index.js) 'schema: ' [object Object]
2026-05-20 23:55:08.570 +0700 [debug] (index.js) 'schema: ' [object Object]
2026-05-20 23:55:08.570 +0700 [debug] (index.js) 'schema: ' [object Object]
2026-05-20 23:55:08.573 +0700 [debug] (index.js) 'schema: ' [object Object]
2026-05-20 23:55:08.574 +0700 [debug] (index.js) 'schema: ' [object Object]
2026-05-20 23:55:08.575 +0700 [debug] (index.js) 'schema: ' [object Object]
2026-05-20 23:55:08.576 +0700 [debug] (index.js) 'schema: ' [object Object]
2026-05-20 23:55:08.576 +0700 [debug] (index.js) 'schema: ' [object Object]
2026-05-20 23:55:08.577 +0700 [debug] (index.js) 'schema: ' [object Object]
2026-05-20 23:55:08.578 +0700 [debug] (index.js) 'schema: ' [object Object]
2026-05-20 23:55:08.584 +0700 [debug] (index.js) 'schema: ' [object Object]
2026-05-20 23:55:08.731 +0700 [debug] (data.js) Read {"version_details":{"cli":{"deprecated":{"version":"<9","message":"This FDK version has been deprecated. There will be no further feature updates to this version. For a seamless app-building experience, ensure to move to the latest FDK version. For more information, see https://developers.freshworks.com/docs/app-sdk/v2.3/freshdesk/migration-guide/#migrate-to-the-latest-platform-version."},"forced":{"version":"7.0.0","command":"npm install https://dl.freshdev.io/cli/fdk-7.0.0.tgz -g","message":"Your FDK version has been forced updated to v7.0.0, please visit https://community.developers.freshworks.com/t/fdk-v7-0-announcing-node-js-v12-and-es6-support/3606 to know more"},"latest":{"version":"10.1.2","command":"npm install https://cdn.freshdev.io/fdk/latest-v24.tgz -g","message":"You are on the latest FDK version. For information on the features available as part of this FDK version, see https://developers.freshworks.com/docs/?tab=modules."}},"addon":{"version":"2.2.7","url":"https://cdn.freshdev.io/assets/fdk/addons/addon.zip"}},"last_updated":{"time_stamp":1779285176837}}
2026-05-20 23:55:09.326 +0700 [debug] (validate.js) asked to skip the following validations, 
2026-05-20 23:55:09.326 +0700 [debug] (validate.js) running validator actions
2026-05-20 23:55:09.326 +0700 [debug] (validate.js) running validator requests
2026-05-20 23:55:09.326 +0700 [debug] (validate.js) running validator app-dir
2026-05-20 23:55:09.326 +0700 [debug] (validate.js) running validator config-dir
2026-05-20 23:55:09.326 +0700 [debug] (config-dir.js) Checking to see if /Users/kevin/freshdesk-app/config/ exists.
2026-05-20 23:55:09.326 +0700 [debug] (config-dir.js) Fetched the following config files iparams.json
2026-05-20 23:55:09.326 +0700 [debug] (validate.js) running validator custom-objects
2026-05-20 23:55:09.326 +0700 [debug] (validate.js) running validator event
2026-05-20 23:55:09.327 +0700 [debug] (validate.js) running validator iparam
2026-05-20 23:55:09.327 +0700 [debug] (validate.js) running validator lint
2026-05-20 23:55:09.327 +0700 [debug] (lint.js) passed fix flag: undefined
2026-05-20 23:55:09.328 +0700 [debug] (lint.js) Running the following lints on the file app/scripts/app.js : no-eval,no-alert,no-debugger,no-unreachable,no-duplicate-imports,constructor-super,for-direction,no-class-assign,no-new-native-nonconstructor,valid-typeof,no-eq-null,no-var,require-await,no-unreachable-loop,no-redeclare,no-self-assign,no-setter-return,no-shadow-restricted-names,no-this-before-super,no-unsafe-finally,no-unsafe-optional-chaining,no-unused-vars,no-useless-catch,eqeqeq,prefer-const,require-yield,no-global-assign,no-caller,no-process-env,complexity,max-nested-callbacks,handle-callback-err,getter-return,no-async-promise-executor,no-case-declarations,no-compare-neg-zero,no-cond-assign,no-const-assign,no-constant-condition,no-control-regex,no-delete-var,no-dupe-args,no-dupe-class-members,no-dupe-else-if,no-dupe-keys,no-duplicate-case,no-empty,no-empty-character-class,no-empty-pattern,no-ex-assign,no-extra-boolean-cast,no-extra-semi,no-fallthrough,no-func-assign,no-import-assign,no-inner-declarations,no-invalid-regexp,no-irregular-whitespace,no-loss-of-precision,no-misleading-character-class,no-mixed-spaces-and-tabs,no-nonoctal-decimal-escape,no-obj-calls,no-octal,no-prototype-builtins,no-regex-spaces,no-sparse-arrays,no-unexpected-multiline,no-unsafe-negation,no-unused-labels,no-useless-backreference,no-useless-escape,no-with,use-isnan,no-unpkg-cdn,no-proxy-requests,no-unhandled-promise,no-logging-rejections,no-non-client-request-model,no-deprecated-apis,no-cross-scope-assign,no-empty-function
2026-05-20 23:55:09.411 +0700 [debug] (validate.js) running validator manifest
2026-05-20 23:55:09.411 +0700 [debug] (validate.js) skipping validator manifest-dependency
2026-05-20 23:55:09.411 +0700 [debug] (validate.js) running validator manifest-scripts
2026-05-20 23:55:09.411 +0700 [debug] (validate.js) running validator oauth
2026-05-20 23:55:09.411 +0700 [debug] (validate.js) skipping validator pkgsize
2026-05-20 23:55:09.411 +0700 [debug] (validate.js) running validator schema
2026-05-20 23:55:09.411 +0700 [debug] (validate.js) running validator version-check
2026-05-20 23:55:09.411 +0700 [debug] (validate.js) running validator app-settings
2026-05-20 23:55:09.414 +0700 [warn] Please ensure that the following are addressed for quick review process:
2026-05-20 23:55:09.414 +0700 [warn] [33m⚠[39m app/scripts/app.js::226: Use client.request when making API requests
2026-05-20 23:55:09.414 +0700 [warn] 
2026-05-20 23:55:09.415 +0700 [debug] (watcher.js) Preparing to watch the following files ./app,./config,./manifest.json
2026-05-20 23:55:09.464 +0700 [debug] (data.js) Read {"freshd_101_101_migrate_oauth_status":true,"report_hash":"5285247a521c3c2c7aaeb0d5f4dab29bc4277b7986dc282f2ac84eb48ba7c8fd"}
2026-05-20 23:55:09.464 +0700 [debug] (custom-objects.js) to force or not? undefined
2026-05-20 23:55:09.464 +0700 [debug] (custom-objects.js) beginning to re-sync db
2026-05-20 23:55:09.507 +0700 [debug] (data.js) Read {"freshd_101_101_migrate_oauth_status":true,"report_hash":"5285247a521c3c2c7aaeb0d5f4dab29bc4277b7986dc282f2ac84eb48ba7c8fd"}
2026-05-20 23:55:09.507 +0700 [debug] (custom-objects.js) updated local store with latest entity hash
2026-05-20 23:55:09.507 +0700 [debug] (run.js) migrate stored oauth configs from localstore to sqlite
2026-05-20 23:55:09.508 +0700 [debug] (data.js) Read {"freshd_101_101_migrate_oauth_status":true,"report_hash":"5285247a521c3c2c7aaeb0d5f4dab29bc4277b7986dc282f2ac84eb48ba7c8fd"}
2026-05-20 23:55:09.508 +0700 [debug] (data.js) Read {"freshd_101_101_migrate_oauth_status":true,"report_hash":"5285247a521c3c2c7aaeb0d5f4dab29bc4277b7986dc282f2ac84eb48ba7c8fd"}
2026-05-20 23:55:09.508 +0700 [debug] (oauth.js) migration completed, returning
2026-05-20 23:55:09.508 +0700 [info] Starting local testing server at http://*:10001/    
Append 'dev=true' to your current host URL to start testing    
     
e.g:     
2026-05-20 23:55:09.508 +0700 [info]   https://domain.freshdesk.com/a/tickets/1?dev=true
2026-05-20 23:55:09.508 +0700 [info] 
Quit the server with Control-C.
2026-05-20 23:55:10.884 +0700 [debug] (coverage.js) Writing coverage.
2026-05-20 23:55:22.430 +0700 [debug] (oauth.js) Fetching oauth configs of product : modules
2026-05-20 23:55:22.431 +0700 [debug] (iframe.js) Checking is authorized for all oauths 
2026-05-20 23:55:22.433 +0700 [debug] (data.js) Read {"freshd_101_101_migrate_oauth_status":true,"report_hash":"5285247a521c3c2c7aaeb0d5f4dab29bc4277b7986dc282f2ac84eb48ba7c8fd"}
2026-05-20 23:55:22.436 +0700 [debug] (data.js) Read {"freshd_101_101_migrate_oauth_status":true,"report_hash":"5285247a521c3c2c7aaeb0d5f4dab29bc4277b7986dc282f2ac84eb48ba7c8fd"}
2026-05-20 23:55:22.436 +0700 [debug] (iframe.js) Responding to product with {"configs":{},"displayName":"freshdesk-app","product":{"freshdesk":{"location":{"cti_global_sidebar":{"url":"agent/index.html","icon":"agent/styles/images/icon.svg"}}}},"modules":{"common":{"location":{"cti_global_sidebar":{"url":"index.html","icon":"styles/images/icon.svg"}}},"support_ticket":{}},"features":["db"],"actions":false,"omni":false,"products":["freshdesk"],"platform":"3.0","isInstall":false,"oauth_configs_list":[],"subscribed_modules":null,"endpoint_urls":null,"product_types":{},"currentHost":{"subscribed_modules":null,"endpoint_urls":null,"org_domain":null,"product_types":{}},"isAuthorized":true,"v2":[]}
2026-05-20 23:55:23.303 +0700 [debug] (oauth.js) Fetching oauth configs of product : modules
2026-05-20 23:55:23.303 +0700 [debug] (iframe.js) Checking is authorized for all oauths 
2026-05-20 23:55:23.304 +0700 [debug] (data.js) Read {"freshd_101_101_migrate_oauth_status":true,"report_hash":"5285247a521c3c2c7aaeb0d5f4dab29bc4277b7986dc282f2ac84eb48ba7c8fd"}
2026-05-20 23:55:23.304 +0700 [debug] (data.js) Read {"freshd_101_101_migrate_oauth_status":true,"report_hash":"5285247a521c3c2c7aaeb0d5f4dab29bc4277b7986dc282f2ac84eb48ba7c8fd"}
2026-05-20 23:55:23.304 +0700 [debug] (iframe.js) Responding to product with {"configs":{},"displayName":"freshdesk-app","product":{"freshdesk":{"location":{"cti_global_sidebar":{"url":"agent/index.html","icon":"agent/styles/images/icon.svg"}}}},"modules":{"common":{"location":{"cti_global_sidebar":{"url":"index.html","icon":"styles/images/icon.svg"}}},"support_ticket":{}},"features":["db"],"actions":false,"omni":false,"products":["freshdesk"],"platform":"3.0","isInstall":false,"oauth_configs_list":[],"subscribed_modules":null,"endpoint_urls":null,"product_types":{},"currentHost":{"subscribed_modules":null,"endpoint_urls":null,"org_domain":null,"product_types":{}},"isAuthorized":true,"v2":[]}
2026-05-20 23:55:23.583 +0700 [debug] (oauth.js) Fetching oauth configs of product : modules
2026-05-20 23:55:23.583 +0700 [debug] (iframe.js) Checking is authorized for all oauths 
2026-05-20 23:55:23.584 +0700 [debug] (data.js) Read {"freshd_101_101_migrate_oauth_status":true,"report_hash":"5285247a521c3c2c7aaeb0d5f4dab29bc4277b7986dc282f2ac84eb48ba7c8fd"}
2026-05-20 23:55:23.585 +0700 [debug] (data.js) Read {"freshd_101_101_migrate_oauth_status":true,"report_hash":"5285247a521c3c2c7aaeb0d5f4dab29bc4277b7986dc282f2ac84eb48ba7c8fd"}
2026-05-20 23:55:23.585 +0700 [debug] (iframe.js) Responding to product with {"configs":{},"displayName":"freshdesk-app","product":{"freshdesk":{"location":{"cti_global_sidebar":{"url":"agent/index.html","icon":"agent/styles/images/icon.svg"}}}},"modules":{"common":{"location":{"cti_global_sidebar":{"url":"index.html","icon":"styles/images/icon.svg"}}},"support_ticket":{}},"features":["db"],"actions":false,"omni":false,"products":["freshdesk"],"platform":"3.0","isInstall":false,"oauth_configs_list":[],"subscribed_modules":null,"endpoint_urls":null,"product_types":{},"currentHost":{"subscribed_modules":null,"endpoint_urls":null,"org_domain":null,"product_types":{}},"isAuthorized":true,"v2":[]}
2026-05-20 23:55:23.603 +0700 [debug] (http.js) Failed to parse URL: , error: Invalid URL
2026-05-20 23:55:23.611 +0700 [debug] (http.js) Failed to parse URL: , error: Invalid URL
2026-05-20 23:55:23.611 +0700 [debug] (iframe.js) Responding with contents of /index.html
2026-05-20 23:55:23.625 +0700 [debug] (iframe.js) Responding with contents of /scripts/app.js
2026-05-20 23:55:23.626 +0700 [debug] (coverage.js) Instrumenting /Users/kevin/freshdesk-app/app/scripts/app.js
2026-05-20 23:55:23.939 +0700 [debug] (oauth.js) Fetching oauth configs of product : modules
2026-05-20 23:55:23.939 +0700 [debug] (iframe.js) Checking is authorized for all oauths 
2026-05-20 23:55:23.940 +0700 [debug] (data.js) Read {"freshd_101_101_migrate_oauth_status":true,"report_hash":"5285247a521c3c2c7aaeb0d5f4dab29bc4277b7986dc282f2ac84eb48ba7c8fd"}
2026-05-20 23:55:23.941 +0700 [debug] (data.js) Read {"freshd_101_101_migrate_oauth_status":true,"report_hash":"5285247a521c3c2c7aaeb0d5f4dab29bc4277b7986dc282f2ac84eb48ba7c8fd"}
2026-05-20 23:55:23.941 +0700 [debug] (iframe.js) Responding to product with {"configs":{},"displayName":"freshdesk-app","product":{"freshdesk":{"location":{"cti_global_sidebar":{"url":"agent/index.html","icon":"agent/styles/images/icon.svg"}}}},"modules":{"common":{"location":{"cti_global_sidebar":{"url":"index.html","icon":"styles/images/icon.svg"}}},"support_ticket":{}},"features":["db"],"actions":false,"omni":false,"products":["freshdesk"],"platform":"3.0","isInstall":false,"oauth_configs_list":[],"subscribed_modules":null,"endpoint_urls":null,"product_types":{},"currentHost":{"subscribed_modules":null,"endpoint_urls":null,"org_domain":null,"product_types":{}},"isAuthorized":true,"v2":[]}
2026-05-20 23:55:24.243 +0700 [debug] (oauth.js) Fetching oauth configs of product : modules
2026-05-20 23:55:24.244 +0700 [debug] (iframe.js) Checking is authorized for all oauths 
2026-05-20 23:55:24.245 +0700 [debug] (data.js) Read {"freshd_101_101_migrate_oauth_status":true,"report_hash":"5285247a521c3c2c7aaeb0d5f4dab29bc4277b7986dc282f2ac84eb48ba7c8fd"}
2026-05-20 23:55:24.245 +0700 [debug] (data.js) Read {"freshd_101_101_migrate_oauth_status":true,"report_hash":"5285247a521c3c2c7aaeb0d5f4dab29bc4277b7986dc282f2ac84eb48ba7c8fd"}
2026-05-20 23:55:24.246 +0700 [debug] (iframe.js) Responding to product with {"configs":{},"displayName":"freshdesk-app","product":{"freshdesk":{"location":{"cti_global_sidebar":{"url":"agent/index.html","icon":"agent/styles/images/icon.svg"}}}},"modules":{"common":{"location":{"cti_global_sidebar":{"url":"index.html","icon":"styles/images/icon.svg"}}},"support_ticket":{}},"features":["db"],"actions":false,"omni":false,"products":["freshdesk"],"platform":"3.0","isInstall":false,"oauth_configs_list":[],"subscribed_modules":null,"endpoint_urls":null,"product_types":{},"currentHost":{"subscribed_modules":null,"endpoint_urls":null,"org_domain":null,"product_types":{}},"isAuthorized":true,"v2":[]}
2026-05-20 23:55:24.516 +0700 [debug] (oauth.js) Fetching oauth configs of product : modules
2026-05-20 23:55:24.516 +0700 [debug] (iframe.js) Checking is authorized for all oauths 
2026-05-20 23:55:24.517 +0700 [debug] (data.js) Read {"freshd_101_101_migrate_oauth_status":true,"report_hash":"5285247a521c3c2c7aaeb0d5f4dab29bc4277b7986dc282f2ac84eb48ba7c8fd"}
2026-05-20 23:55:24.518 +0700 [debug] (data.js) Read {"freshd_101_101_migrate_oauth_status":true,"report_hash":"5285247a521c3c2c7aaeb0d5f4dab29bc4277b7986dc282f2ac84eb48ba7c8fd"}
2026-05-20 23:55:24.518 +0700 [debug] (iframe.js) Responding to product with {"configs":{},"displayName":"freshdesk-app","product":{"freshdesk":{"location":{"cti_global_sidebar":{"url":"agent/index.html","icon":"agent/styles/images/icon.svg"}}}},"modules":{"common":{"location":{"cti_global_sidebar":{"url":"index.html","icon":"styles/images/icon.svg"}}},"support_ticket":{}},"features":["db"],"actions":false,"omni":false,"products":["freshdesk"],"platform":"3.0","isInstall":false,"oauth_configs_list":[],"subscribed_modules":null,"endpoint_urls":null,"product_types":{},"currentHost":{"subscribed_modules":null,"endpoint_urls":null,"org_domain":null,"product_types":{}},"isAuthorized":true,"v2":[]}
2026-05-20 23:55:24.787 +0700 [debug] (oauth.js) Fetching oauth configs of product : modules
2026-05-20 23:55:24.787 +0700 [debug] (iframe.js) Checking is authorized for all oauths 
2026-05-20 23:55:24.788 +0700 [debug] (data.js) Read {"freshd_101_101_migrate_oauth_status":true,"report_hash":"5285247a521c3c2c7aaeb0d5f4dab29bc4277b7986dc282f2ac84eb48ba7c8fd"}
2026-05-20 23:55:24.789 +0700 [debug] (data.js) Read {"freshd_101_101_migrate_oauth_status":true,"report_hash":"5285247a521c3c2c7aaeb0d5f4dab29bc4277b7986dc282f2ac84eb48ba7c8fd"}
2026-05-20 23:55:24.789 +0700 [debug] (iframe.js) Responding to product with {"configs":{},"displayName":"freshdesk-app","product":{"freshdesk":{"location":{"cti_global_sidebar":{"url":"agent/index.html","icon":"agent/styles/images/icon.svg"}}}},"modules":{"common":{"location":{"cti_global_sidebar":{"url":"index.html","icon":"styles/images/icon.svg"}}},"support_ticket":{}},"features":["db"],"actions":false,"omni":false,"products":["freshdesk"],"platform":"3.0","isInstall":false,"oauth_configs_list":[],"subscribed_modules":null,"endpoint_urls":null,"product_types":{},"currentHost":{"subscribed_modules":null,"endpoint_urls":null,"org_domain":null,"product_types":{}},"isAuthorized":true,"v2":[]}
2026-05-20 23:55:25.066 +0700 [debug] (oauth.js) Fetching oauth configs of product : modules
2026-05-20 23:55:25.066 +0700 [debug] (iframe.js) Checking is authorized for all oauths 
2026-05-20 23:55:25.066 +0700 [debug] (data.js) Read {"freshd_101_101_migrate_oauth_status":true,"report_hash":"5285247a521c3c2c7aaeb0d5f4dab29bc4277b7986dc282f2ac84eb48ba7c8fd"}
2026-05-20 23:55:25.066 +0700 [debug] (data.js) Read {"freshd_101_101_migrate_oauth_status":true,"report_hash":"5285247a521c3c2c7aaeb0d5f4dab29bc4277b7986dc282f2ac84eb48ba7c8fd"}
2026-05-20 23:55:25.067 +0700 [debug] (iframe.js) Responding to product with {"configs":{},"displayName":"freshdesk-app","product":{"freshdesk":{"location":{"cti_global_sidebar":{"url":"agent/index.html","icon":"agent/styles/images/icon.svg"}}}},"modules":{"common":{"location":{"cti_global_sidebar":{"url":"index.html","icon":"styles/images/icon.svg"}}},"support_ticket":{}},"features":["db"],"actions":false,"omni":false,"products":["freshdesk"],"platform":"3.0","isInstall":false,"oauth_configs_list":[],"subscribed_modules":null,"endpoint_urls":null,"product_types":{},"currentHost":{"subscribed_modules":null,"endpoint_urls":null,"org_domain":null,"product_types":{}},"isAuthorized":true,"v2":[]}
2026-05-20 23:55:25.897 +0700 [debug] (coverage.js) Writing coverage.
2026-05-20 23:58:12.348 +0700 [debug] (oauth.js) Fetching oauth configs of product : modules
2026-05-20 23:58:12.349 +0700 [debug] (iframe.js) Checking is authorized for all oauths 
2026-05-20 23:58:12.351 +0700 [debug] (data.js) Read {"freshd_101_101_migrate_oauth_status":true,"report_hash":"5285247a521c3c2c7aaeb0d5f4dab29bc4277b7986dc282f2ac84eb48ba7c8fd"}
2026-05-20 23:58:12.356 +0700 [debug] (data.js) Read {"freshd_101_101_migrate_oauth_status":true,"report_hash":"5285247a521c3c2c7aaeb0d5f4dab29bc4277b7986dc282f2ac84eb48ba7c8fd"}
2026-05-20 23:58:12.357 +0700 [debug] (iframe.js) Responding to product with {"configs":{},"displayName":"freshdesk-app","product":{"freshdesk":{"location":{"cti_global_sidebar":{"url":"agent/index.html","icon":"agent/styles/images/icon.svg"}}}},"modules":{"common":{"location":{"cti_global_sidebar":{"url":"index.html","icon":"styles/images/icon.svg"}}},"support_ticket":{}},"features":["db"],"actions":false,"omni":false,"products":["freshdesk"],"platform":"3.0","isInstall":false,"oauth_configs_list":[],"subscribed_modules":null,"endpoint_urls":null,"product_types":{},"currentHost":{"subscribed_modules":null,"endpoint_urls":null,"org_domain":null,"product_types":{}},"isAuthorized":true,"v2":[]}
2026-05-20 23:58:13.412 +0700 [debug] (oauth.js) Fetching oauth configs of product : modules
2026-05-20 23:58:13.413 +0700 [debug] (iframe.js) Checking is authorized for all oauths 
2026-05-20 23:58:13.414 +0700 [debug] (data.js) Read {"freshd_101_101_migrate_oauth_status":true,"report_hash":"5285247a521c3c2c7aaeb0d5f4dab29bc4277b7986dc282f2ac84eb48ba7c8fd"}
2026-05-20 23:58:13.414 +0700 [debug] (data.js) Read {"freshd_101_101_migrate_oauth_status":true,"report_hash":"5285247a521c3c2c7aaeb0d5f4dab29bc4277b7986dc282f2ac84eb48ba7c8fd"}
2026-05-20 23:58:13.415 +0700 [debug] (iframe.js) Responding to product with {"configs":{},"displayName":"freshdesk-app","product":{"freshdesk":{"location":{"cti_global_sidebar":{"url":"agent/index.html","icon":"agent/styles/images/icon.svg"}}}},"modules":{"common":{"location":{"cti_global_sidebar":{"url":"index.html","icon":"styles/images/icon.svg"}}},"support_ticket":{}},"features":["db"],"actions":false,"omni":false,"products":["freshdesk"],"platform":"3.0","isInstall":false,"oauth_configs_list":[],"subscribed_modules":null,"endpoint_urls":null,"product_types":{},"currentHost":{"subscribed_modules":null,"endpoint_urls":null,"org_domain":null,"product_types":{}},"isAuthorized":true,"v2":[]}
2026-05-20 23:58:13.679 +0700 [debug] (oauth.js) Fetching oauth configs of product : modules
2026-05-20 23:58:13.680 +0700 [debug] (iframe.js) Checking is authorized for all oauths 
2026-05-20 23:58:13.680 +0700 [debug] (data.js) Read {"freshd_101_101_migrate_oauth_status":true,"report_hash":"5285247a521c3c2c7aaeb0d5f4dab29bc4277b7986dc282f2ac84eb48ba7c8fd"}
2026-05-20 23:58:13.681 +0700 [debug] (data.js) Read {"freshd_101_101_migrate_oauth_status":true,"report_hash":"5285247a521c3c2c7aaeb0d5f4dab29bc4277b7986dc282f2ac84eb48ba7c8fd"}
2026-05-20 23:58:13.681 +0700 [debug] (iframe.js) Responding to product with {"configs":{},"displayName":"freshdesk-app","product":{"freshdesk":{"location":{"cti_global_sidebar":{"url":"agent/index.html","icon":"agent/styles/images/icon.svg"}}}},"modules":{"common":{"location":{"cti_global_sidebar":{"url":"index.html","icon":"styles/images/icon.svg"}}},"support_ticket":{}},"features":["db"],"actions":false,"omni":false,"products":["freshdesk"],"platform":"3.0","isInstall":false,"oauth_configs_list":[],"subscribed_modules":null,"endpoint_urls":null,"product_types":{},"currentHost":{"subscribed_modules":null,"endpoint_urls":null,"org_domain":null,"product_types":{}},"isAuthorized":true,"v2":[]}
2026-05-20 23:58:13.694 +0700 [debug] (http.js) Failed to parse URL: , error: Invalid URL
2026-05-20 23:58:13.703 +0700 [debug] (http.js) Failed to parse URL: , error: Invalid URL
2026-05-20 23:58:13.704 +0700 [debug] (iframe.js) Responding with contents of /index.html
2026-05-20 23:58:13.726 +0700 [debug] (iframe.js) Responding with contents of /scripts/app.js
2026-05-20 23:58:13.727 +0700 [debug] (coverage.js) Instrumenting /Users/kevin/freshdesk-app/app/scripts/app.js
2026-05-20 23:58:14.047 +0700 [debug] (oauth.js) Fetching oauth configs of product : modules
2026-05-20 23:58:14.048 +0700 [debug] (iframe.js) Checking is authorized for all oauths 
2026-05-20 23:58:14.048 +0700 [debug] (data.js) Read {"freshd_101_101_migrate_oauth_status":true,"report_hash":"5285247a521c3c2c7aaeb0d5f4dab29bc4277b7986dc282f2ac84eb48ba7c8fd"}
2026-05-20 23:58:14.049 +0700 [debug] (data.js) Read {"freshd_101_101_migrate_oauth_status":true,"report_hash":"5285247a521c3c2c7aaeb0d5f4dab29bc4277b7986dc282f2ac84eb48ba7c8fd"}
2026-05-20 23:58:14.049 +0700 [debug] (iframe.js) Responding to product with {"configs":{},"displayName":"freshdesk-app","product":{"freshdesk":{"location":{"cti_global_sidebar":{"url":"agent/index.html","icon":"agent/styles/images/icon.svg"}}}},"modules":{"common":{"location":{"cti_global_sidebar":{"url":"index.html","icon":"styles/images/icon.svg"}}},"support_ticket":{}},"features":["db"],"actions":false,"omni":false,"products":["freshdesk"],"platform":"3.0","isInstall":false,"oauth_configs_list":[],"subscribed_modules":null,"endpoint_urls":null,"product_types":{},"currentHost":{"subscribed_modules":null,"endpoint_urls":null,"org_domain":null,"product_types":{}},"isAuthorized":true,"v2":[]}
2026-05-20 23:58:14.351 +0700 [debug] (oauth.js) Fetching oauth configs of product : modules
2026-05-20 23:58:14.352 +0700 [debug] (iframe.js) Checking is authorized for all oauths 
2026-05-20 23:58:14.352 +0700 [debug] (data.js) Read {"freshd_101_101_migrate_oauth_status":true,"report_hash":"5285247a521c3c2c7aaeb0d5f4dab29bc4277b7986dc282f2ac84eb48ba7c8fd"}
2026-05-20 23:58:14.353 +0700 [debug] (data.js) Read {"freshd_101_101_migrate_oauth_status":true,"report_hash":"5285247a521c3c2c7aaeb0d5f4dab29bc4277b7986dc282f2ac84eb48ba7c8fd"}
2026-05-20 23:58:14.353 +0700 [debug] (iframe.js) Responding to product with {"configs":{},"displayName":"freshdesk-app","product":{"freshdesk":{"location":{"cti_global_sidebar":{"url":"agent/index.html","icon":"agent/styles/images/icon.svg"}}}},"modules":{"common":{"location":{"cti_global_sidebar":{"url":"index.html","icon":"styles/images/icon.svg"}}},"support_ticket":{}},"features":["db"],"actions":false,"omni":false,"products":["freshdesk"],"platform":"3.0","isInstall":false,"oauth_configs_list":[],"subscribed_modules":null,"endpoint_urls":null,"product_types":{},"currentHost":{"subscribed_modules":null,"endpoint_urls":null,"org_domain":null,"product_types":{}},"isAuthorized":true,"v2":[]}
2026-05-20 23:58:14.623 +0700 [debug] (oauth.js) Fetching oauth configs of product : modules
2026-05-20 23:58:14.623 +0700 [debug] (iframe.js) Checking is authorized for all oauths 
2026-05-20 23:58:14.624 +0700 [debug] (data.js) Read {"freshd_101_101_migrate_oauth_status":true,"report_hash":"5285247a521c3c2c7aaeb0d5f4dab29bc4277b7986dc282f2ac84eb48ba7c8fd"}
2026-05-20 23:58:14.625 +0700 [debug] (data.js) Read {"freshd_101_101_migrate_oauth_status":true,"report_hash":"5285247a521c3c2c7aaeb0d5f4dab29bc4277b7986dc282f2ac84eb48ba7c8fd"}
2026-05-20 23:58:14.625 +0700 [debug] (iframe.js) Responding to product with {"configs":{},"displayName":"freshdesk-app","product":{"freshdesk":{"location":{"cti_global_sidebar":{"url":"agent/index.html","icon":"agent/styles/images/icon.svg"}}}},"modules":{"common":{"location":{"cti_global_sidebar":{"url":"index.html","icon":"styles/images/icon.svg"}}},"support_ticket":{}},"features":["db"],"actions":false,"omni":false,"products":["freshdesk"],"platform":"3.0","isInstall":false,"oauth_configs_list":[],"subscribed_modules":null,"endpoint_urls":null,"product_types":{},"currentHost":{"subscribed_modules":null,"endpoint_urls":null,"org_domain":null,"product_types":{}},"isAuthorized":true,"v2":[]}
2026-05-20 23:58:14.891 +0700 [debug] (oauth.js) Fetching oauth configs of product : modules
2026-05-20 23:58:14.891 +0700 [debug] (iframe.js) Checking is authorized for all oauths 
2026-05-20 23:58:14.891 +0700 [debug] (data.js) Read {"freshd_101_101_migrate_oauth_status":true,"report_hash":"5285247a521c3c2c7aaeb0d5f4dab29bc4277b7986dc282f2ac84eb48ba7c8fd"}
2026-05-20 23:58:14.892 +0700 [debug] (data.js) Read {"freshd_101_101_migrate_oauth_status":true,"report_hash":"5285247a521c3c2c7aaeb0d5f4dab29bc4277b7986dc282f2ac84eb48ba7c8fd"}
2026-05-20 23:58:14.892 +0700 [debug] (iframe.js) Responding to product with {"configs":{},"displayName":"freshdesk-app","product":{"freshdesk":{"location":{"cti_global_sidebar":{"url":"agent/index.html","icon":"agent/styles/images/icon.svg"}}}},"modules":{"common":{"location":{"cti_global_sidebar":{"url":"index.html","icon":"styles/images/icon.svg"}}},"support_ticket":{}},"features":["db"],"actions":false,"omni":false,"products":["freshdesk"],"platform":"3.0","isInstall":false,"oauth_configs_list":[],"subscribed_modules":null,"endpoint_urls":null,"product_types":{},"currentHost":{"subscribed_modules":null,"endpoint_urls":null,"org_domain":null,"product_types":{}},"isAuthorized":true,"v2":[]}
2026-05-20 23:58:15.171 +0700 [debug] (oauth.js) Fetching oauth configs of product : modules
2026-05-20 23:58:15.172 +0700 [debug] (iframe.js) Checking is authorized for all oauths 
2026-05-20 23:58:15.173 +0700 [debug] (data.js) Read {"freshd_101_101_migrate_oauth_status":true,"report_hash":"5285247a521c3c2c7aaeb0d5f4dab29bc4277b7986dc282f2ac84eb48ba7c8fd"}
2026-05-20 23:58:15.173 +0700 [debug] (data.js) Read {"freshd_101_101_migrate_oauth_status":true,"report_hash":"5285247a521c3c2c7aaeb0d5f4dab29bc4277b7986dc282f2ac84eb48ba7c8fd"}
2026-05-20 23:58:15.173 +0700 [debug] (iframe.js) Responding to product with {"configs":{},"displayName":"freshdesk-app","product":{"freshdesk":{"location":{"cti_global_sidebar":{"url":"agent/index.html","icon":"agent/styles/images/icon.svg"}}}},"modules":{"common":{"location":{"cti_global_sidebar":{"url":"index.html","icon":"styles/images/icon.svg"}}},"support_ticket":{}},"features":["db"],"actions":false,"omni":false,"products":["freshdesk"],"platform":"3.0","isInstall":false,"oauth_configs_list":[],"subscribed_modules":null,"endpoint_urls":null,"product_types":{},"currentHost":{"subscribed_modules":null,"endpoint_urls":null,"org_domain":null,"product_types":{}},"isAuthorized":true,"v2":[]}
2026-05-20 23:58:15.890 +0700 [debug] (coverage.js) Writing coverage.
2026-05-21 00:34:08.166 +0700 [debug] (oauth.js) Fetching oauth configs of product : modules
2026-05-21 00:34:08.180 +0700 [debug] (iframe.js) Checking is authorized for all oauths 
2026-05-21 00:34:08.198 +0700 [debug] (data.js) Read {"freshd_101_101_migrate_oauth_status":true,"report_hash":"5285247a521c3c2c7aaeb0d5f4dab29bc4277b7986dc282f2ac84eb48ba7c8fd"}
2026-05-21 00:34:08.221 +0700 [debug] (data.js) Read {"freshd_101_101_migrate_oauth_status":true,"report_hash":"5285247a521c3c2c7aaeb0d5f4dab29bc4277b7986dc282f2ac84eb48ba7c8fd"}
2026-05-21 00:34:08.222 +0700 [debug] (iframe.js) Responding to product with {"configs":{},"displayName":"freshdesk-app","product":{"freshdesk":{"location":{"cti_global_sidebar":{"url":"agent/index.html","icon":"agent/styles/images/icon.svg"}}}},"modules":{"common":{"location":{"cti_global_sidebar":{"url":"index.html","icon":"styles/images/icon.svg"}}},"support_ticket":{}},"features":["db"],"actions":false,"omni":false,"products":["freshdesk"],"platform":"3.0","isInstall":false,"oauth_configs_list":[],"subscribed_modules":null,"endpoint_urls":null,"product_types":{},"currentHost":{"subscribed_modules":null,"endpoint_urls":null,"org_domain":null,"product_types":{}},"isAuthorized":true,"v2":[]}
2026-05-21 00:34:09.036 +0700 [debug] (oauth.js) Fetching oauth configs of product : modules
2026-05-21 00:34:09.036 +0700 [debug] (iframe.js) Checking is authorized for all oauths 
2026-05-21 00:34:09.037 +0700 [debug] (data.js) Read {"freshd_101_101_migrate_oauth_status":true,"report_hash":"5285247a521c3c2c7aaeb0d5f4dab29bc4277b7986dc282f2ac84eb48ba7c8fd"}
2026-05-21 00:34:09.038 +0700 [debug] (data.js) Read {"freshd_101_101_migrate_oauth_status":true,"report_hash":"5285247a521c3c2c7aaeb0d5f4dab29bc4277b7986dc282f2ac84eb48ba7c8fd"}
2026-05-21 00:34:09.038 +0700 [debug] (iframe.js) Responding to product with {"configs":{},"displayName":"freshdesk-app","product":{"freshdesk":{"location":{"cti_global_sidebar":{"url":"agent/index.html","icon":"agent/styles/images/icon.svg"}}}},"modules":{"common":{"location":{"cti_global_sidebar":{"url":"index.html","icon":"styles/images/icon.svg"}}},"support_ticket":{}},"features":["db"],"actions":false,"omni":false,"products":["freshdesk"],"platform":"3.0","isInstall":false,"oauth_configs_list":[],"subscribed_modules":null,"endpoint_urls":null,"product_types":{},"currentHost":{"subscribed_modules":null,"endpoint_urls":null,"org_domain":null,"product_types":{}},"isAuthorized":true,"v2":[]}
2026-05-21 00:34:09.335 +0700 [debug] (oauth.js) Fetching oauth configs of product : modules
2026-05-21 00:34:09.335 +0700 [debug] (iframe.js) Checking is authorized for all oauths 
2026-05-21 00:34:09.336 +0700 [debug] (data.js) Read {"freshd_101_101_migrate_oauth_status":true,"report_hash":"5285247a521c3c2c7aaeb0d5f4dab29bc4277b7986dc282f2ac84eb48ba7c8fd"}
2026-05-21 00:34:09.337 +0700 [debug] (data.js) Read {"freshd_101_101_migrate_oauth_status":true,"report_hash":"5285247a521c3c2c7aaeb0d5f4dab29bc4277b7986dc282f2ac84eb48ba7c8fd"}
2026-05-21 00:34:09.338 +0700 [debug] (iframe.js) Responding to product with {"configs":{},"displayName":"freshdesk-app","product":{"freshdesk":{"location":{"cti_global_sidebar":{"url":"agent/index.html","icon":"agent/styles/images/icon.svg"}}}},"modules":{"common":{"location":{"cti_global_sidebar":{"url":"index.html","icon":"styles/images/icon.svg"}}},"support_ticket":{}},"features":["db"],"actions":false,"omni":false,"products":["freshdesk"],"platform":"3.0","isInstall":false,"oauth_configs_list":[],"subscribed_modules":null,"endpoint_urls":null,"product_types":{},"currentHost":{"subscribed_modules":null,"endpoint_urls":null,"org_domain":null,"product_types":{}},"isAuthorized":true,"v2":[]}
2026-05-21 00:34:09.368 +0700 [debug] (http.js) Failed to parse URL: , error: Invalid URL
2026-05-21 00:34:09.370 +0700 [debug] (iframe.js) Responding with contents of /index.html
2026-05-21 00:34:09.392 +0700 [debug] (iframe.js) Responding with contents of /scripts/app.js
2026-05-21 00:34:09.394 +0700 [debug] (coverage.js) Instrumenting /Users/kevin/freshdesk-app/app/scripts/app.js
2026-05-21 00:34:09.632 +0700 [debug] (oauth.js) Fetching oauth configs of product : modules
2026-05-21 00:34:09.632 +0700 [debug] (iframe.js) Checking is authorized for all oauths 
2026-05-21 00:34:09.632 +0700 [debug] (data.js) Read {"freshd_101_101_migrate_oauth_status":true,"report_hash":"5285247a521c3c2c7aaeb0d5f4dab29bc4277b7986dc282f2ac84eb48ba7c8fd"}
2026-05-21 00:34:09.632 +0700 [debug] (data.js) Read {"freshd_101_101_migrate_oauth_status":true,"report_hash":"5285247a521c3c2c7aaeb0d5f4dab29bc4277b7986dc282f2ac84eb48ba7c8fd"}
2026-05-21 00:34:09.632 +0700 [debug] (iframe.js) Responding to product with {"configs":{},"displayName":"freshdesk-app","product":{"freshdesk":{"location":{"cti_global_sidebar":{"url":"agent/index.html","icon":"agent/styles/images/icon.svg"}}}},"modules":{"common":{"location":{"cti_global_sidebar":{"url":"index.html","icon":"styles/images/icon.svg"}}},"support_ticket":{}},"features":["db"],"actions":false,"omni":false,"products":["freshdesk"],"platform":"3.0","isInstall":false,"oauth_configs_list":[],"subscribed_modules":null,"endpoint_urls":null,"product_types":{},"currentHost":{"subscribed_modules":null,"endpoint_urls":null,"org_domain":null,"product_types":{}},"isAuthorized":true,"v2":[]}
2026-05-21 00:34:09.891 +0700 [debug] (oauth.js) Fetching oauth configs of product : modules
2026-05-21 00:34:09.891 +0700 [debug] (iframe.js) Checking is authorized for all oauths 
2026-05-21 00:34:09.891 +0700 [debug] (data.js) Read {"freshd_101_101_migrate_oauth_status":true,"report_hash":"5285247a521c3c2c7aaeb0d5f4dab29bc4277b7986dc282f2ac84eb48ba7c8fd"}
2026-05-21 00:34:09.892 +0700 [debug] (data.js) Read {"freshd_101_101_migrate_oauth_status":true,"report_hash":"5285247a521c3c2c7aaeb0d5f4dab29bc4277b7986dc282f2ac84eb48ba7c8fd"}
2026-05-21 00:34:09.892 +0700 [debug] (iframe.js) Responding to product with {"configs":{},"displayName":"freshdesk-app","product":{"freshdesk":{"location":{"cti_global_sidebar":{"url":"agent/index.html","icon":"agent/styles/images/icon.svg"}}}},"modules":{"common":{"location":{"cti_global_sidebar":{"url":"index.html","icon":"styles/images/icon.svg"}}},"support_ticket":{}},"features":["db"],"actions":false,"omni":false,"products":["freshdesk"],"platform":"3.0","isInstall":false,"oauth_configs_list":[],"subscribed_modules":null,"endpoint_urls":null,"product_types":{},"currentHost":{"subscribed_modules":null,"endpoint_urls":null,"org_domain":null,"product_types":{}},"isAuthorized":true,"v2":[]}
2026-05-21 00:34:10.151 +0700 [debug] (oauth.js) Fetching oauth configs of product : modules
2026-05-21 00:34:10.151 +0700 [debug] (iframe.js) Checking is authorized for all oauths 
2026-05-21 00:34:10.151 +0700 [debug] (data.js) Read {"freshd_101_101_migrate_oauth_status":true,"report_hash":"5285247a521c3c2c7aaeb0d5f4dab29bc4277b7986dc282f2ac84eb48ba7c8fd"}
2026-05-21 00:34:10.152 +0700 [debug] (data.js) Read {"freshd_101_101_migrate_oauth_status":true,"report_hash":"5285247a521c3c2c7aaeb0d5f4dab29bc4277b7986dc282f2ac84eb48ba7c8fd"}
2026-05-21 00:34:10.152 +0700 [debug] (iframe.js) Responding to product with {"configs":{},"displayName":"freshdesk-app","product":{"freshdesk":{"location":{"cti_global_sidebar":{"url":"agent/index.html","icon":"agent/styles/images/icon.svg"}}}},"modules":{"common":{"location":{"cti_global_sidebar":{"url":"index.html","icon":"styles/images/icon.svg"}}},"support_ticket":{}},"features":["db"],"actions":false,"omni":false,"products":["freshdesk"],"platform":"3.0","isInstall":false,"oauth_configs_list":[],"subscribed_modules":null,"endpoint_urls":null,"product_types":{},"currentHost":{"subscribed_modules":null,"endpoint_urls":null,"org_domain":null,"product_types":{}},"isAuthorized":true,"v2":[]}
2026-05-21 00:34:10.422 +0700 [debug] (oauth.js) Fetching oauth configs of product : modules
2026-05-21 00:34:10.422 +0700 [debug] (iframe.js) Checking is authorized for all oauths 
2026-05-21 00:34:10.423 +0700 [debug] (data.js) Read {"freshd_101_101_migrate_oauth_status":true,"report_hash":"5285247a521c3c2c7aaeb0d5f4dab29bc4277b7986dc282f2ac84eb48ba7c8fd"}
2026-05-21 00:34:10.423 +0700 [debug] (data.js) Read {"freshd_101_101_migrate_oauth_status":true,"report_hash":"5285247a521c3c2c7aaeb0d5f4dab29bc4277b7986dc282f2ac84eb48ba7c8fd"}
2026-05-21 00:34:10.423 +0700 [debug] (iframe.js) Responding to product with {"configs":{},"displayName":"freshdesk-app","product":{"freshdesk":{"location":{"cti_global_sidebar":{"url":"agent/index.html","icon":"agent/styles/images/icon.svg"}}}},"modules":{"common":{"location":{"cti_global_sidebar":{"url":"index.html","icon":"styles/images/icon.svg"}}},"support_ticket":{}},"features":["db"],"actions":false,"omni":false,"products":["freshdesk"],"platform":"3.0","isInstall":false,"oauth_configs_list":[],"subscribed_modules":null,"endpoint_urls":null,"product_types":{},"currentHost":{"subscribed_modules":null,"endpoint_urls":null,"org_domain":null,"product_types":{}},"isAuthorized":true,"v2":[]}
2026-05-21 00:34:10.716 +0700 [debug] (oauth.js) Fetching oauth configs of product : modules
2026-05-21 00:34:10.721 +0700 [debug] (iframe.js) Checking is authorized for all oauths 
2026-05-21 00:34:10.722 +0700 [debug] (data.js) Read {"freshd_101_101_migrate_oauth_status":true,"report_hash":"5285247a521c3c2c7aaeb0d5f4dab29bc4277b7986dc282f2ac84eb48ba7c8fd"}
2026-05-21 00:34:10.722 +0700 [debug] (data.js) Read {"freshd_101_101_migrate_oauth_status":true,"report_hash":"5285247a521c3c2c7aaeb0d5f4dab29bc4277b7986dc282f2ac84eb48ba7c8fd"}
2026-05-21 00:34:10.722 +0700 [debug] (iframe.js) Responding to product with {"configs":{},"displayName":"freshdesk-app","product":{"freshdesk":{"location":{"cti_global_sidebar":{"url":"agent/index.html","icon":"agent/styles/images/icon.svg"}}}},"modules":{"common":{"location":{"cti_global_sidebar":{"url":"index.html","icon":"styles/images/icon.svg"}}},"support_ticket":{}},"features":["db"],"actions":false,"omni":false,"products":["freshdesk"],"platform":"3.0","isInstall":false,"oauth_configs_list":[],"subscribed_modules":null,"endpoint_urls":null,"product_types":{},"currentHost":{"subscribed_modules":null,"endpoint_urls":null,"org_domain":null,"product_types":{}},"isAuthorized":true,"v2":[]}
2026-05-21 00:34:10.732 +0700 [debug] (http.js) Failed to parse URL: , error: Invalid URL
2026-05-21 00:34:11.938 +0700 [debug] (coverage.js) Writing coverage.
2026-05-21 00:40:45.816 +0700 [debug] (oauth.js) Fetching oauth configs of product : modules
2026-05-21 00:40:45.822 +0700 [debug] (iframe.js) Checking is authorized for all oauths 
2026-05-21 00:40:45.828 +0700 [debug] (data.js) Read {"freshd_101_101_migrate_oauth_status":true,"report_hash":"5285247a521c3c2c7aaeb0d5f4dab29bc4277b7986dc282f2ac84eb48ba7c8fd"}
2026-05-21 00:40:45.835 +0700 [debug] (data.js) Read {"freshd_101_101_migrate_oauth_status":true,"report_hash":"5285247a521c3c2c7aaeb0d5f4dab29bc4277b7986dc282f2ac84eb48ba7c8fd"}
2026-05-21 00:40:45.836 +0700 [debug] (iframe.js) Responding to product with {"configs":{},"displayName":"freshdesk-app","product":{"freshdesk":{"location":{"cti_global_sidebar":{"url":"agent/index.html","icon":"agent/styles/images/icon.svg"}}}},"modules":{"common":{"location":{"cti_global_sidebar":{"url":"index.html","icon":"styles/images/icon.svg"}}},"support_ticket":{}},"features":["db"],"actions":false,"omni":false,"products":["freshdesk"],"platform":"3.0","isInstall":false,"oauth_configs_list":[],"subscribed_modules":null,"endpoint_urls":null,"product_types":{},"currentHost":{"subscribed_modules":null,"endpoint_urls":null,"org_domain":null,"product_types":{}},"isAuthorized":true,"v2":[]}
2026-05-21 00:40:46.650 +0700 [debug] (oauth.js) Fetching oauth configs of product : modules
2026-05-21 00:40:46.650 +0700 [debug] (iframe.js) Checking is authorized for all oauths 
2026-05-21 00:40:46.651 +0700 [debug] (data.js) Read {"freshd_101_101_migrate_oauth_status":true,"report_hash":"5285247a521c3c2c7aaeb0d5f4dab29bc4277b7986dc282f2ac84eb48ba7c8fd"}
2026-05-21 00:40:46.652 +0700 [debug] (data.js) Read {"freshd_101_101_migrate_oauth_status":true,"report_hash":"5285247a521c3c2c7aaeb0d5f4dab29bc4277b7986dc282f2ac84eb48ba7c8fd"}
2026-05-21 00:40:46.652 +0700 [debug] (iframe.js) Responding to product with {"configs":{},"displayName":"freshdesk-app","product":{"freshdesk":{"location":{"cti_global_sidebar":{"url":"agent/index.html","icon":"agent/styles/images/icon.svg"}}}},"modules":{"common":{"location":{"cti_global_sidebar":{"url":"index.html","icon":"styles/images/icon.svg"}}},"support_ticket":{}},"features":["db"],"actions":false,"omni":false,"products":["freshdesk"],"platform":"3.0","isInstall":false,"oauth_configs_list":[],"subscribed_modules":null,"endpoint_urls":null,"product_types":{},"currentHost":{"subscribed_modules":null,"endpoint_urls":null,"org_domain":null,"product_types":{}},"isAuthorized":true,"v2":[]}
2026-05-21 00:40:46.985 +0700 [debug] (oauth.js) Fetching oauth configs of product : modules
2026-05-21 00:40:46.985 +0700 [debug] (iframe.js) Checking is authorized for all oauths 
2026-05-21 00:40:46.986 +0700 [debug] (data.js) Read {"freshd_101_101_migrate_oauth_status":true,"report_hash":"5285247a521c3c2c7aaeb0d5f4dab29bc4277b7986dc282f2ac84eb48ba7c8fd"}
2026-05-21 00:40:46.986 +0700 [debug] (data.js) Read {"freshd_101_101_migrate_oauth_status":true,"report_hash":"5285247a521c3c2c7aaeb0d5f4dab29bc4277b7986dc282f2ac84eb48ba7c8fd"}
2026-05-21 00:40:46.986 +0700 [debug] (iframe.js) Responding to product with {"configs":{},"displayName":"freshdesk-app","product":{"freshdesk":{"location":{"cti_global_sidebar":{"url":"agent/index.html","icon":"agent/styles/images/icon.svg"}}}},"modules":{"common":{"location":{"cti_global_sidebar":{"url":"index.html","icon":"styles/images/icon.svg"}}},"support_ticket":{}},"features":["db"],"actions":false,"omni":false,"products":["freshdesk"],"platform":"3.0","isInstall":false,"oauth_configs_list":[],"subscribed_modules":null,"endpoint_urls":null,"product_types":{},"currentHost":{"subscribed_modules":null,"endpoint_urls":null,"org_domain":null,"product_types":{}},"isAuthorized":true,"v2":[]}
2026-05-21 00:40:47.004 +0700 [debug] (http.js) Failed to parse URL: , error: Invalid URL
2026-05-21 00:40:47.017 +0700 [debug] (http.js) Failed to parse URL: , error: Invalid URL
2026-05-21 00:40:47.020 +0700 [debug] (iframe.js) Responding with contents of /index.html
2026-05-21 00:40:47.035 +0700 [debug] (iframe.js) Responding with contents of /scripts/app.js
2026-05-21 00:40:47.037 +0700 [debug] (coverage.js) Instrumenting /Users/kevin/freshdesk-app/app/scripts/app.js
2026-05-21 00:40:47.293 +0700 [debug] (oauth.js) Fetching oauth configs of product : modules
2026-05-21 00:40:47.293 +0700 [debug] (iframe.js) Checking is authorized for all oauths 
2026-05-21 00:40:47.300 +0700 [debug] (data.js) Read {"freshd_101_101_migrate_oauth_status":true,"report_hash":"5285247a521c3c2c7aaeb0d5f4dab29bc4277b7986dc282f2ac84eb48ba7c8fd"}
2026-05-21 00:40:47.300 +0700 [debug] (data.js) Read {"freshd_101_101_migrate_oauth_status":true,"report_hash":"5285247a521c3c2c7aaeb0d5f4dab29bc4277b7986dc282f2ac84eb48ba7c8fd"}
2026-05-21 00:40:47.301 +0700 [debug] (iframe.js) Responding to product with {"configs":{},"displayName":"freshdesk-app","product":{"freshdesk":{"location":{"cti_global_sidebar":{"url":"agent/index.html","icon":"agent/styles/images/icon.svg"}}}},"modules":{"common":{"location":{"cti_global_sidebar":{"url":"index.html","icon":"styles/images/icon.svg"}}},"support_ticket":{}},"features":["db"],"actions":false,"omni":false,"products":["freshdesk"],"platform":"3.0","isInstall":false,"oauth_configs_list":[],"subscribed_modules":null,"endpoint_urls":null,"product_types":{},"currentHost":{"subscribed_modules":null,"endpoint_urls":null,"org_domain":null,"product_types":{}},"isAuthorized":true,"v2":[]}
2026-05-21 00:40:47.572 +0700 [debug] (oauth.js) Fetching oauth configs of product : modules
2026-05-21 00:40:47.572 +0700 [debug] (iframe.js) Checking is authorized for all oauths 
2026-05-21 00:40:47.573 +0700 [debug] (data.js) Read {"freshd_101_101_migrate_oauth_status":true,"report_hash":"5285247a521c3c2c7aaeb0d5f4dab29bc4277b7986dc282f2ac84eb48ba7c8fd"}
2026-05-21 00:40:47.574 +0700 [debug] (data.js) Read {"freshd_101_101_migrate_oauth_status":true,"report_hash":"5285247a521c3c2c7aaeb0d5f4dab29bc4277b7986dc282f2ac84eb48ba7c8fd"}
2026-05-21 00:40:47.574 +0700 [debug] (iframe.js) Responding to product with {"configs":{},"displayName":"freshdesk-app","product":{"freshdesk":{"location":{"cti_global_sidebar":{"url":"agent/index.html","icon":"agent/styles/images/icon.svg"}}}},"modules":{"common":{"location":{"cti_global_sidebar":{"url":"index.html","icon":"styles/images/icon.svg"}}},"support_ticket":{}},"features":["db"],"actions":false,"omni":false,"products":["freshdesk"],"platform":"3.0","isInstall":false,"oauth_configs_list":[],"subscribed_modules":null,"endpoint_urls":null,"product_types":{},"currentHost":{"subscribed_modules":null,"endpoint_urls":null,"org_domain":null,"product_types":{}},"isAuthorized":true,"v2":[]}
2026-05-21 00:40:47.856 +0700 [debug] (oauth.js) Fetching oauth configs of product : modules
2026-05-21 00:40:47.856 +0700 [debug] (iframe.js) Checking is authorized for all oauths 
2026-05-21 00:40:47.857 +0700 [debug] (data.js) Read {"freshd_101_101_migrate_oauth_status":true,"report_hash":"5285247a521c3c2c7aaeb0d5f4dab29bc4277b7986dc282f2ac84eb48ba7c8fd"}
2026-05-21 00:40:47.858 +0700 [debug] (data.js) Read {"freshd_101_101_migrate_oauth_status":true,"report_hash":"5285247a521c3c2c7aaeb0d5f4dab29bc4277b7986dc282f2ac84eb48ba7c8fd"}
2026-05-21 00:40:47.862 +0700 [debug] (iframe.js) Responding to product with {"configs":{},"displayName":"freshdesk-app","product":{"freshdesk":{"location":{"cti_global_sidebar":{"url":"agent/index.html","icon":"agent/styles/images/icon.svg"}}}},"modules":{"common":{"location":{"cti_global_sidebar":{"url":"index.html","icon":"styles/images/icon.svg"}}},"support_ticket":{}},"features":["db"],"actions":false,"omni":false,"products":["freshdesk"],"platform":"3.0","isInstall":false,"oauth_configs_list":[],"subscribed_modules":null,"endpoint_urls":null,"product_types":{},"currentHost":{"subscribed_modules":null,"endpoint_urls":null,"org_domain":null,"product_types":{}},"isAuthorized":true,"v2":[]}
2026-05-21 00:40:48.125 +0700 [debug] (oauth.js) Fetching oauth configs of product : modules
2026-05-21 00:40:48.125 +0700 [debug] (iframe.js) Checking is authorized for all oauths 
2026-05-21 00:40:48.126 +0700 [debug] (data.js) Read {"freshd_101_101_migrate_oauth_status":true,"report_hash":"5285247a521c3c2c7aaeb0d5f4dab29bc4277b7986dc282f2ac84eb48ba7c8fd"}
2026-05-21 00:40:48.126 +0700 [debug] (data.js) Read {"freshd_101_101_migrate_oauth_status":true,"report_hash":"5285247a521c3c2c7aaeb0d5f4dab29bc4277b7986dc282f2ac84eb48ba7c8fd"}
2026-05-21 00:40:48.127 +0700 [debug] (iframe.js) Responding to product with {"configs":{},"displayName":"freshdesk-app","product":{"freshdesk":{"location":{"cti_global_sidebar":{"url":"agent/index.html","icon":"agent/styles/images/icon.svg"}}}},"modules":{"common":{"location":{"cti_global_sidebar":{"url":"index.html","icon":"styles/images/icon.svg"}}},"support_ticket":{}},"features":["db"],"actions":false,"omni":false,"products":["freshdesk"],"platform":"3.0","isInstall":false,"oauth_configs_list":[],"subscribed_modules":null,"endpoint_urls":null,"product_types":{},"currentHost":{"subscribed_modules":null,"endpoint_urls":null,"org_domain":null,"product_types":{}},"isAuthorized":true,"v2":[]}
2026-05-21 00:40:48.475 +0700 [debug] (oauth.js) Fetching oauth configs of product : modules
2026-05-21 00:40:48.475 +0700 [debug] (iframe.js) Checking is authorized for all oauths 
2026-05-21 00:40:48.476 +0700 [debug] (data.js) Read {"freshd_101_101_migrate_oauth_status":true,"report_hash":"5285247a521c3c2c7aaeb0d5f4dab29bc4277b7986dc282f2ac84eb48ba7c8fd"}
2026-05-21 00:40:48.477 +0700 [debug] (data.js) Read {"freshd_101_101_migrate_oauth_status":true,"report_hash":"5285247a521c3c2c7aaeb0d5f4dab29bc4277b7986dc282f2ac84eb48ba7c8fd"}
2026-05-21 00:40:48.477 +0700 [debug] (iframe.js) Responding to product with {"configs":{},"displayName":"freshdesk-app","product":{"freshdesk":{"location":{"cti_global_sidebar":{"url":"agent/index.html","icon":"agent/styles/images/icon.svg"}}}},"modules":{"common":{"location":{"cti_global_sidebar":{"url":"index.html","icon":"styles/images/icon.svg"}}},"support_ticket":{}},"features":["db"],"actions":false,"omni":false,"products":["freshdesk"],"platform":"3.0","isInstall":false,"oauth_configs_list":[],"subscribed_modules":null,"endpoint_urls":null,"product_types":{},"currentHost":{"subscribed_modules":null,"endpoint_urls":null,"org_domain":null,"product_types":{}},"isAuthorized":true,"v2":[]}
2026-05-21 00:40:49.823 +0700 [debug] (coverage.js) Writing coverage.
2026-05-21 00:44:20.604 +0700 [info] 
NOTE: We recommend a coverage of 80% for apps that are to be published in the public marketplace.
2026-05-21 00:44:28.987 +0700 [debug] (configs.js) loaded default configs as "{"updates":{"manifest_url":"https://cdn.freshdev.io/assets/fdk/updates.json","changelog_url":"https://cdn.freshdev.io/assets/fdk/change-log.json","period":24},"log":{"level":"info"},"javascript":{"ecma_version":2020},"request":{"timeout":15000,"maxFilesPerRequest":5},"global_apps":{"enabled":true},"easel":{"enabled":false},"job":{"timeout":120000}}"
2026-05-21 00:44:28.990 +0700 [debug] (configs.js) loaded global configs as "{"global_apps":{"enabled":"true"},"request":{"timeout":15000},"job":{"timeout":120000}}"
2026-05-21 00:44:28.990 +0700 [debug] (file.js) Error while requiring /Users/kevin/freshdesk-app/.fdk/configs.json: Cannot find module '/Users/kevin/freshdesk-app/.fdk/configs.json'
Require stack:
- /Users/kevin/.nvm/versions/node/v24.11.1/lib/node_modules/@freshworks/fdk/lib/utils/file.js
- /Users/kevin/.nvm/versions/node/v24.11.1/lib/node_modules/@freshworks/fdk/lib/configs.js
- /Users/kevin/.nvm/versions/node/v24.11.1/lib/node_modules/@freshworks/fdk/lib/logger.js
- /Users/kevin/.nvm/versions/node/v24.11.1/lib/node_modules/@freshworks/fdk/index.js
2026-05-21 00:44:28.990 +0700 [debug] (file.js) Error while requiring /Users/kevin/freshdesk-app/.fdk/configs.json: Cannot find module '/Users/kevin/freshdesk-app/.fdk/configs.json'
Require stack:
- /Users/kevin/.nvm/versions/node/v24.11.1/lib/node_modules/@freshworks/fdk/lib/utils/file.js
- /Users/kevin/.nvm/versions/node/v24.11.1/lib/node_modules/@freshworks/fdk/lib/configs.js
- /Users/kevin/.nvm/versions/node/v24.11.1/lib/node_modules/@freshworks/fdk/lib/logger.js
- /Users/kevin/.nvm/versions/node/v24.11.1/lib/node_modules/@freshworks/fdk/index.js
2026-05-21 00:44:28.990 +0700 [debug] (configs.js) loaded local configs as "{}"
2026-05-21 00:44:28.990 +0700 [debug] (configs.js) loaded env configs as "{"updates":{},"log":{},"javascript":{},"request":{"timeout":15000,"maxFilesPerRequest":5},"job":{"timeout":120000}}"
2026-05-21 00:44:28.990 +0700 [debug] (configs.js) loaded resolved configs as "{"updates":{"manifest_url":"https://cdn.freshdev.io/assets/fdk/updates.json","changelog_url":"https://cdn.freshdev.io/assets/fdk/change-log.json","period":24},"log":{"level":"info"},"javascript":{"ecma_version":2020},"request":{"timeout":15000,"maxFilesPerRequest":5},"global_apps":{"enabled":"true"},"easel":{"enabled":false},"job":{"timeout":120000}}"
2026-05-21 00:44:28.990 +0700 [debug] (logger.js) Starting FDK in node v24.11.1 on darwin
2026-05-21 00:44:28.990 +0700 [debug] (sequelize.js) setting up sqilite at "/Users/kevin/freshdesk-app/.fdk/store.sqlite"
2026-05-21 00:44:28.990 +0700 [debug] (data.js) Read {"version_details":{"cli":{"deprecated":{"version":"<9","message":"This FDK version has been deprecated. There will be no further feature updates to this version. For a seamless app-building experience, ensure to move to the latest FDK version. For more information, see https://developers.freshworks.com/docs/app-sdk/v2.3/freshdesk/migration-guide/#migrate-to-the-latest-platform-version."},"forced":{"version":"7.0.0","command":"npm install https://dl.freshdev.io/cli/fdk-7.0.0.tgz -g","message":"Your FDK version has been forced updated to v7.0.0, please visit https://community.developers.freshworks.com/t/fdk-v7-0-announcing-node-js-v12-and-es6-support/3606 to know more"},"latest":{"version":"10.1.2","command":"npm install https://cdn.freshdev.io/fdk/latest-v24.tgz -g","message":"You are on the latest FDK version. For information on the features available as part of this FDK version, see https://developers.freshworks.com/docs/?tab=modules."}},"addon":{"version":"2.2.7","url":"https://cdn.freshdev.io/assets/fdk/addons/addon.zip"}},"last_updated":{"time_stamp":1779285176837}}
2026-05-21 00:44:28.990 +0700 [debug] (updater.js) last check less than 24 hours ago, not looking for updates
2026-05-21 00:44:28.992 +0700 [debug] (index.js) running with opts {}
2026-05-21 00:44:29.071 +0700 [debug] (data.js) Read {"version_details":{"cli":{"deprecated":{"version":"<9","message":"This FDK version has been deprecated. There will be no further feature updates to this version. For a seamless app-building experience, ensure to move to the latest FDK version. For more information, see https://developers.freshworks.com/docs/app-sdk/v2.3/freshdesk/migration-guide/#migrate-to-the-latest-platform-version."},"forced":{"version":"7.0.0","command":"npm install https://dl.freshdev.io/cli/fdk-7.0.0.tgz -g","message":"Your FDK version has been forced updated to v7.0.0, please visit https://community.developers.freshworks.com/t/fdk-v7-0-announcing-node-js-v12-and-es6-support/3606 to know more"},"latest":{"version":"10.1.2","command":"npm install https://cdn.freshdev.io/fdk/latest-v24.tgz -g","message":"You are on the latest FDK version. For information on the features available as part of this FDK version, see https://developers.freshworks.com/docs/?tab=modules."}},"addon":{"version":"2.2.7","url":"https://cdn.freshdev.io/assets/fdk/addons/addon.zip"}},"last_updated":{"time_stamp":1779285176837}}
2026-05-21 00:44:29.072 +0700 [debug] (manifest.js) Reloading manifest with {"platform-version":"3.0","modules":{"common":{"location":{"cti_global_sidebar":{"url":"index.html","icon":"styles/images/icon.svg"}}},"support_ticket":{}},"engines":{"node":"24.11.1","fdk":"10.1.2"},"scripts":{"fdk-unit-test":"vitest run --coverage"}}.
2026-05-21 00:44:29.073 +0700 [debug] (manifest.js) Inferred db as features.
2026-05-21 00:44:29.098 +0700 [debug] (data.js) Read {"version_details":{"cli":{"deprecated":{"version":"<9","message":"This FDK version has been deprecated. There will be no further feature updates to this version. For a seamless app-building experience, ensure to move to the latest FDK version. For more information, see https://developers.freshworks.com/docs/app-sdk/v2.3/freshdesk/migration-guide/#migrate-to-the-latest-platform-version."},"forced":{"version":"7.0.0","command":"npm install https://dl.freshdev.io/cli/fdk-7.0.0.tgz -g","message":"Your FDK version has been forced updated to v7.0.0, please visit https://community.developers.freshworks.com/t/fdk-v7-0-announcing-node-js-v12-and-es6-support/3606 to know more"},"latest":{"version":"10.1.2","command":"npm install https://cdn.freshdev.io/fdk/latest-v24.tgz -g","message":"You are on the latest FDK version. For information on the features available as part of this FDK version, see https://developers.freshworks.com/docs/?tab=modules."}},"addon":{"version":"2.2.7","url":"https://cdn.freshdev.io/assets/fdk/addons/addon.zip"}},"last_updated":{"time_stamp":1779285176837}}
2026-05-21 00:44:29.258 +0700 [debug] (coverage.js) INIT: About to merge initial coverage data with 1 files
2026-05-21 00:44:29.259 +0700 [debug] (coverage.js) INIT: After merge - Files in map: 1
2026-05-21 00:44:29.303 +0700 [debug] (index.js) Initializing AJV schemas from individual files
2026-05-21 00:44:29.304 +0700 [debug] (index.js) Compiling schemas...
2026-05-21 00:44:29.310 +0700 [debug] (index.js) All schemas compiled successfully
2026-05-21 00:44:29.343 +0700 [debug] (index.js) loading model at "/Users/kevin/.nvm/versions/node/v24.11.1/lib/node_modules/@freshworks/fdk/lib/models/bigint-pivot.js"
2026-05-21 00:44:29.344 +0700 [debug] (index.js) loading model at "/Users/kevin/.nvm/versions/node/v24.11.1/lib/node_modules/@freshworks/fdk/lib/models/entity-field-choice.js"
2026-05-21 00:44:29.345 +0700 [debug] (index.js) loading model at "/Users/kevin/.nvm/versions/node/v24.11.1/lib/node_modules/@freshworks/fdk/lib/models/entity-field.js"
2026-05-21 00:44:29.345 +0700 [debug] (index.js) loading model at "/Users/kevin/.nvm/versions/node/v24.11.1/lib/node_modules/@freshworks/fdk/lib/models/entity.js"
2026-05-21 00:44:29.346 +0700 [debug] (index.js) loading model at "/Users/kevin/.nvm/versions/node/v24.11.1/lib/node_modules/@freshworks/fdk/lib/models/files.js"
2026-05-21 00:44:29.346 +0700 [debug] (index.js) loading model at "/Users/kevin/.nvm/versions/node/v24.11.1/lib/node_modules/@freshworks/fdk/lib/models/oauth-details.js"
2026-05-21 00:44:29.346 +0700 [debug] (index.js) loading model at "/Users/kevin/.nvm/versions/node/v24.11.1/lib/node_modules/@freshworks/fdk/lib/models/record.js"
2026-05-21 00:44:29.348 +0700 [debug] (index.js) loading model at "/Users/kevin/.nvm/versions/node/v24.11.1/lib/node_modules/@freshworks/fdk/lib/models/string-pivot.js"
2026-05-21 00:44:29.399 +0700 [debug] (index.js) 'schema: ' [object Object]
2026-05-21 00:44:29.407 +0700 [debug] (index.js) 'schema: ' [object Object]
2026-05-21 00:44:29.407 +0700 [debug] (index.js) 'schema: ' [object Object]
2026-05-21 00:44:29.408 +0700 [debug] (index.js) 'schema: ' [object Object]
2026-05-21 00:44:29.409 +0700 [debug] (index.js) 'schema: ' [object Object]
2026-05-21 00:44:29.409 +0700 [debug] (index.js) 'schema: ' [object Object]
2026-05-21 00:44:29.410 +0700 [debug] (index.js) 'schema: ' [object Object]
2026-05-21 00:44:29.413 +0700 [debug] (index.js) 'schema: ' [object Object]
2026-05-21 00:44:29.414 +0700 [debug] (index.js) 'schema: ' [object Object]
2026-05-21 00:44:29.414 +0700 [debug] (index.js) 'schema: ' [object Object]
2026-05-21 00:44:29.416 +0700 [debug] (index.js) 'schema: ' [object Object]
2026-05-21 00:44:29.417 +0700 [debug] (index.js) 'schema: ' [object Object]
2026-05-21 00:44:29.419 +0700 [debug] (index.js) 'schema: ' [object Object]
2026-05-21 00:44:29.419 +0700 [debug] (index.js) 'schema: ' [object Object]
2026-05-21 00:44:29.419 +0700 [debug] (index.js) 'schema: ' [object Object]
2026-05-21 00:44:29.420 +0700 [debug] (index.js) 'schema: ' [object Object]
2026-05-21 00:44:29.421 +0700 [debug] (index.js) 'schema: ' [object Object]
2026-05-21 00:44:29.428 +0700 [debug] (index.js) 'schema: ' [object Object]
2026-05-21 00:44:29.580 +0700 [debug] (data.js) Read {"version_details":{"cli":{"deprecated":{"version":"<9","message":"This FDK version has been deprecated. There will be no further feature updates to this version. For a seamless app-building experience, ensure to move to the latest FDK version. For more information, see https://developers.freshworks.com/docs/app-sdk/v2.3/freshdesk/migration-guide/#migrate-to-the-latest-platform-version."},"forced":{"version":"7.0.0","command":"npm install https://dl.freshdev.io/cli/fdk-7.0.0.tgz -g","message":"Your FDK version has been forced updated to v7.0.0, please visit https://community.developers.freshworks.com/t/fdk-v7-0-announcing-node-js-v12-and-es6-support/3606 to know more"},"latest":{"version":"10.1.2","command":"npm install https://cdn.freshdev.io/fdk/latest-v24.tgz -g","message":"You are on the latest FDK version. For information on the features available as part of this FDK version, see https://developers.freshworks.com/docs/?tab=modules."}},"addon":{"version":"2.2.7","url":"https://cdn.freshdev.io/assets/fdk/addons/addon.zip"}},"last_updated":{"time_stamp":1779285176837}}
2026-05-21 00:44:30.222 +0700 [debug] (validate.js) asked to skip the following validations, 
2026-05-21 00:44:30.222 +0700 [debug] (validate.js) running validator actions
2026-05-21 00:44:30.222 +0700 [debug] (validate.js) running validator requests
2026-05-21 00:44:30.222 +0700 [debug] (validate.js) running validator app-dir
2026-05-21 00:44:30.223 +0700 [debug] (validate.js) running validator config-dir
2026-05-21 00:44:30.223 +0700 [debug] (config-dir.js) Checking to see if /Users/kevin/freshdesk-app/config/ exists.
2026-05-21 00:44:30.223 +0700 [debug] (config-dir.js) Fetched the following config files iparams.json
2026-05-21 00:44:30.223 +0700 [debug] (validate.js) running validator custom-objects
2026-05-21 00:44:30.223 +0700 [debug] (validate.js) running validator event
2026-05-21 00:44:30.223 +0700 [debug] (validate.js) running validator iparam
2026-05-21 00:44:30.224 +0700 [debug] (validate.js) running validator lint
2026-05-21 00:44:30.224 +0700 [debug] (lint.js) passed fix flag: undefined
2026-05-21 00:44:30.225 +0700 [debug] (lint.js) Running the following lints on the file app/scripts/app.js : no-eval,no-alert,no-debugger,no-unreachable,no-duplicate-imports,constructor-super,for-direction,no-class-assign,no-new-native-nonconstructor,valid-typeof,no-eq-null,no-var,require-await,no-unreachable-loop,no-redeclare,no-self-assign,no-setter-return,no-shadow-restricted-names,no-this-before-super,no-unsafe-finally,no-unsafe-optional-chaining,no-unused-vars,no-useless-catch,eqeqeq,prefer-const,require-yield,no-global-assign,no-caller,no-process-env,complexity,max-nested-callbacks,handle-callback-err,getter-return,no-async-promise-executor,no-case-declarations,no-compare-neg-zero,no-cond-assign,no-const-assign,no-constant-condition,no-control-regex,no-delete-var,no-dupe-args,no-dupe-class-members,no-dupe-else-if,no-dupe-keys,no-duplicate-case,no-empty,no-empty-character-class,no-empty-pattern,no-ex-assign,no-extra-boolean-cast,no-extra-semi,no-fallthrough,no-func-assign,no-import-assign,no-inner-declarations,no-invalid-regexp,no-irregular-whitespace,no-loss-of-precision,no-misleading-character-class,no-mixed-spaces-and-tabs,no-nonoctal-decimal-escape,no-obj-calls,no-octal,no-prototype-builtins,no-regex-spaces,no-sparse-arrays,no-unexpected-multiline,no-unsafe-negation,no-unused-labels,no-useless-backreference,no-useless-escape,no-with,use-isnan,no-unpkg-cdn,no-proxy-requests,no-unhandled-promise,no-logging-rejections,no-non-client-request-model,no-deprecated-apis,no-cross-scope-assign,no-empty-function
2026-05-21 00:44:30.314 +0700 [debug] (validate.js) running validator manifest
2026-05-21 00:44:30.315 +0700 [debug] (validate.js) skipping validator manifest-dependency
2026-05-21 00:44:30.315 +0700 [debug] (validate.js) running validator manifest-scripts
2026-05-21 00:44:30.315 +0700 [debug] (validate.js) running validator oauth
2026-05-21 00:44:30.315 +0700 [debug] (validate.js) skipping validator pkgsize
2026-05-21 00:44:30.315 +0700 [debug] (validate.js) running validator schema
2026-05-21 00:44:30.315 +0700 [debug] (validate.js) running validator version-check
2026-05-21 00:44:30.315 +0700 [debug] (validate.js) running validator app-settings
2026-05-21 00:44:30.318 +0700 [warn] Please ensure that the following are addressed for quick review process:
2026-05-21 00:44:30.318 +0700 [warn] [33m⚠[39m app/scripts/app.js::226: Use client.request when making API requests
2026-05-21 00:44:30.318 +0700 [warn] 
2026-05-21 00:44:30.318 +0700 [debug] (watcher.js) Preparing to watch the following files ./app,./config,./manifest.json
2026-05-21 00:44:30.381 +0700 [debug] (data.js) Read {}
2026-05-21 00:44:30.382 +0700 [debug] (custom-objects.js) to force or not? undefined
2026-05-21 00:44:30.382 +0700 [debug] (custom-objects.js) beginning to re-sync db
2026-05-21 00:44:30.418 +0700 [debug] (data.js) Read {}
2026-05-21 00:44:30.418 +0700 [debug] (custom-objects.js) updated local store with latest entity hash
2026-05-21 00:44:30.418 +0700 [debug] (run.js) migrate stored oauth configs from localstore to sqlite
2026-05-21 00:44:30.418 +0700 [debug] (data.js) Read {}
2026-05-21 00:44:30.418 +0700 [debug] (data.js) Read {}
2026-05-21 00:44:30.418 +0700 [debug] (oauth.js) app without oauth configs, skipping oauth configs migration
2026-05-21 00:44:30.418 +0700 [debug] (data.js) Read {}
2026-05-21 00:44:30.418 +0700 [debug] (oauth.js) empty json, setting oauth migration flag to true
2026-05-21 00:44:30.418 +0700 [debug] (data.js) Read {"freshd_101_101_migrate_oauth_status":true}
2026-05-21 00:44:30.419 +0700 [info] Starting local testing server at http://*:10001/    
Append 'dev=true' to your current host URL to start testing    
     
e.g:     
2026-05-21 00:44:30.419 +0700 [info]   https://domain.freshdesk.com/a/tickets/1?dev=true
2026-05-21 00:44:30.419 +0700 [info] 
Quit the server with Control-C.
2026-05-21 00:44:32.096 +0700 [info] 
NOTE: We recommend a coverage of 80% for apps that are to be published in the public marketplace.
2026-05-21 00:45:28.786 +0700 [debug] (configs.js) loaded default configs as "{"updates":{"manifest_url":"https://cdn.freshdev.io/assets/fdk/updates.json","changelog_url":"https://cdn.freshdev.io/assets/fdk/change-log.json","period":24},"log":{"level":"info"},"javascript":{"ecma_version":2020},"request":{"timeout":15000,"maxFilesPerRequest":5},"global_apps":{"enabled":true},"easel":{"enabled":false},"job":{"timeout":120000}}"
2026-05-21 00:45:28.789 +0700 [debug] (configs.js) loaded global configs as "{"global_apps":{"enabled":"true"},"request":{"timeout":15000},"job":{"timeout":120000}}"
2026-05-21 00:45:28.789 +0700 [debug] (configs.js) loaded local configs as "{"request":{"timeout":15000},"job":{"timeout":120000},"global_apps":{"enabled":"true"}}"
2026-05-21 00:45:28.789 +0700 [debug] (configs.js) loaded env configs as "{"updates":{},"log":{},"javascript":{},"request":{"timeout":15000,"maxFilesPerRequest":5},"job":{"timeout":120000}}"
2026-05-21 00:45:28.789 +0700 [debug] (configs.js) loaded resolved configs as "{"updates":{"manifest_url":"https://cdn.freshdev.io/assets/fdk/updates.json","changelog_url":"https://cdn.freshdev.io/assets/fdk/change-log.json","period":24},"log":{"level":"info"},"javascript":{"ecma_version":2020},"request":{"timeout":15000,"maxFilesPerRequest":5},"global_apps":{"enabled":"true"},"easel":{"enabled":false},"job":{"timeout":120000}}"
2026-05-21 00:45:28.790 +0700 [debug] (logger.js) Starting FDK in node v24.11.1 on darwin
2026-05-21 00:45:28.790 +0700 [debug] (sequelize.js) setting up sqilite at "/Users/kevin/freshdesk-app/.fdk/store.sqlite"
2026-05-21 00:45:28.790 +0700 [debug] (data.js) Read {"version_details":{"cli":{"deprecated":{"version":"<9","message":"This FDK version has been deprecated. There will be no further feature updates to this version. For a seamless app-building experience, ensure to move to the latest FDK version. For more information, see https://developers.freshworks.com/docs/app-sdk/v2.3/freshdesk/migration-guide/#migrate-to-the-latest-platform-version."},"forced":{"version":"7.0.0","command":"npm install https://dl.freshdev.io/cli/fdk-7.0.0.tgz -g","message":"Your FDK version has been forced updated to v7.0.0, please visit https://community.developers.freshworks.com/t/fdk-v7-0-announcing-node-js-v12-and-es6-support/3606 to know more"},"latest":{"version":"10.1.2","command":"npm install https://cdn.freshdev.io/fdk/latest-v24.tgz -g","message":"You are on the latest FDK version. For information on the features available as part of this FDK version, see https://developers.freshworks.com/docs/?tab=modules."}},"addon":{"version":"2.2.7","url":"https://cdn.freshdev.io/assets/fdk/addons/addon.zip"}},"last_updated":{"time_stamp":1779285176837}}
2026-05-21 00:45:28.790 +0700 [debug] (updater.js) last check less than 24 hours ago, not looking for updates
2026-05-21 00:45:28.791 +0700 [debug] (index.js) running with opts {}
2026-05-21 00:45:28.866 +0700 [debug] (data.js) Read {"version_details":{"cli":{"deprecated":{"version":"<9","message":"This FDK version has been deprecated. There will be no further feature updates to this version. For a seamless app-building experience, ensure to move to the latest FDK version. For more information, see https://developers.freshworks.com/docs/app-sdk/v2.3/freshdesk/migration-guide/#migrate-to-the-latest-platform-version."},"forced":{"version":"7.0.0","command":"npm install https://dl.freshdev.io/cli/fdk-7.0.0.tgz -g","message":"Your FDK version has been forced updated to v7.0.0, please visit https://community.developers.freshworks.com/t/fdk-v7-0-announcing-node-js-v12-and-es6-support/3606 to know more"},"latest":{"version":"10.1.2","command":"npm install https://cdn.freshdev.io/fdk/latest-v24.tgz -g","message":"You are on the latest FDK version. For information on the features available as part of this FDK version, see https://developers.freshworks.com/docs/?tab=modules."}},"addon":{"version":"2.2.7","url":"https://cdn.freshdev.io/assets/fdk/addons/addon.zip"}},"last_updated":{"time_stamp":1779285176837}}
2026-05-21 00:45:28.868 +0700 [debug] (manifest.js) Reloading manifest with {"platform-version":"3.0","modules":{"common":{"location":{"cti_global_sidebar":{"url":"index.html","icon":"styles/images/icon.svg"}}},"support_ticket":{}},"engines":{"node":"24.11.1","fdk":"10.1.2"},"scripts":{"fdk-unit-test":"vitest run --coverage"}}.
2026-05-21 00:45:28.868 +0700 [debug] (manifest.js) Inferred db as features.
2026-05-21 00:45:28.900 +0700 [debug] (data.js) Read {"version_details":{"cli":{"deprecated":{"version":"<9","message":"This FDK version has been deprecated. There will be no further feature updates to this version. For a seamless app-building experience, ensure to move to the latest FDK version. For more information, see https://developers.freshworks.com/docs/app-sdk/v2.3/freshdesk/migration-guide/#migrate-to-the-latest-platform-version."},"forced":{"version":"7.0.0","command":"npm install https://dl.freshdev.io/cli/fdk-7.0.0.tgz -g","message":"Your FDK version has been forced updated to v7.0.0, please visit https://community.developers.freshworks.com/t/fdk-v7-0-announcing-node-js-v12-and-es6-support/3606 to know more"},"latest":{"version":"10.1.2","command":"npm install https://cdn.freshdev.io/fdk/latest-v24.tgz -g","message":"You are on the latest FDK version. For information on the features available as part of this FDK version, see https://developers.freshworks.com/docs/?tab=modules."}},"addon":{"version":"2.2.7","url":"https://cdn.freshdev.io/assets/fdk/addons/addon.zip"}},"last_updated":{"time_stamp":1779285176837}}
2026-05-21 00:45:29.049 +0700 [debug] (coverage.js) INIT: About to merge initial coverage data with 1 files
2026-05-21 00:45:29.050 +0700 [debug] (coverage.js) INIT: After merge - Files in map: 1
2026-05-21 00:45:29.090 +0700 [debug] (index.js) Initializing AJV schemas from individual files
2026-05-21 00:45:29.090 +0700 [debug] (index.js) Compiling schemas...
2026-05-21 00:45:29.097 +0700 [debug] (index.js) All schemas compiled successfully
2026-05-21 00:45:29.128 +0700 [debug] (index.js) loading model at "/Users/kevin/.nvm/versions/node/v24.11.1/lib/node_modules/@freshworks/fdk/lib/models/bigint-pivot.js"
2026-05-21 00:45:29.129 +0700 [debug] (index.js) loading model at "/Users/kevin/.nvm/versions/node/v24.11.1/lib/node_modules/@freshworks/fdk/lib/models/entity-field-choice.js"
2026-05-21 00:45:29.129 +0700 [debug] (index.js) loading model at "/Users/kevin/.nvm/versions/node/v24.11.1/lib/node_modules/@freshworks/fdk/lib/models/entity-field.js"
2026-05-21 00:45:29.130 +0700 [debug] (index.js) loading model at "/Users/kevin/.nvm/versions/node/v24.11.1/lib/node_modules/@freshworks/fdk/lib/models/entity.js"
2026-05-21 00:45:29.130 +0700 [debug] (index.js) loading model at "/Users/kevin/.nvm/versions/node/v24.11.1/lib/node_modules/@freshworks/fdk/lib/models/files.js"
2026-05-21 00:45:29.130 +0700 [debug] (index.js) loading model at "/Users/kevin/.nvm/versions/node/v24.11.1/lib/node_modules/@freshworks/fdk/lib/models/oauth-details.js"
2026-05-21 00:45:29.131 +0700 [debug] (index.js) loading model at "/Users/kevin/.nvm/versions/node/v24.11.1/lib/node_modules/@freshworks/fdk/lib/models/record.js"
2026-05-21 00:45:29.132 +0700 [debug] (index.js) loading model at "/Users/kevin/.nvm/versions/node/v24.11.1/lib/node_modules/@freshworks/fdk/lib/models/string-pivot.js"
2026-05-21 00:45:29.182 +0700 [debug] (index.js) 'schema: ' [object Object]
2026-05-21 00:45:29.188 +0700 [debug] (index.js) 'schema: ' [object Object]
2026-05-21 00:45:29.188 +0700 [debug] (index.js) 'schema: ' [object Object]
2026-05-21 00:45:29.189 +0700 [debug] (index.js) 'schema: ' [object Object]
2026-05-21 00:45:29.190 +0700 [debug] (index.js) 'schema: ' [object Object]
2026-05-21 00:45:29.190 +0700 [debug] (index.js) 'schema: ' [object Object]
2026-05-21 00:45:29.191 +0700 [debug] (index.js) 'schema: ' [object Object]
2026-05-21 00:45:29.194 +0700 [debug] (index.js) 'schema: ' [object Object]
2026-05-21 00:45:29.194 +0700 [debug] (index.js) 'schema: ' [object Object]
2026-05-21 00:45:29.194 +0700 [debug] (index.js) 'schema: ' [object Object]
2026-05-21 00:45:29.197 +0700 [debug] (index.js) 'schema: ' [object Object]
2026-05-21 00:45:29.198 +0700 [debug] (index.js) 'schema: ' [object Object]
2026-05-21 00:45:29.199 +0700 [debug] (index.js) 'schema: ' [object Object]
2026-05-21 00:45:29.199 +0700 [debug] (index.js) 'schema: ' [object Object]
2026-05-21 00:45:29.200 +0700 [debug] (index.js) 'schema: ' [object Object]
2026-05-21 00:45:29.201 +0700 [debug] (index.js) 'schema: ' [object Object]
2026-05-21 00:45:29.202 +0700 [debug] (index.js) 'schema: ' [object Object]
2026-05-21 00:45:29.208 +0700 [debug] (index.js) 'schema: ' [object Object]
2026-05-21 00:45:29.351 +0700 [debug] (data.js) Read {"version_details":{"cli":{"deprecated":{"version":"<9","message":"This FDK version has been deprecated. There will be no further feature updates to this version. For a seamless app-building experience, ensure to move to the latest FDK version. For more information, see https://developers.freshworks.com/docs/app-sdk/v2.3/freshdesk/migration-guide/#migrate-to-the-latest-platform-version."},"forced":{"version":"7.0.0","command":"npm install https://dl.freshdev.io/cli/fdk-7.0.0.tgz -g","message":"Your FDK version has been forced updated to v7.0.0, please visit https://community.developers.freshworks.com/t/fdk-v7-0-announcing-node-js-v12-and-es6-support/3606 to know more"},"latest":{"version":"10.1.2","command":"npm install https://cdn.freshdev.io/fdk/latest-v24.tgz -g","message":"You are on the latest FDK version. For information on the features available as part of this FDK version, see https://developers.freshworks.com/docs/?tab=modules."}},"addon":{"version":"2.2.7","url":"https://cdn.freshdev.io/assets/fdk/addons/addon.zip"}},"last_updated":{"time_stamp":1779285176837}}
2026-05-21 00:45:30.029 +0700 [debug] (validate.js) asked to skip the following validations, 
2026-05-21 00:45:30.029 +0700 [debug] (validate.js) running validator actions
2026-05-21 00:45:30.029 +0700 [debug] (validate.js) running validator requests
2026-05-21 00:45:30.029 +0700 [debug] (validate.js) running validator app-dir
2026-05-21 00:45:30.030 +0700 [debug] (validate.js) running validator config-dir
2026-05-21 00:45:30.030 +0700 [debug] (config-dir.js) Checking to see if /Users/kevin/freshdesk-app/config/ exists.
2026-05-21 00:45:30.030 +0700 [debug] (config-dir.js) Fetched the following config files iparams.json
2026-05-21 00:45:30.030 +0700 [debug] (validate.js) running validator custom-objects
2026-05-21 00:45:30.030 +0700 [debug] (validate.js) running validator event
2026-05-21 00:45:30.030 +0700 [debug] (validate.js) running validator iparam
2026-05-21 00:45:30.031 +0700 [debug] (validate.js) running validator lint
2026-05-21 00:45:30.031 +0700 [debug] (lint.js) passed fix flag: undefined
2026-05-21 00:45:30.033 +0700 [debug] (lint.js) Running the following lints on the file app/scripts/app.js : no-eval,no-alert,no-debugger,no-unreachable,no-duplicate-imports,constructor-super,for-direction,no-class-assign,no-new-native-nonconstructor,valid-typeof,no-eq-null,no-var,require-await,no-unreachable-loop,no-redeclare,no-self-assign,no-setter-return,no-shadow-restricted-names,no-this-before-super,no-unsafe-finally,no-unsafe-optional-chaining,no-unused-vars,no-useless-catch,eqeqeq,prefer-const,require-yield,no-global-assign,no-caller,no-process-env,complexity,max-nested-callbacks,handle-callback-err,getter-return,no-async-promise-executor,no-case-declarations,no-compare-neg-zero,no-cond-assign,no-const-assign,no-constant-condition,no-control-regex,no-delete-var,no-dupe-args,no-dupe-class-members,no-dupe-else-if,no-dupe-keys,no-duplicate-case,no-empty,no-empty-character-class,no-empty-pattern,no-ex-assign,no-extra-boolean-cast,no-extra-semi,no-fallthrough,no-func-assign,no-import-assign,no-inner-declarations,no-invalid-regexp,no-irregular-whitespace,no-loss-of-precision,no-misleading-character-class,no-mixed-spaces-and-tabs,no-nonoctal-decimal-escape,no-obj-calls,no-octal,no-prototype-builtins,no-regex-spaces,no-sparse-arrays,no-unexpected-multiline,no-unsafe-negation,no-unused-labels,no-useless-backreference,no-useless-escape,no-with,use-isnan,no-unpkg-cdn,no-proxy-requests,no-unhandled-promise,no-logging-rejections,no-non-client-request-model,no-deprecated-apis,no-cross-scope-assign,no-empty-function
2026-05-21 00:45:30.135 +0700 [debug] (validate.js) running validator manifest
2026-05-21 00:45:30.135 +0700 [debug] (validate.js) skipping validator manifest-dependency
2026-05-21 00:45:30.135 +0700 [debug] (validate.js) running validator manifest-scripts
2026-05-21 00:45:30.135 +0700 [debug] (validate.js) running validator oauth
2026-05-21 00:45:30.135 +0700 [debug] (validate.js) skipping validator pkgsize
2026-05-21 00:45:30.135 +0700 [debug] (validate.js) running validator schema
2026-05-21 00:45:30.135 +0700 [debug] (validate.js) running validator version-check
2026-05-21 00:45:30.135 +0700 [debug] (validate.js) running validator app-settings
2026-05-21 00:45:30.141 +0700 [warn] Please ensure that the following are addressed for quick review process:
2026-05-21 00:45:30.141 +0700 [warn] [33m⚠[39m app/scripts/app.js::226: Use client.request when making API requests
2026-05-21 00:45:30.141 +0700 [warn] 
2026-05-21 00:45:30.141 +0700 [debug] (watcher.js) Preparing to watch the following files ./app,./config,./manifest.json
2026-05-21 00:45:30.335 +0700 [debug] (data.js) Read {"freshd_101_101_migrate_oauth_status":true,"report_hash":"84b5a0a1c7bdb3e97c08e3a2b11acd83c43e237be83aaa4636fceb61aa6c9d0d"}
2026-05-21 00:45:30.337 +0700 [debug] (custom-objects.js) to force or not? undefined
2026-05-21 00:45:30.337 +0700 [debug] (custom-objects.js) beginning to re-sync db
2026-05-21 00:45:30.391 +0700 [debug] (data.js) Read {"freshd_101_101_migrate_oauth_status":true,"report_hash":"84b5a0a1c7bdb3e97c08e3a2b11acd83c43e237be83aaa4636fceb61aa6c9d0d"}
2026-05-21 00:45:30.391 +0700 [debug] (custom-objects.js) updated local store with latest entity hash
2026-05-21 00:45:30.391 +0700 [debug] (run.js) migrate stored oauth configs from localstore to sqlite
2026-05-21 00:45:30.391 +0700 [debug] (data.js) Read {"freshd_101_101_migrate_oauth_status":true,"report_hash":"84b5a0a1c7bdb3e97c08e3a2b11acd83c43e237be83aaa4636fceb61aa6c9d0d"}
2026-05-21 00:45:30.392 +0700 [debug] (data.js) Read {"freshd_101_101_migrate_oauth_status":true,"report_hash":"84b5a0a1c7bdb3e97c08e3a2b11acd83c43e237be83aaa4636fceb61aa6c9d0d"}
2026-05-21 00:45:30.392 +0700 [debug] (oauth.js) migration completed, returning
2026-05-21 00:45:30.392 +0700 [info] Starting local testing server at http://*:10001/    
Append 'dev=true' to your current host URL to start testing    
     
e.g:     
2026-05-21 00:45:30.392 +0700 [info]   https://domain.freshdesk.com/a/tickets/1?dev=true
2026-05-21 00:45:30.392 +0700 [info] 
Quit the server with Control-C.
2026-05-21 00:45:40.941 +0700 [debug] (oauth.js) Fetching oauth configs of product : modules
2026-05-21 00:45:40.942 +0700 [debug] (iframe.js) Checking is authorized for all oauths 
2026-05-21 00:45:40.944 +0700 [debug] (data.js) Read {"freshd_101_101_migrate_oauth_status":true,"report_hash":"84b5a0a1c7bdb3e97c08e3a2b11acd83c43e237be83aaa4636fceb61aa6c9d0d"}
2026-05-21 00:45:40.946 +0700 [debug] (data.js) Read {"freshd_101_101_migrate_oauth_status":true,"report_hash":"84b5a0a1c7bdb3e97c08e3a2b11acd83c43e237be83aaa4636fceb61aa6c9d0d"}
2026-05-21 00:45:40.946 +0700 [debug] (iframe.js) Responding to product with {"configs":{},"displayName":"freshdesk-app","product":{"freshdesk":{"location":{"cti_global_sidebar":{"url":"agent/index.html","icon":"agent/styles/images/icon.svg"}}}},"modules":{"common":{"location":{"cti_global_sidebar":{"url":"index.html","icon":"styles/images/icon.svg"}}},"support_ticket":{}},"features":["db"],"actions":false,"omni":false,"products":["freshdesk"],"platform":"3.0","isInstall":false,"oauth_configs_list":[],"subscribed_modules":null,"endpoint_urls":null,"product_types":{},"currentHost":{"subscribed_modules":null,"endpoint_urls":null,"org_domain":null,"product_types":{}},"isAuthorized":true,"v2":[]}
2026-05-21 00:45:41.750 +0700 [debug] (oauth.js) Fetching oauth configs of product : modules
2026-05-21 00:45:41.751 +0700 [debug] (iframe.js) Checking is authorized for all oauths 
2026-05-21 00:45:41.751 +0700 [debug] (data.js) Read {"freshd_101_101_migrate_oauth_status":true,"report_hash":"84b5a0a1c7bdb3e97c08e3a2b11acd83c43e237be83aaa4636fceb61aa6c9d0d"}
2026-05-21 00:45:41.752 +0700 [debug] (data.js) Read {"freshd_101_101_migrate_oauth_status":true,"report_hash":"84b5a0a1c7bdb3e97c08e3a2b11acd83c43e237be83aaa4636fceb61aa6c9d0d"}
2026-05-21 00:45:41.752 +0700 [debug] (iframe.js) Responding to product with {"configs":{},"displayName":"freshdesk-app","product":{"freshdesk":{"location":{"cti_global_sidebar":{"url":"agent/index.html","icon":"agent/styles/images/icon.svg"}}}},"modules":{"common":{"location":{"cti_global_sidebar":{"url":"index.html","icon":"styles/images/icon.svg"}}},"support_ticket":{}},"features":["db"],"actions":false,"omni":false,"products":["freshdesk"],"platform":"3.0","isInstall":false,"oauth_configs_list":[],"subscribed_modules":null,"endpoint_urls":null,"product_types":{},"currentHost":{"subscribed_modules":null,"endpoint_urls":null,"org_domain":null,"product_types":{}},"isAuthorized":true,"v2":[]}
2026-05-21 00:45:42.027 +0700 [debug] (oauth.js) Fetching oauth configs of product : modules
2026-05-21 00:45:42.027 +0700 [debug] (iframe.js) Checking is authorized for all oauths 
2026-05-21 00:45:42.028 +0700 [debug] (data.js) Read {"freshd_101_101_migrate_oauth_status":true,"report_hash":"84b5a0a1c7bdb3e97c08e3a2b11acd83c43e237be83aaa4636fceb61aa6c9d0d"}
2026-05-21 00:45:42.029 +0700 [debug] (data.js) Read {"freshd_101_101_migrate_oauth_status":true,"report_hash":"84b5a0a1c7bdb3e97c08e3a2b11acd83c43e237be83aaa4636fceb61aa6c9d0d"}
2026-05-21 00:45:42.029 +0700 [debug] (iframe.js) Responding to product with {"configs":{},"displayName":"freshdesk-app","product":{"freshdesk":{"location":{"cti_global_sidebar":{"url":"agent/index.html","icon":"agent/styles/images/icon.svg"}}}},"modules":{"common":{"location":{"cti_global_sidebar":{"url":"index.html","icon":"styles/images/icon.svg"}}},"support_ticket":{}},"features":["db"],"actions":false,"omni":false,"products":["freshdesk"],"platform":"3.0","isInstall":false,"oauth_configs_list":[],"subscribed_modules":null,"endpoint_urls":null,"product_types":{},"currentHost":{"subscribed_modules":null,"endpoint_urls":null,"org_domain":null,"product_types":{}},"isAuthorized":true,"v2":[]}
2026-05-21 00:45:42.052 +0700 [debug] (http.js) Failed to parse URL: , error: Invalid URL
2026-05-21 00:45:42.059 +0700 [debug] (http.js) Failed to parse URL: , error: Invalid URL
2026-05-21 00:45:42.060 +0700 [debug] (iframe.js) Responding with contents of /index.html
2026-05-21 00:45:42.073 +0700 [debug] (iframe.js) Responding with contents of /scripts/app.js
2026-05-21 00:45:42.074 +0700 [debug] (coverage.js) Instrumenting /Users/kevin/freshdesk-app/app/scripts/app.js
2026-05-21 00:45:42.327 +0700 [debug] (oauth.js) Fetching oauth configs of product : modules
2026-05-21 00:45:42.327 +0700 [debug] (iframe.js) Checking is authorized for all oauths 
2026-05-21 00:45:42.328 +0700 [debug] (data.js) Read {"freshd_101_101_migrate_oauth_status":true,"report_hash":"84b5a0a1c7bdb3e97c08e3a2b11acd83c43e237be83aaa4636fceb61aa6c9d0d"}
2026-05-21 00:45:42.328 +0700 [debug] (data.js) Read {"freshd_101_101_migrate_oauth_status":true,"report_hash":"84b5a0a1c7bdb3e97c08e3a2b11acd83c43e237be83aaa4636fceb61aa6c9d0d"}
2026-05-21 00:45:42.328 +0700 [debug] (iframe.js) Responding to product with {"configs":{},"displayName":"freshdesk-app","product":{"freshdesk":{"location":{"cti_global_sidebar":{"url":"agent/index.html","icon":"agent/styles/images/icon.svg"}}}},"modules":{"common":{"location":{"cti_global_sidebar":{"url":"index.html","icon":"styles/images/icon.svg"}}},"support_ticket":{}},"features":["db"],"actions":false,"omni":false,"products":["freshdesk"],"platform":"3.0","isInstall":false,"oauth_configs_list":[],"subscribed_modules":null,"endpoint_urls":null,"product_types":{},"currentHost":{"subscribed_modules":null,"endpoint_urls":null,"org_domain":null,"product_types":{}},"isAuthorized":true,"v2":[]}
2026-05-21 00:45:42.669 +0700 [debug] (oauth.js) Fetching oauth configs of product : modules
2026-05-21 00:45:42.671 +0700 [debug] (iframe.js) Checking is authorized for all oauths 
2026-05-21 00:45:42.672 +0700 [debug] (data.js) Read {"freshd_101_101_migrate_oauth_status":true,"report_hash":"84b5a0a1c7bdb3e97c08e3a2b11acd83c43e237be83aaa4636fceb61aa6c9d0d"}
2026-05-21 00:45:42.673 +0700 [debug] (data.js) Read {"freshd_101_101_migrate_oauth_status":true,"report_hash":"84b5a0a1c7bdb3e97c08e3a2b11acd83c43e237be83aaa4636fceb61aa6c9d0d"}
2026-05-21 00:45:42.673 +0700 [debug] (iframe.js) Responding to product with {"configs":{},"displayName":"freshdesk-app","product":{"freshdesk":{"location":{"cti_global_sidebar":{"url":"agent/index.html","icon":"agent/styles/images/icon.svg"}}}},"modules":{"common":{"location":{"cti_global_sidebar":{"url":"index.html","icon":"styles/images/icon.svg"}}},"support_ticket":{}},"features":["db"],"actions":false,"omni":false,"products":["freshdesk"],"platform":"3.0","isInstall":false,"oauth_configs_list":[],"subscribed_modules":null,"endpoint_urls":null,"product_types":{},"currentHost":{"subscribed_modules":null,"endpoint_urls":null,"org_domain":null,"product_types":{}},"isAuthorized":true,"v2":[]}
2026-05-21 00:45:42.942 +0700 [debug] (oauth.js) Fetching oauth configs of product : modules
2026-05-21 00:45:42.943 +0700 [debug] (iframe.js) Checking is authorized for all oauths 
2026-05-21 00:45:42.943 +0700 [debug] (data.js) Read {"freshd_101_101_migrate_oauth_status":true,"report_hash":"84b5a0a1c7bdb3e97c08e3a2b11acd83c43e237be83aaa4636fceb61aa6c9d0d"}
2026-05-21 00:45:42.944 +0700 [debug] (data.js) Read {"freshd_101_101_migrate_oauth_status":true,"report_hash":"84b5a0a1c7bdb3e97c08e3a2b11acd83c43e237be83aaa4636fceb61aa6c9d0d"}
2026-05-21 00:45:42.944 +0700 [debug] (iframe.js) Responding to product with {"configs":{},"displayName":"freshdesk-app","product":{"freshdesk":{"location":{"cti_global_sidebar":{"url":"agent/index.html","icon":"agent/styles/images/icon.svg"}}}},"modules":{"common":{"location":{"cti_global_sidebar":{"url":"index.html","icon":"styles/images/icon.svg"}}},"support_ticket":{}},"features":["db"],"actions":false,"omni":false,"products":["freshdesk"],"platform":"3.0","isInstall":false,"oauth_configs_list":[],"subscribed_modules":null,"endpoint_urls":null,"product_types":{},"currentHost":{"subscribed_modules":null,"endpoint_urls":null,"org_domain":null,"product_types":{}},"isAuthorized":true,"v2":[]}
2026-05-21 00:45:43.292 +0700 [debug] (oauth.js) Fetching oauth configs of product : modules
2026-05-21 00:45:43.292 +0700 [debug] (iframe.js) Checking is authorized for all oauths 
2026-05-21 00:45:43.294 +0700 [debug] (data.js) Read {"freshd_101_101_migrate_oauth_status":true,"report_hash":"84b5a0a1c7bdb3e97c08e3a2b11acd83c43e237be83aaa4636fceb61aa6c9d0d"}
2026-05-21 00:45:43.295 +0700 [debug] (data.js) Read {"freshd_101_101_migrate_oauth_status":true,"report_hash":"84b5a0a1c7bdb3e97c08e3a2b11acd83c43e237be83aaa4636fceb61aa6c9d0d"}
2026-05-21 00:45:43.295 +0700 [debug] (iframe.js) Responding to product with {"configs":{},"displayName":"freshdesk-app","product":{"freshdesk":{"location":{"cti_global_sidebar":{"url":"agent/index.html","icon":"agent/styles/images/icon.svg"}}}},"modules":{"common":{"location":{"cti_global_sidebar":{"url":"index.html","icon":"styles/images/icon.svg"}}},"support_ticket":{}},"features":["db"],"actions":false,"omni":false,"products":["freshdesk"],"platform":"3.0","isInstall":false,"oauth_configs_list":[],"subscribed_modules":null,"endpoint_urls":null,"product_types":{},"currentHost":{"subscribed_modules":null,"endpoint_urls":null,"org_domain":null,"product_types":{}},"isAuthorized":true,"v2":[]}
2026-05-21 00:45:43.579 +0700 [debug] (oauth.js) Fetching oauth configs of product : modules
2026-05-21 00:45:43.582 +0700 [debug] (iframe.js) Checking is authorized for all oauths 
2026-05-21 00:45:43.582 +0700 [debug] (data.js) Read {"freshd_101_101_migrate_oauth_status":true,"report_hash":"84b5a0a1c7bdb3e97c08e3a2b11acd83c43e237be83aaa4636fceb61aa6c9d0d"}
2026-05-21 00:45:43.583 +0700 [debug] (data.js) Read {"freshd_101_101_migrate_oauth_status":true,"report_hash":"84b5a0a1c7bdb3e97c08e3a2b11acd83c43e237be83aaa4636fceb61aa6c9d0d"}
2026-05-21 00:45:43.583 +0700 [debug] (iframe.js) Responding to product with {"configs":{},"displayName":"freshdesk-app","product":{"freshdesk":{"location":{"cti_global_sidebar":{"url":"agent/index.html","icon":"agent/styles/images/icon.svg"}}}},"modules":{"common":{"location":{"cti_global_sidebar":{"url":"index.html","icon":"styles/images/icon.svg"}}},"support_ticket":{}},"features":["db"],"actions":false,"omni":false,"products":["freshdesk"],"platform":"3.0","isInstall":false,"oauth_configs_list":[],"subscribed_modules":null,"endpoint_urls":null,"product_types":{},"currentHost":{"subscribed_modules":null,"endpoint_urls":null,"org_domain":null,"product_types":{}},"isAuthorized":true,"v2":[]}
2026-05-21 00:45:44.412 +0700 [debug] (coverage.js) Writing coverage.
2026-05-21 00:46:10.599 +0700 [debug] (oauth.js) Fetching oauth configs of product : modules
2026-05-21 00:46:10.601 +0700 [debug] (iframe.js) Checking is authorized for all oauths 
2026-05-21 00:46:10.602 +0700 [debug] (data.js) Read {"freshd_101_101_migrate_oauth_status":true,"report_hash":"84b5a0a1c7bdb3e97c08e3a2b11acd83c43e237be83aaa4636fceb61aa6c9d0d"}
2026-05-21 00:46:10.604 +0700 [debug] (data.js) Read {"freshd_101_101_migrate_oauth_status":true,"report_hash":"84b5a0a1c7bdb3e97c08e3a2b11acd83c43e237be83aaa4636fceb61aa6c9d0d"}
2026-05-21 00:46:10.604 +0700 [debug] (iframe.js) Responding to product with {"configs":{},"displayName":"freshdesk-app","product":{"freshdesk":{"location":{"cti_global_sidebar":{"url":"agent/index.html","icon":"agent/styles/images/icon.svg"}}}},"modules":{"common":{"location":{"cti_global_sidebar":{"url":"index.html","icon":"styles/images/icon.svg"}}},"support_ticket":{}},"features":["db"],"actions":false,"omni":false,"products":["freshdesk"],"platform":"3.0","isInstall":false,"oauth_configs_list":[],"subscribed_modules":null,"endpoint_urls":null,"product_types":{},"currentHost":{"subscribed_modules":null,"endpoint_urls":null,"org_domain":null,"product_types":{}},"isAuthorized":true,"v2":[]}
2026-05-21 00:46:10.987 +0700 [debug] (oauth.js) Fetching oauth configs of product : modules
2026-05-21 00:46:10.987 +0700 [debug] (iframe.js) Checking is authorized for all oauths 
2026-05-21 00:46:10.988 +0700 [debug] (data.js) Read {"freshd_101_101_migrate_oauth_status":true,"report_hash":"84b5a0a1c7bdb3e97c08e3a2b11acd83c43e237be83aaa4636fceb61aa6c9d0d"}
2026-05-21 00:46:10.988 +0700 [debug] (data.js) Read {"freshd_101_101_migrate_oauth_status":true,"report_hash":"84b5a0a1c7bdb3e97c08e3a2b11acd83c43e237be83aaa4636fceb61aa6c9d0d"}
2026-05-21 00:46:10.988 +0700 [debug] (iframe.js) Responding to product with {"configs":{},"displayName":"freshdesk-app","product":{"freshdesk":{"location":{"cti_global_sidebar":{"url":"agent/index.html","icon":"agent/styles/images/icon.svg"}}}},"modules":{"common":{"location":{"cti_global_sidebar":{"url":"index.html","icon":"styles/images/icon.svg"}}},"support_ticket":{}},"features":["db"],"actions":false,"omni":false,"products":["freshdesk"],"platform":"3.0","isInstall":false,"oauth_configs_list":[],"subscribed_modules":null,"endpoint_urls":null,"product_types":{},"currentHost":{"subscribed_modules":null,"endpoint_urls":null,"org_domain":null,"product_types":{}},"isAuthorized":true,"v2":[]}
2026-05-21 00:46:11.010 +0700 [debug] (http.js) Failed to parse URL: , error: Invalid URL
2026-05-21 00:46:11.054 +0700 [debug] (http.js) Failed to parse URL: , error: Invalid URL
2026-05-21 00:46:11.054 +0700 [debug] (iframe.js) Responding with contents of /index.html
2026-05-21 00:46:11.079 +0700 [debug] (iframe.js) Responding with contents of /scripts/app.js
2026-05-21 00:46:11.079 +0700 [debug] (coverage.js) Instrumenting /Users/kevin/freshdesk-app/app/scripts/app.js
2026-05-21 00:46:11.448 +0700 [debug] (oauth.js) Fetching oauth configs of product : modules
2026-05-21 00:46:11.449 +0700 [debug] (iframe.js) Checking is authorized for all oauths 
2026-05-21 00:46:11.450 +0700 [debug] (data.js) Read {"freshd_101_101_migrate_oauth_status":true,"report_hash":"84b5a0a1c7bdb3e97c08e3a2b11acd83c43e237be83aaa4636fceb61aa6c9d0d"}
2026-05-21 00:46:11.451 +0700 [debug] (data.js) Read {"freshd_101_101_migrate_oauth_status":true,"report_hash":"84b5a0a1c7bdb3e97c08e3a2b11acd83c43e237be83aaa4636fceb61aa6c9d0d"}
2026-05-21 00:46:11.451 +0700 [debug] (iframe.js) Responding to product with {"configs":{},"displayName":"freshdesk-app","product":{"freshdesk":{"location":{"cti_global_sidebar":{"url":"agent/index.html","icon":"agent/styles/images/icon.svg"}}}},"modules":{"common":{"location":{"cti_global_sidebar":{"url":"index.html","icon":"styles/images/icon.svg"}}},"support_ticket":{}},"features":["db"],"actions":false,"omni":false,"products":["freshdesk"],"platform":"3.0","isInstall":false,"oauth_configs_list":[],"subscribed_modules":null,"endpoint_urls":null,"product_types":{},"currentHost":{"subscribed_modules":null,"endpoint_urls":null,"org_domain":null,"product_types":{}},"isAuthorized":true,"v2":[]}
2026-05-21 00:46:13.152 +0700 [debug] (coverage.js) Writing coverage.
2026-05-21 00:49:51.215 +0700 [debug] (oauth.js) Fetching oauth configs of product : modules
2026-05-21 00:49:51.216 +0700 [debug] (iframe.js) Checking is authorized for all oauths 
2026-05-21 00:49:51.218 +0700 [debug] (data.js) Read {"freshd_101_101_migrate_oauth_status":true,"report_hash":"84b5a0a1c7bdb3e97c08e3a2b11acd83c43e237be83aaa4636fceb61aa6c9d0d"}
2026-05-21 00:49:51.221 +0700 [debug] (data.js) Read {"freshd_101_101_migrate_oauth_status":true,"report_hash":"84b5a0a1c7bdb3e97c08e3a2b11acd83c43e237be83aaa4636fceb61aa6c9d0d"}
2026-05-21 00:49:51.221 +0700 [debug] (iframe.js) Responding to product with {"configs":{},"displayName":"freshdesk-app","product":{"freshdesk":{"location":{"cti_global_sidebar":{"url":"agent/index.html","icon":"agent/styles/images/icon.svg"}}}},"modules":{"common":{"location":{"cti_global_sidebar":{"url":"index.html","icon":"styles/images/icon.svg"}}},"support_ticket":{}},"features":["db"],"actions":false,"omni":false,"products":["freshdesk"],"platform":"3.0","isInstall":false,"oauth_configs_list":[],"subscribed_modules":null,"endpoint_urls":null,"product_types":{},"currentHost":{"subscribed_modules":null,"endpoint_urls":null,"org_domain":null,"product_types":{}},"isAuthorized":true,"v2":[]}
2026-05-21 00:49:51.625 +0700 [debug] (oauth.js) Fetching oauth configs of product : modules
2026-05-21 00:49:51.625 +0700 [debug] (iframe.js) Checking is authorized for all oauths 
2026-05-21 00:49:51.626 +0700 [debug] (data.js) Read {"freshd_101_101_migrate_oauth_status":true,"report_hash":"84b5a0a1c7bdb3e97c08e3a2b11acd83c43e237be83aaa4636fceb61aa6c9d0d"}
2026-05-21 00:49:51.627 +0700 [debug] (data.js) Read {"freshd_101_101_migrate_oauth_status":true,"report_hash":"84b5a0a1c7bdb3e97c08e3a2b11acd83c43e237be83aaa4636fceb61aa6c9d0d"}
2026-05-21 00:49:51.627 +0700 [debug] (iframe.js) Responding to product with {"configs":{},"displayName":"freshdesk-app","product":{"freshdesk":{"location":{"cti_global_sidebar":{"url":"agent/index.html","icon":"agent/styles/images/icon.svg"}}}},"modules":{"common":{"location":{"cti_global_sidebar":{"url":"index.html","icon":"styles/images/icon.svg"}}},"support_ticket":{}},"features":["db"],"actions":false,"omni":false,"products":["freshdesk"],"platform":"3.0","isInstall":false,"oauth_configs_list":[],"subscribed_modules":null,"endpoint_urls":null,"product_types":{},"currentHost":{"subscribed_modules":null,"endpoint_urls":null,"org_domain":null,"product_types":{}},"isAuthorized":true,"v2":[]}
2026-05-21 00:49:51.645 +0700 [debug] (http.js) Failed to parse URL: , error: Invalid URL
2026-05-21 00:49:51.657 +0700 [debug] (http.js) Failed to parse URL: , error: Invalid URL
2026-05-21 00:49:51.658 +0700 [debug] (iframe.js) Responding with contents of /index.html
2026-05-21 00:49:51.670 +0700 [debug] (iframe.js) Responding with contents of /scripts/app.js
2026-05-21 00:49:51.670 +0700 [debug] (coverage.js) Instrumenting /Users/kevin/freshdesk-app/app/scripts/app.js
2026-05-21 00:49:51.937 +0700 [debug] (oauth.js) Fetching oauth configs of product : modules
2026-05-21 00:49:51.938 +0700 [debug] (iframe.js) Checking is authorized for all oauths 
2026-05-21 00:49:51.938 +0700 [debug] (data.js) Read {"freshd_101_101_migrate_oauth_status":true,"report_hash":"84b5a0a1c7bdb3e97c08e3a2b11acd83c43e237be83aaa4636fceb61aa6c9d0d"}
2026-05-21 00:49:51.939 +0700 [debug] (data.js) Read {"freshd_101_101_migrate_oauth_status":true,"report_hash":"84b5a0a1c7bdb3e97c08e3a2b11acd83c43e237be83aaa4636fceb61aa6c9d0d"}
2026-05-21 00:49:51.939 +0700 [debug] (iframe.js) Responding to product with {"configs":{},"displayName":"freshdesk-app","product":{"freshdesk":{"location":{"cti_global_sidebar":{"url":"agent/index.html","icon":"agent/styles/images/icon.svg"}}}},"modules":{"common":{"location":{"cti_global_sidebar":{"url":"index.html","icon":"styles/images/icon.svg"}}},"support_ticket":{}},"features":["db"],"actions":false,"omni":false,"products":["freshdesk"],"platform":"3.0","isInstall":false,"oauth_configs_list":[],"subscribed_modules":null,"endpoint_urls":null,"product_types":{},"currentHost":{"subscribed_modules":null,"endpoint_urls":null,"org_domain":null,"product_types":{}},"isAuthorized":true,"v2":[]}
2026-05-21 00:49:53.749 +0700 [debug] (coverage.js) Writing coverage.
2026-05-21 00:49:55.753 +0700 [debug] (coverage.js) Writing coverage.
2026-05-21 00:49:57.752 +0700 [debug] (coverage.js) Writing coverage.
2026-05-21 00:51:42.094 +0700 [info] 
NOTE: We recommend a coverage of 80% for apps that are to be published in the public marketplace.
2026-05-21 00:51:45.635 +0700 [debug] (configs.js) loaded default configs as "{"updates":{"manifest_url":"https://cdn.freshdev.io/assets/fdk/updates.json","changelog_url":"https://cdn.freshdev.io/assets/fdk/change-log.json","period":24},"log":{"level":"info"},"javascript":{"ecma_version":2020},"request":{"timeout":15000,"maxFilesPerRequest":5},"global_apps":{"enabled":true},"easel":{"enabled":false},"job":{"timeout":120000}}"
2026-05-21 00:51:45.636 +0700 [debug] (configs.js) loaded global configs as "{"global_apps":{"enabled":"true"},"request":{"timeout":15000},"job":{"timeout":120000}}"
2026-05-21 00:51:45.636 +0700 [debug] (configs.js) loaded local configs as "{"request":{"timeout":15000},"job":{"timeout":120000},"global_apps":{"enabled":"true"}}"
2026-05-21 00:51:45.636 +0700 [debug] (configs.js) loaded env configs as "{"updates":{},"log":{},"javascript":{},"request":{"timeout":15000,"maxFilesPerRequest":5},"job":{"timeout":120000}}"
2026-05-21 00:51:45.636 +0700 [debug] (configs.js) loaded resolved configs as "{"updates":{"manifest_url":"https://cdn.freshdev.io/assets/fdk/updates.json","changelog_url":"https://cdn.freshdev.io/assets/fdk/change-log.json","period":24},"log":{"level":"info"},"javascript":{"ecma_version":2020},"request":{"timeout":15000,"maxFilesPerRequest":5},"global_apps":{"enabled":"true"},"easel":{"enabled":false},"job":{"timeout":120000}}"
2026-05-21 00:51:45.636 +0700 [debug] (logger.js) Starting FDK in node v24.11.1 on darwin
2026-05-21 00:51:45.636 +0700 [debug] (sequelize.js) setting up sqilite at "/Users/kevin/freshdesk-app/.fdk/store.sqlite"
2026-05-21 00:51:45.637 +0700 [debug] (data.js) Read {"version_details":{"cli":{"deprecated":{"version":"<9","message":"This FDK version has been deprecated. There will be no further feature updates to this version. For a seamless app-building experience, ensure to move to the latest FDK version. For more information, see https://developers.freshworks.com/docs/app-sdk/v2.3/freshdesk/migration-guide/#migrate-to-the-latest-platform-version."},"forced":{"version":"7.0.0","command":"npm install https://dl.freshdev.io/cli/fdk-7.0.0.tgz -g","message":"Your FDK version has been forced updated to v7.0.0, please visit https://community.developers.freshworks.com/t/fdk-v7-0-announcing-node-js-v12-and-es6-support/3606 to know more"},"latest":{"version":"10.1.2","command":"npm install https://cdn.freshdev.io/fdk/latest-v24.tgz -g","message":"You are on the latest FDK version. For information on the features available as part of this FDK version, see https://developers.freshworks.com/docs/?tab=modules."}},"addon":{"version":"2.2.7","url":"https://cdn.freshdev.io/assets/fdk/addons/addon.zip"}},"last_updated":{"time_stamp":1779285176837}}
2026-05-21 00:51:45.637 +0700 [debug] (updater.js) last check less than 24 hours ago, not looking for updates
2026-05-21 00:51:45.638 +0700 [debug] (index.js) running with opts {}
2026-05-21 00:51:45.648 +0700 [debug] (data.js) Read {"version_details":{"cli":{"deprecated":{"version":"<9","message":"This FDK version has been deprecated. There will be no further feature updates to this version. For a seamless app-building experience, ensure to move to the latest FDK version. For more information, see https://developers.freshworks.com/docs/app-sdk/v2.3/freshdesk/migration-guide/#migrate-to-the-latest-platform-version."},"forced":{"version":"7.0.0","command":"npm install https://dl.freshdev.io/cli/fdk-7.0.0.tgz -g","message":"Your FDK version has been forced updated to v7.0.0, please visit https://community.developers.freshworks.com/t/fdk-v7-0-announcing-node-js-v12-and-es6-support/3606 to know more"},"latest":{"version":"10.1.2","command":"npm install https://cdn.freshdev.io/fdk/latest-v24.tgz -g","message":"You are on the latest FDK version. For information on the features available as part of this FDK version, see https://developers.freshworks.com/docs/?tab=modules."}},"addon":{"version":"2.2.7","url":"https://cdn.freshdev.io/assets/fdk/addons/addon.zip"}},"last_updated":{"time_stamp":1779285176837}}
2026-05-21 00:51:45.650 +0700 [debug] (manifest.js) Reloading manifest with {"platform-version":"3.0","modules":{"common":{"location":{"cti_global_sidebar":{"url":"index.html","icon":"styles/images/icon.svg"}}},"support_ticket":{}},"engines":{"node":"24.11.1","fdk":"10.1.2"},"scripts":{"fdk-unit-test":"vitest run --coverage"}}.
2026-05-21 00:51:45.650 +0700 [debug] (manifest.js) Inferred db as features.
2026-05-21 00:51:45.650 +0700 [debug] (data.js) Read {"version_details":{"cli":{"deprecated":{"version":"<9","message":"This FDK version has been deprecated. There will be no further feature updates to this version. For a seamless app-building experience, ensure to move to the latest FDK version. For more information, see https://developers.freshworks.com/docs/app-sdk/v2.3/freshdesk/migration-guide/#migrate-to-the-latest-platform-version."},"forced":{"version":"7.0.0","command":"npm install https://dl.freshdev.io/cli/fdk-7.0.0.tgz -g","message":"Your FDK version has been forced updated to v7.0.0, please visit https://community.developers.freshworks.com/t/fdk-v7-0-announcing-node-js-v12-and-es6-support/3606 to know more"},"latest":{"version":"10.1.2","command":"npm install https://cdn.freshdev.io/fdk/latest-v24.tgz -g","message":"You are on the latest FDK version. For information on the features available as part of this FDK version, see https://developers.freshworks.com/docs/?tab=modules."}},"addon":{"version":"2.2.7","url":"https://cdn.freshdev.io/assets/fdk/addons/addon.zip"}},"last_updated":{"time_stamp":1779285176837}}
2026-05-21 00:51:45.807 +0700 [debug] (coverage.js) INIT: About to merge initial coverage data with 1 files
2026-05-21 00:51:45.807 +0700 [debug] (coverage.js) INIT: After merge - Files in map: 1
2026-05-21 00:51:45.849 +0700 [debug] (index.js) Initializing AJV schemas from individual files
2026-05-21 00:51:45.849 +0700 [debug] (index.js) Compiling schemas...
2026-05-21 00:51:45.856 +0700 [debug] (index.js) All schemas compiled successfully
2026-05-21 00:51:46.040 +0700 [debug] (index.js) 'schema: ' [object Object]
2026-05-21 00:51:46.044 +0700 [debug] (index.js) 'schema: ' [object Object]
2026-05-21 00:51:46.044 +0700 [debug] (index.js) 'schema: ' [object Object]
2026-05-21 00:51:46.044 +0700 [debug] (index.js) 'schema: ' [object Object]
2026-05-21 00:51:46.045 +0700 [debug] (index.js) 'schema: ' [object Object]
2026-05-21 00:51:46.046 +0700 [debug] (index.js) 'schema: ' [object Object]
2026-05-21 00:51:46.047 +0700 [debug] (index.js) 'schema: ' [object Object]
2026-05-21 00:51:46.053 +0700 [debug] (index.js) 'schema: ' [object Object]
2026-05-21 00:51:46.054 +0700 [debug] (index.js) 'schema: ' [object Object]
2026-05-21 00:51:46.054 +0700 [debug] (index.js) 'schema: ' [object Object]
2026-05-21 00:51:46.057 +0700 [debug] (index.js) 'schema: ' [object Object]
2026-05-21 00:51:46.058 +0700 [debug] (index.js) 'schema: ' [object Object]
2026-05-21 00:51:46.059 +0700 [debug] (index.js) 'schema: ' [object Object]
2026-05-21 00:51:46.059 +0700 [debug] (index.js) 'schema: ' [object Object]
2026-05-21 00:51:46.059 +0700 [debug] (index.js) 'schema: ' [object Object]
2026-05-21 00:51:46.061 +0700 [debug] (index.js) 'schema: ' [object Object]
2026-05-21 00:51:46.062 +0700 [debug] (index.js) 'schema: ' [object Object]
2026-05-21 00:51:46.068 +0700 [debug] (index.js) 'schema: ' [object Object]
2026-05-21 00:51:46.508 +0700 [debug] (validate.js) asked to skip the following validations, 
2026-05-21 00:51:46.508 +0700 [debug] (validate.js) running validator actions
2026-05-21 00:51:46.508 +0700 [debug] (validate.js) running validator requests
2026-05-21 00:51:46.508 +0700 [debug] (validate.js) running validator app-dir
2026-05-21 00:51:46.508 +0700 [debug] (validate.js) running validator config-dir
2026-05-21 00:51:46.508 +0700 [debug] (config-dir.js) Checking to see if /Users/kevin/freshdesk-app/config/ exists.
2026-05-21 00:51:46.508 +0700 [debug] (config-dir.js) Fetched the following config files iparams.json
2026-05-21 00:51:46.508 +0700 [debug] (validate.js) running validator custom-objects
2026-05-21 00:51:46.508 +0700 [debug] (validate.js) running validator event
2026-05-21 00:51:46.508 +0700 [debug] (validate.js) running validator iparam
2026-05-21 00:51:46.509 +0700 [debug] (validate.js) running validator lint
2026-05-21 00:51:46.509 +0700 [debug] (lint.js) passed fix flag: undefined
2026-05-21 00:51:46.510 +0700 [debug] (lint.js) Running the following lints on the file app/scripts/app.js : no-eval,no-alert,no-debugger,no-unreachable,no-duplicate-imports,constructor-super,for-direction,no-class-assign,no-new-native-nonconstructor,valid-typeof,no-eq-null,no-var,require-await,no-unreachable-loop,no-redeclare,no-self-assign,no-setter-return,no-shadow-restricted-names,no-this-before-super,no-unsafe-finally,no-unsafe-optional-chaining,no-unused-vars,no-useless-catch,eqeqeq,prefer-const,require-yield,no-global-assign,no-caller,no-process-env,complexity,max-nested-callbacks,handle-callback-err,getter-return,no-async-promise-executor,no-case-declarations,no-compare-neg-zero,no-cond-assign,no-const-assign,no-constant-condition,no-control-regex,no-delete-var,no-dupe-args,no-dupe-class-members,no-dupe-else-if,no-dupe-keys,no-duplicate-case,no-empty,no-empty-character-class,no-empty-pattern,no-ex-assign,no-extra-boolean-cast,no-extra-semi,no-fallthrough,no-func-assign,no-import-assign,no-inner-declarations,no-invalid-regexp,no-irregular-whitespace,no-loss-of-precision,no-misleading-character-class,no-mixed-spaces-and-tabs,no-nonoctal-decimal-escape,no-obj-calls,no-octal,no-prototype-builtins,no-regex-spaces,no-sparse-arrays,no-unexpected-multiline,no-unsafe-negation,no-unused-labels,no-useless-backreference,no-useless-escape,no-with,use-isnan,no-unpkg-cdn,no-proxy-requests,no-unhandled-promise,no-logging-rejections,no-non-client-request-model,no-deprecated-apis,no-cross-scope-assign,no-empty-function
2026-05-21 00:51:46.596 +0700 [debug] (validate.js) running validator manifest
2026-05-21 00:51:46.596 +0700 [debug] (validate.js) running validator manifest-dependency
2026-05-21 00:51:46.596 +0700 [debug] (validate.js) skipping validator manifest-scripts
2026-05-21 00:51:46.596 +0700 [debug] (validate.js) running validator oauth
2026-05-21 00:51:46.596 +0700 [debug] (validate.js) skipping validator pkgsize
2026-05-21 00:51:46.596 +0700 [debug] (validate.js) skipping validator schema
2026-05-21 00:51:46.596 +0700 [debug] (validate.js) running validator version-check
2026-05-21 00:51:46.596 +0700 [debug] (validate.js) running validator app-settings
2026-05-21 00:51:46.599 +0700 [warn] Please ensure that the following are addressed for quick review process:
2026-05-21 00:51:46.599 +0700 [warn] [33m⚠[39m app/scripts/app.js::226: Use client.request when making API requests
2026-05-21 00:51:46.599 +0700 [warn] 
2026-05-21 00:51:46.599 +0700 [info] ================================================================
2026-05-21 00:51:46.599 +0700 [info] |                      Validation Summary                      |
2026-05-21 00:51:46.600 +0700 [info] ================================================================
2026-05-21 00:51:46.600 +0700 [info] | [1;31mTotal Platform Errors: 0[0m                                     |
2026-05-21 00:51:46.600 +0700 [info] | [1;31mTotal Lint Errors    : 0[0m                                     |
2026-05-21 00:51:46.600 +0700 [info] | [1;33mTotal Warnings       : 1[0m                                     |
2026-05-21 00:51:46.600 +0700 [info] ================================================================

2026-05-21 00:51:46.600 +0700 [info] [32m✔[39m Validation Successful
2026-05-21 00:51:46.617 +0700 [debug] (report.js) Generating hash for report.json file
2026-05-21 01:08:31.947 +0700 [debug] (configs.js) loaded default configs as "{"updates":{"manifest_url":"https://cdn.freshdev.io/assets/fdk/updates.json","changelog_url":"https://cdn.freshdev.io/assets/fdk/change-log.json","period":24},"log":{"level":"info"},"javascript":{"ecma_version":2020},"request":{"timeout":15000,"maxFilesPerRequest":5},"global_apps":{"enabled":true},"easel":{"enabled":false},"job":{"timeout":120000}}"
2026-05-21 01:08:31.951 +0700 [debug] (configs.js) loaded global configs as "{"global_apps":{"enabled":"true"},"request":{"timeout":15000},"job":{"timeout":120000}}"
2026-05-21 01:08:31.951 +0700 [debug] (configs.js) loaded local configs as "{"request":{"timeout":15000},"job":{"timeout":120000},"global_apps":{"enabled":"true"}}"
2026-05-21 01:08:31.951 +0700 [debug] (configs.js) loaded env configs as "{"updates":{},"log":{},"javascript":{},"request":{"timeout":15000,"maxFilesPerRequest":5},"job":{"timeout":120000}}"
2026-05-21 01:08:31.951 +0700 [debug] (configs.js) loaded resolved configs as "{"updates":{"manifest_url":"https://cdn.freshdev.io/assets/fdk/updates.json","changelog_url":"https://cdn.freshdev.io/assets/fdk/change-log.json","period":24},"log":{"level":"info"},"javascript":{"ecma_version":2020},"request":{"timeout":15000,"maxFilesPerRequest":5},"global_apps":{"enabled":"true"},"easel":{"enabled":false},"job":{"timeout":120000}}"
2026-05-21 01:08:31.951 +0700 [debug] (logger.js) Starting FDK in node v24.11.1 on darwin
2026-05-21 01:08:31.951 +0700 [debug] (sequelize.js) setting up sqilite at "/Users/kevin/freshdesk-app/.fdk/store.sqlite"
2026-05-21 01:08:31.951 +0700 [debug] (data.js) Read {"version_details":{"cli":{"deprecated":{"version":"<9","message":"This FDK version has been deprecated. There will be no further feature updates to this version. For a seamless app-building experience, ensure to move to the latest FDK version. For more information, see https://developers.freshworks.com/docs/app-sdk/v2.3/freshdesk/migration-guide/#migrate-to-the-latest-platform-version."},"forced":{"version":"7.0.0","command":"npm install https://dl.freshdev.io/cli/fdk-7.0.0.tgz -g","message":"Your FDK version has been forced updated to v7.0.0, please visit https://community.developers.freshworks.com/t/fdk-v7-0-announcing-node-js-v12-and-es6-support/3606 to know more"},"latest":{"version":"10.1.2","command":"npm install https://cdn.freshdev.io/fdk/latest-v24.tgz -g","message":"You are on the latest FDK version. For information on the features available as part of this FDK version, see https://developers.freshworks.com/docs/?tab=modules."}},"addon":{"version":"2.2.7","url":"https://cdn.freshdev.io/assets/fdk/addons/addon.zip"}},"last_updated":{"time_stamp":1779285176837}}
2026-05-21 01:08:31.951 +0700 [debug] (updater.js) last check less than 24 hours ago, not looking for updates
2026-05-21 01:08:31.953 +0700 [debug] (index.js) running with opts {}
2026-05-21 01:08:32.041 +0700 [debug] (data.js) Read {"version_details":{"cli":{"deprecated":{"version":"<9","message":"This FDK version has been deprecated. There will be no further feature updates to this version. For a seamless app-building experience, ensure to move to the latest FDK version. For more information, see https://developers.freshworks.com/docs/app-sdk/v2.3/freshdesk/migration-guide/#migrate-to-the-latest-platform-version."},"forced":{"version":"7.0.0","command":"npm install https://dl.freshdev.io/cli/fdk-7.0.0.tgz -g","message":"Your FDK version has been forced updated to v7.0.0, please visit https://community.developers.freshworks.com/t/fdk-v7-0-announcing-node-js-v12-and-es6-support/3606 to know more"},"latest":{"version":"10.1.2","command":"npm install https://cdn.freshdev.io/fdk/latest-v24.tgz -g","message":"You are on the latest FDK version. For information on the features available as part of this FDK version, see https://developers.freshworks.com/docs/?tab=modules."}},"addon":{"version":"2.2.7","url":"https://cdn.freshdev.io/assets/fdk/addons/addon.zip"}},"last_updated":{"time_stamp":1779285176837}}
2026-05-21 01:08:32.042 +0700 [debug] (manifest.js) Reloading manifest with {"platform-version":"3.0","modules":{"common":{"location":{"cti_global_sidebar":{"url":"index.html","icon":"styles/images/icon.svg"}}},"support_ticket":{}},"engines":{"node":"24.11.1","fdk":"10.1.2"},"scripts":{"fdk-unit-test":"vitest run --coverage"}}.
2026-05-21 01:08:32.042 +0700 [debug] (manifest.js) Inferred db as features.
2026-05-21 01:08:32.043 +0700 [debug] (data.js) Read {"version_details":{"cli":{"deprecated":{"version":"<9","message":"This FDK version has been deprecated. There will be no further feature updates to this version. For a seamless app-building experience, ensure to move to the latest FDK version. For more information, see https://developers.freshworks.com/docs/app-sdk/v2.3/freshdesk/migration-guide/#migrate-to-the-latest-platform-version."},"forced":{"version":"7.0.0","command":"npm install https://dl.freshdev.io/cli/fdk-7.0.0.tgz -g","message":"Your FDK version has been forced updated to v7.0.0, please visit https://community.developers.freshworks.com/t/fdk-v7-0-announcing-node-js-v12-and-es6-support/3606 to know more"},"latest":{"version":"10.1.2","command":"npm install https://cdn.freshdev.io/fdk/latest-v24.tgz -g","message":"You are on the latest FDK version. For information on the features available as part of this FDK version, see https://developers.freshworks.com/docs/?tab=modules."}},"addon":{"version":"2.2.7","url":"https://cdn.freshdev.io/assets/fdk/addons/addon.zip"}},"last_updated":{"time_stamp":1779285176837}}
2026-05-21 01:08:32.205 +0700 [debug] (coverage.js) INIT: About to merge initial coverage data with 1 files
2026-05-21 01:08:32.205 +0700 [debug] (coverage.js) INIT: After merge - Files in map: 1
2026-05-21 01:08:32.260 +0700 [debug] (index.js) Initializing AJV schemas from individual files
2026-05-21 01:08:32.260 +0700 [debug] (index.js) Compiling schemas...
2026-05-21 01:08:32.267 +0700 [debug] (index.js) All schemas compiled successfully
2026-05-21 01:08:32.448 +0700 [debug] (index.js) 'schema: ' [object Object]
2026-05-21 01:08:32.452 +0700 [debug] (index.js) 'schema: ' [object Object]
2026-05-21 01:08:32.453 +0700 [debug] (index.js) 'schema: ' [object Object]
2026-05-21 01:08:32.453 +0700 [debug] (index.js) 'schema: ' [object Object]
2026-05-21 01:08:32.454 +0700 [debug] (index.js) 'schema: ' [object Object]
2026-05-21 01:08:32.455 +0700 [debug] (index.js) 'schema: ' [object Object]
2026-05-21 01:08:32.455 +0700 [debug] (index.js) 'schema: ' [object Object]
2026-05-21 01:08:32.459 +0700 [debug] (index.js) 'schema: ' [object Object]
2026-05-21 01:08:32.459 +0700 [debug] (index.js) 'schema: ' [object Object]
2026-05-21 01:08:32.459 +0700 [debug] (index.js) 'schema: ' [object Object]
2026-05-21 01:08:32.462 +0700 [debug] (index.js) 'schema: ' [object Object]
2026-05-21 01:08:32.463 +0700 [debug] (index.js) 'schema: ' [object Object]
2026-05-21 01:08:32.464 +0700 [debug] (index.js) 'schema: ' [object Object]
2026-05-21 01:08:32.464 +0700 [debug] (index.js) 'schema: ' [object Object]
2026-05-21 01:08:32.465 +0700 [debug] (index.js) 'schema: ' [object Object]
2026-05-21 01:08:32.466 +0700 [debug] (index.js) 'schema: ' [object Object]
2026-05-21 01:08:32.467 +0700 [debug] (index.js) 'schema: ' [object Object]
2026-05-21 01:08:32.473 +0700 [debug] (index.js) 'schema: ' [object Object]
2026-05-21 01:08:33.059 +0700 [debug] (pack.js) 'pack' called with {"1":true}
2026-05-21 01:08:33.059 +0700 [debug] (validate.js) asked to skip the following validations, 
2026-05-21 01:08:33.059 +0700 [debug] (validate.js) running validator actions
2026-05-21 01:08:33.060 +0700 [debug] (validate.js) running validator requests
2026-05-21 01:08:33.060 +0700 [debug] (validate.js) running validator app-dir
2026-05-21 01:08:33.060 +0700 [debug] (validate.js) running validator config-dir
2026-05-21 01:08:33.060 +0700 [debug] (config-dir.js) Checking to see if /Users/kevin/freshdesk-app/config/ exists.
2026-05-21 01:08:33.060 +0700 [debug] (config-dir.js) Fetched the following config files iparams.json
2026-05-21 01:08:33.060 +0700 [debug] (validate.js) running validator custom-objects
2026-05-21 01:08:33.060 +0700 [debug] (validate.js) running validator event
2026-05-21 01:08:33.060 +0700 [debug] (validate.js) running validator iparam
2026-05-21 01:08:33.061 +0700 [debug] (validate.js) running validator lint
2026-05-21 01:08:33.061 +0700 [debug] (lint.js) passed fix flag: undefined
2026-05-21 01:08:33.062 +0700 [debug] (lint.js) Running the following lints on the file app/scripts/app.js : no-eval,no-alert,no-debugger,no-unreachable,no-duplicate-imports,constructor-super,for-direction,no-class-assign,no-new-native-nonconstructor,valid-typeof,no-eq-null,no-var,require-await,no-unreachable-loop,no-redeclare,no-self-assign,no-setter-return,no-shadow-restricted-names,no-this-before-super,no-unsafe-finally,no-unsafe-optional-chaining,no-unused-vars,no-useless-catch,eqeqeq,prefer-const,require-yield,no-global-assign,no-caller,no-process-env,complexity,max-nested-callbacks,handle-callback-err,getter-return,no-async-promise-executor,no-case-declarations,no-compare-neg-zero,no-cond-assign,no-const-assign,no-constant-condition,no-control-regex,no-delete-var,no-dupe-args,no-dupe-class-members,no-dupe-else-if,no-dupe-keys,no-duplicate-case,no-empty,no-empty-character-class,no-empty-pattern,no-ex-assign,no-extra-boolean-cast,no-extra-semi,no-fallthrough,no-func-assign,no-import-assign,no-inner-declarations,no-invalid-regexp,no-irregular-whitespace,no-loss-of-precision,no-misleading-character-class,no-mixed-spaces-and-tabs,no-nonoctal-decimal-escape,no-obj-calls,no-octal,no-prototype-builtins,no-regex-spaces,no-sparse-arrays,no-unexpected-multiline,no-unsafe-negation,no-unused-labels,no-useless-backreference,no-useless-escape,no-with,use-isnan,no-unpkg-cdn,no-proxy-requests,no-unhandled-promise,no-logging-rejections,no-non-client-request-model,no-deprecated-apis,no-cross-scope-assign,no-empty-function
2026-05-21 01:08:33.146 +0700 [debug] (validate.js) running validator manifest
2026-05-21 01:08:33.146 +0700 [debug] (validate.js) running validator manifest-dependency
2026-05-21 01:08:33.146 +0700 [debug] (validate.js) skipping validator manifest-scripts
2026-05-21 01:08:33.146 +0700 [debug] (validate.js) running validator oauth
2026-05-21 01:08:33.146 +0700 [debug] (validate.js) skipping validator pkgsize
2026-05-21 01:08:33.146 +0700 [debug] (validate.js) skipping validator schema
2026-05-21 01:08:33.146 +0700 [debug] (validate.js) running validator version-check
2026-05-21 01:08:33.146 +0700 [debug] (validate.js) running validator app-settings
2026-05-21 01:08:33.149 +0700 [warn] Please ensure that the following are addressed for quick review process:
2026-05-21 01:08:33.149 +0700 [warn] [33m⚠[39m app/scripts/app.js::226: Use client.request when making API requests
2026-05-21 01:08:33.149 +0700 [warn] 
2026-05-21 01:08:33.149 +0700 [info] App being packed in Node v24.11.1 using FDK 10.1.2
2026-05-21 01:08:33.156 +0700 [debug] (report.js) Generating hash for report.json file
2026-05-21 01:08:33.157 +0700 [debug] (data.js) Read {"freshd_101_101_migrate_oauth_status":true,"report_hash":"43f9b71a04a17e59688ad9cf2b172b167697ee4d088d59549bb9665c6d01ce37"}
2026-05-21 01:08:33.157 +0700 [debug] (report.js) Comparing the stored hash with report.json file hash
2026-05-21 01:08:33.157 +0700 [info] 
Code coverage has been skipped. Skipping code coverage may result in your app being rejected by the Freshworks Marketplace. Ensure at least 80% coverage before final submission.

2026-05-21 01:08:33.164 +0700 [debug] (pack.js) Cannot find './visitor-app' directory while packing.
2026-05-21 01:08:33.164 +0700 [debug] (pack.js) Cannot find './src' directory while packing.
2026-05-21 01:08:33.164 +0700 [debug] (pack.js) Cannot find './server' directory while packing.
2026-05-21 01:08:33.165 +0700 [debug] (file.js) Computing digest for app/index.html,app/scripts/app.js,app/styles/images/b3-logo.svg,app/styles/images/icon.svg,app/styles/style.css,manifest.json.
2026-05-21 01:08:33.166 +0700 [debug] (pack.js) Packing ./app/index.html
2026-05-21 01:08:33.168 +0700 [debug] (pack.js) Packing ./app/scripts/app.js
2026-05-21 01:08:33.169 +0700 [debug] (pack.js) Packing ./app/styles/images/b3-logo.svg
2026-05-21 01:08:33.169 +0700 [debug] (pack.js) Packing ./app/styles/images/icon.svg
2026-05-21 01:08:33.169 +0700 [debug] (pack.js) Packing ./app/styles/style.css
2026-05-21 01:08:33.169 +0700 [debug] (pack.js) Packing ./config/iparams.json
2026-05-21 01:08:33.169 +0700 [debug] (pack.js) Packing ./manifest.json
2026-05-21 01:08:33.169 +0700 [debug] (pack.js) Packing ./.report.json
2026-05-21 01:08:33.169 +0700 [debug] (pack.js) Packing ./README.md
2026-05-21 01:08:33.169 +0700 [debug] (pack.js) Packing ./package.json
2026-05-21 01:08:33.169 +0700 [debug] (pack.js) Packing ./vitest.config.js
2026-05-21 01:08:33.170 +0700 [debug] (pack.js) Packing ./tests/app.test.js
2026-05-21 01:08:33.170 +0700 [debug] (pack.js) Packing ./digest.md5
2026-05-21 01:08:33.182 +0700 [debug] (validate.js) asked to skip the following validations, 
2026-05-21 01:08:33.182 +0700 [debug] (validate.js) skipping validator actions
2026-05-21 01:08:33.182 +0700 [debug] (validate.js) skipping validator requests
2026-05-21 01:08:33.182 +0700 [debug] (validate.js) skipping validator app-dir
2026-05-21 01:08:33.182 +0700 [debug] (validate.js) skipping validator config-dir
2026-05-21 01:08:33.182 +0700 [debug] (validate.js) skipping validator custom-objects
2026-05-21 01:08:33.182 +0700 [debug] (validate.js) skipping validator event
2026-05-21 01:08:33.182 +0700 [debug] (validate.js) skipping validator iparam
2026-05-21 01:08:33.182 +0700 [debug] (validate.js) skipping validator lint
2026-05-21 01:08:33.182 +0700 [debug] (validate.js) skipping validator manifest
2026-05-21 01:08:33.182 +0700 [debug] (validate.js) skipping validator manifest-dependency
2026-05-21 01:08:33.182 +0700 [debug] (validate.js) skipping validator manifest-scripts
2026-05-21 01:08:33.182 +0700 [debug] (validate.js) skipping validator oauth
2026-05-21 01:08:33.182 +0700 [debug] (validate.js) running validator pkgsize
2026-05-21 01:08:33.182 +0700 [debug] (validate.js) skipping validator schema
2026-05-21 01:08:33.182 +0700 [debug] (validate.js) skipping validator version-check
2026-05-21 01:08:33.182 +0700 [debug] (validate.js) skipping validator app-settings
2026-05-21 01:08:33.182 +0700 [info] App packed successfully at /dist/freshdesk-app.zip
2026-05-21 01:08:33.182 +0700 [info] Upload this file to the marketplace by following the instructions at https://developers.freshworks.com/docs/app-sdk/v3.0/common/app-submission-process/
2026-05-21 01:08:33.182 +0700 [debug] (file.js) Deleting digest.
2026-05-21 01:08:33.190 +0700 [debug] (report.js) Generating hash for report.json file
